,CSP_No,Common_Name,Genus,Species,Total Length (cm),Total Weight (g),Sex_Code,Maturity_Code,Composite_Count,Collection_Date,Collection_Year,Waterbody,Basin/Site,Latitude,Longitude,Province/State,Tissue_Code,Parameter_Code,Value,Value_Flag,Rep,Measurement_Date,Parameter_Group,Master_Parameter_Name,Parameter_name,Unit_Code,LOD,MDL - typical,Laboratory,Method_Code
0,56773,Brook Trout,Salvelinus,fontinalis,22.0,101.8,M,ADS,1.0,2010-09-11,2010,Kejimkujik Lake,Kejimkujik Lake Basin,44.361306,-65.230333,NS,RWHA,Total_MCCP,3.86366,,1,,Chlorinated Alkane,Medium Chain Chlorinated Paraffins (C14-17) Total,Total Medium Chain Chlorinated Paraffins (C14-17),NG/G wet,0.345,,EC-Basconcillo,
1,56773,Brook Trout,Salvelinus,fontinalis,22.0,101.8,M,ADS,1.0,2010-09-11,2010,Kejimkujik Lake,Kejimkujik Lake Basin,44.361306,-65.230333,NS,RWHA,Total_SCCP,6.22863,,1,,Chlorinated Alkane,Short Chain Chlorinated Alkanes (C10-13) Total,Total Short Chain Chlorinated Alkanes (C10-13),NG/G wet,0.009,,EC-Basconcillo,
2,56774,Brook Trout,Salvelinus,fontinalis,26.8,178.7,M,ADS,1.0,2010-09-11,2010,Kejimkujik Lake,Kejimkujik Lake Basin,44.361306,-65.230333,NS,RWHA,Total_MCCP,2.59354,,1,,Chlorinated Alkane,Medium Chain Chlorinated Paraffins (C14-17) Total,Total Medium Chain Chlorinated Paraffins (C14-17),NG/G wet,0.345,,EC-Basconcillo,
3,56774,Brook Trout,Salvelinus,fontinalis,26.8,178.7,M,ADS,1.0,2010-09-11,2010,Kejimkujik Lake,Kejimkujik Lake Basin,44.361306,-65.230333,NS,RWHA,Total_SCCP,2.02944,,1,,Chlorinated Alkane,Short Chain Chlorinated Alkanes (C10-13) Total,Total Short Chain Chlorinated Alkanes (C10-13),NG/G wet,0.009,,EC-Basconcillo,
4,56776,Brook Trout,Salvelinus,fontinalis,27.7,182.8,F,ADS,1.0,2010-09-11,2010,Kejimkujik Lake,Kejimkujik Lake Basin,44.361306,-65.230333,NS,RWHA,Total_SCCP,1.37845,,1,,Chlorinated Alkane,Short Chain Chlorinated Alkanes (C10-13) Total,Total Short Chain Chlorinated Alkanes (C10-13),NG/G wet,0.009,,EC-Basconcillo,
5,56777,Brook Trout,Salvelinus,fontinalis,26.5,167.6,F,ADS,1.0,2010-09-11,2010,Kejimkujik Lake,Kejimkujik Lake Basin,44.361306,-65.230333,NS,RWHA,Total_MCCP,1.87329,,1,,Chlorinated Alkane,Medium Chain Chlorinated Paraffins (C14-17) Total,Total Medium Chain Chlorinated Paraffins (C14-17),NG/G wet,0.345,,EC-Basconcillo,
6,56777,Brook Trout,Salvelinus,fontinalis,26.5,167.6,F,ADS,1.0,2010-09-11,2010,Kejimkujik Lake,Kejimkujik Lake Basin,44.361306,-65.230333,NS,RWHA,Total_SCCP,9.30065,,1,,Chlorinated Alkane,Short Chain Chlorinated Alkanes (C10-13) Total,Total Short Chain Chlorinated Alkanes (C10-13),NG/G wet,0.009,,EC-Basconcillo,
7,56779,Brook Trout,Salvelinus,fontinalis,26.8,203.8,F,ADS,1.0,2010-09-11,2010,Kejimkujik Lake,Kejimkujik Lake Basin,44.320078,-65.190325,NS,RWHA,Total_MCCP,8.83859,,1,,Chlorinated Alkane,Medium Chain Chlorinated Paraffins (C14-17) Total,Total Medium Chain Chlorinated Paraffins (C14-17),NG/G wet,0.345,,EC-Basconcillo,
8,56779,Brook Trout,Salvelinus,fontinalis,26.8,203.8,F,ADS,1.0,2010-09-11,2010,Kejimkujik Lake,Kejimkujik Lake Basin,44.320078,-65.190325,NS,RWHA,Total_SCCP,17.83275,,1,,Chlorinated Alkane,Short Chain Chlorinated Alkanes (C10-13) Total,Total Short Chain Chlorinated Alkanes (C10-13),NG/G wet,0.009,,EC-Basconcillo,
9,56780,Brook Trout,Salvelinus,fontinalis,29.7,247.2,M,ADS,1.0,2010-09-11,2010,Kejimkujik Lake,Kejimkujik Lake Basin,44.320078,-65.190325,NS,RWHA,Total_MCCP,14.06205,,1,,Chlorinated Alkane,Medium Chain Chlorinated Paraffins (C14-17) Total,Total Medium Chain Chlorinated Paraffins (C14-17),NG/G wet,0.345,,EC-Basconcillo,
10,56780,Brook Trout,Salvelinus,fontinalis,29.7,247.2,M,ADS,1.0,2010-09-11,2010,Kejimkujik Lake,Kejimkujik Lake Basin,44.320078,-65.190325,NS,RWHA,Total_SCCP,27.80871,,1,,Chlorinated Alkane,Short Chain Chlorinated Alkanes (C10-13) Total,Total Short Chain Chlorinated Alkanes (C10-13),NG/G wet,0.009,,EC-Basconcillo,
11,56781,Brook Trout,Salvelinus,fontinalis,32.4,318.1,F,ADS,1.0,2010-09-11,2010,Kejimkujik Lake,Kejimkujik Lake Basin,44.320078,-65.190325,NS,RWHA,Total_MCCP,1.67194,,1,,Chlorinated Alkane,Medium Chain Chlorinated Paraffins (C14-17) Total,Total Medium Chain Chlorinated Paraffins (C14-17),NG/G wet,0.345,,EC-Basconcillo,
12,56781,Brook Trout,Salvelinus,fontinalis,32.4,318.1,F,ADS,1.0,2010-09-11,2010,Kejimkujik Lake,Kejimkujik Lake Basin,44.320078,-65.190325,NS,RWHA,Total_SCCP,10.6405,,1,,Chlorinated Alkane,Short Chain Chlorinated Alkanes (C10-13) Total,Total Short Chain Chlorinated Alkanes (C10-13),NG/G wet,0.009,,EC-Basconcillo,
13,56782,Brook Trout,Salvelinus,fontinalis,27.8,231.1,F,ADS,1.0,2010-09-11,2010,Kejimkujik Lake,Kejimkujik Lake Basin,44.361306,-65.230333,NS,RWHA,Total_MCCP,1.25647,,1,,Chlorinated Alkane,Medium Chain Chlorinated Paraffins (C14-17) Total,Total Medium Chain Chlorinated Paraffins (C14-17),NG/G wet,0.345,,EC-Basconcillo,
14,56782,Brook Trout,Salvelinus,fontinalis,27.8,231.1,F,ADS,1.0,2010-09-11,2010,Kejimkujik Lake,Kejimkujik Lake Basin,44.361306,-65.230333,NS,RWHA,Total_SCCP,4.47392,,1,,Chlorinated Alkane,Short Chain Chlorinated Alkanes (C10-13) Total,Total Short Chain Chlorinated Alkanes (C10-13),NG/G wet,0.009,,EC-Basconcillo,
15,56784,Brook Trout,Salvelinus,fontinalis,30.0,319.0,F,ADS,1.0,2010-09-11,2010,Kejimkujik Lake,Kejimkujik Lake Basin,44.361306,-65.230333,NS,RWHA,Total_MCCP,7.29947,,1,,Chlorinated Alkane,Medium Chain Chlorinated Paraffins (C14-17) Total,Total Medium Chain Chlorinated Paraffins (C14-17),NG/G wet,0.345,,EC-Basconcillo,
16,56784,Brook Trout,Salvelinus,fontinalis,30.0,319.0,F,ADS,1.0,2010-09-11,2010,Kejimkujik Lake,Kejimkujik Lake Basin,44.361306,-65.230333,NS,RWHA,Total_SCCP,10.5298,,1,,Chlorinated Alkane,Short Chain Chlorinated Alkanes (C10-13) Total,Total Short Chain Chlorinated Alkanes (C10-13),NG/G wet,0.009,,EC-Basconcillo,
17,56785,Brook Trout,Salvelinus,fontinalis,33.0,405.8,F,ADS,1.0,2010-09-11,2010,Kejimkujik Lake,Kejimkujik Lake Basin,44.361306,-65.230333,NS,RWHA,Total_SCCP,16.57913,,1,,Chlorinated Alkane,Short Chain Chlorinated Alkanes (C10-13) Total,Total Short Chain Chlorinated Alkanes (C10-13),NG/G wet,0.009,,EC-Basconcillo,
18,60799,Brook Trout,Salvelinus,fontinalis,39.0,591.0,F,ADS,1.0,2013-09-30,2013,Kejimkujik Lake,Kejimkujik Lake Basin,44.40583,-65.22583,NS,WHA,"13C10-1,5,5,6,6,10-hexachlorodecane",94.6,,1,2018-04-03,Chlorinated Alkane,"13C10-1,5,5,6,6,10-hexachlorodecane","13C10-1,5,5,6,6,10-hexachlorodecane",PCT,,,NLET,B_ChlorinatedAlkanes_ISO
19,60799,Brook Trout,Salvelinus,fontinalis,39.0,591.0,F,ADS,1.0,2013-09-30,2013,Kejimkujik Lake,Kejimkujik Lake Basin,44.40583,-65.22583,NS,WHA,"Chlorinated Alkanes, SC (C10-C13), Total",5.0,BDL,1,2018-04-03,Chlorinated Alkane,Short Chain Chlorinated Alkanes (C10-13) Total,Total Short Chain Chlorinated Alkanes (C10-13),NG/G wet,5.0,,NLET,B_ChlorinatedAlkanes_ISO
20,60800,Brook Trout,Salvelinus,fontinalis,32.0,235.0,F,ADS,1.0,2013-09-30,2013,Kejimkujik Lake,Kejimkujik Lake Basin,44.40583,-65.22583,NS,WHA,"13C10-1,5,5,6,6,10-hexachlorodecane",79.7,,1,2018-02-06,Chlorinated Alkane,"13C10-1,5,5,6,6,10-hexachlorodecane","13C10-1,5,5,6,6,10-hexachlorodecane",PCT,,,NLET,B_ChlorinatedAlkanes_ISO
21,60800,Brook Trout,Salvelinus,fontinalis,32.0,235.0,F,ADS,1.0,2013-09-30,2013,Kejimkujik Lake,Kejimkujik Lake Basin,44.40583,-65.22583,NS,WHA,"Chlorinated Alkanes, SC (C10-C13), Total",5.0,BDL,1,2018-02-06,Chlorinated Alkane,Short Chain Chlorinated Alkanes (C10-13) Total,Total Short Chain Chlorinated Alkanes (C10-13),NG/G wet,5.0,,NLET,B_ChlorinatedAlkanes_ISO
22,60801,Brook Trout,Salvelinus,fontinalis,29.0,211.6,M,ADS,1.0,2013-09-30,2013,Kejimkujik Lake,Kejimkujik Lake Basin,44.40583,-65.22583,NS,WHA,"13C10-1,5,5,6,6,10-hexachlorodecane      ",145.0,,1,2018-09-12,Chlorinated Alkane,"13C10-1,5,5,6,6,10-hexachlorodecane","13C10-1,5,5,6,6,10-hexachlorodecane",PCT,,,NLET,B_ChlorinatedAlkanes_ISO
23,60801,Brook Trout,Salvelinus,fontinalis,29.0,211.6,M,ADS,1.0,2013-09-30,2013,Kejimkujik Lake,Kejimkujik Lake Basin,44.40583,-65.22583,NS,WHA,"Chlorinated Alkanes, SC (C10-C13), Total ",19.9,,1,2018-09-12,Chlorinated Alkane,Short Chain Chlorinated Alkanes (C10-13) Total,Total Short Chain Chlorinated Alkanes (C10-13),NG/G wet,5.0,,NLET,B_ChlorinatedAlkanes_ISO
24,60802,Brook Trout,Salvelinus,fontinalis,27.0,153.3,M,IMM,1.0,2013-09-30,2013,Kejimkujik Lake,Kejimkujik Lake Basin,44.40583,-65.22583,NS,WHA,"13C10-1,5,5,6,6,10-hexachlorodecane      ",112.0,,1,2018-09-12,Chlorinated Alkane,"13C10-1,5,5,6,6,10-hexachlorodecane","13C10-1,5,5,6,6,10-hexachlorodecane",PCT,,,NLET,B_ChlorinatedAlkanes_ISO
25,60802,Brook Trout,Salvelinus,fontinalis,27.0,153.3,M,IMM,1.0,2013-09-30,2013,Kejimkujik Lake,Kejimkujik Lake Basin,44.40583,-65.22583,NS,WHA,"Chlorinated Alkanes, SC (C10-C13), Total ",5.0,BDL,1,2018-09-12,Chlorinated Alkane,Short Chain Chlorinated Alkanes (C10-13) Total,Total Short Chain Chlorinated Alkanes (C10-13),NG/G wet,5.0,,NLET,B_ChlorinatedAlkanes_ISO
26,60803,Brook Trout,Salvelinus,fontinalis,24.5,130.8,F,,2.0,2013-09-30,2013,Kejimkujik Lake,Kejimkujik Lake Basin,44.40583,-65.22583,NS,WHA,"13C10-1,5,5,6,6,10-hexachlorodecane      ",92.4,,1,2018-09-12,Chlorinated Alkane,"13C10-1,5,5,6,6,10-hexachlorodecane","13C10-1,5,5,6,6,10-hexachlorodecane",PCT,,,NLET,B_ChlorinatedAlkanes_ISO
27,60803,Brook Trout,Salvelinus,fontinalis,24.5,130.8,F,,2.0,2013-09-30,2013,Kejimkujik Lake,Kejimkujik Lake Basin,44.40583,-65.22583,NS,WHA,"Chlorinated Alkanes, SC (C10-C13), Total ",5.0,BDL,1,2018-09-12,Chlorinated Alkane,Short Chain Chlorinated Alkanes (C10-13) Total,Total Short Chain Chlorinated Alkanes (C10-13),NG/G wet,5.0,,NLET,B_ChlorinatedAlkanes_ISO
28,60804,Brook Trout,Salvelinus,fontinalis,21.8,90.1,,,3.0,2013-09-30,2013,Kejimkujik Lake,Kejimkujik Lake Basin,44.40583,-65.22583,NS,WHA,"13C10-1,5,5,6,6,10-hexachlorodecane      ",109.0,,1,2018-09-12,Chlorinated Alkane,"13C10-1,5,5,6,6,10-hexachlorodecane","13C10-1,5,5,6,6,10-hexachlorodecane",PCT,,,NLET,B_ChlorinatedAlkanes_ISO
29,60804,Brook Trout,Salvelinus,fontinalis,21.8,90.1,,,3.0,2013-09-30,2013,Kejimkujik Lake,Kejimkujik Lake Basin,44.40583,-65.22583,NS,WHA,"Chlorinated Alkanes, SC (C10-C13), Total ",5.0,BDL,1,2018-09-12,Chlorinated Alkane,Short Chain Chlorinated Alkanes (C10-13) Total,Total Short Chain Chlorinated Alkanes (C10-13),NG/G wet,5.0,,NLET,B_ChlorinatedAlkanes_ISO
30,60805,Brook Trout,Salvelinus,fontinalis,17.0,54.3,,,3.0,2013-09-30,2013,Kejimkujik Lake,Kejimkujik Lake Basin,44.40583,-65.22583,NS,WHA,"13C10-1,5,5,6,6,10-hexachlorodecane      ",98.5,,1,2018-09-12,Chlorinated Alkane,"13C10-1,5,5,6,6,10-hexachlorodecane","13C10-1,5,5,6,6,10-hexachlorodecane",PCT,,,NLET,B_ChlorinatedAlkanes_ISO
31,60805,Brook Trout,Salvelinus,fontinalis,17.0,54.3,,,3.0,2013-09-30,2013,Kejimkujik Lake,Kejimkujik Lake Basin,44.40583,-65.22583,NS,WHA,"Chlorinated Alkanes, SC (C10-C13), Total ",17.5,,1,2018-09-12,Chlorinated Alkane,Short Chain Chlorinated Alkanes (C10-13) Total,Total Short Chain Chlorinated Alkanes (C10-13),NG/G wet,5.0,,NLET,B_ChlorinatedAlkanes_ISO
32,2319,Lake Trout,Salvelinus,namaycush,56.2,2150.0,M,ADS,1.0,1979-07-25,1979,Lake Ontario,Eastern Basin L Ontario,44.08333333,-76.66666667,ON,WHA,Sum_SCCP,262.94961,,1,,Chlorinated Alkane,Short Chain Chlorinated Alkanes (C10-13) Total,Total Short Chain Chlorinated Paraffins,NG/G,,,Freshwater Institute,
33,2323,Lake Trout,Salvelinus,namaycush,58.8,1983.0,F,ADS,1.0,1979-07-25,1979,Lake Ontario,Eastern Basin L Ontario,44.08333333,-76.66666667,ON,WHA,Sum_SCCP,37.716,,1,,Chlorinated Alkane,Short Chain Chlorinated Alkanes (C10-13) Total,Total Short Chain Chlorinated Paraffins,NG/G,,,Freshwater Institute,
34,2482,Lake Trout,Salvelinus,namaycush,55.5,2602.0,F,ADS,1.0,1979-08-01,1979,Lake Ontario,Eastern Basin L Ontario,43.83333333,-76.83333333,ON,WHA,Sum_SCCP,41.6697,,1,,Chlorinated Alkane,Short Chain Chlorinated Alkanes (C10-13) Total,Total Short Chain Chlorinated Paraffins,NG/G,,,Freshwater Institute,
35,2497,Lake Trout,Salvelinus,namaycush,63.2,2836.0,F,ADS,1.0,1979-08-01,1979,Lake Ontario,Eastern Basin L Ontario,43.83333333,-76.83333333,ON,WHA,Sum_SCCP,79.71821,,1,,Chlorinated Alkane,Short Chain Chlorinated Alkanes (C10-13) Total,Total Short Chain Chlorinated Paraffins,NG/G,,,Freshwater Institute,
36,4996,Lake Trout,Salvelinus,namaycush,56.0,2158.4,M,ADS,1.0,1983-07-12,1983,Lake Ontario,Eastern Basin L Ontario,44.08333333,-76.66666667,ON,WHA,Sum_SCCP,63.57794,,1,,Chlorinated Alkane,Short Chain Chlorinated Alkanes (C10-13) Total,Total Short Chain Chlorinated Paraffins,NG/G,,,Freshwater Institute,
37,4997,Lake Trout,Salvelinus,namaycush,56.5,1853.0,M,ADS,1.0,1983-07-12,1983,Lake Ontario,Eastern Basin L Ontario,44.08333333,-76.66666667,ON,WHA,Sum_SCCP,157.46604,,1,,Chlorinated Alkane,Short Chain Chlorinated Alkanes (C10-13) Total,Total Short Chain Chlorinated Paraffins,NG/G,,,Freshwater Institute,
38,5011,Lake Trout,Salvelinus,namaycush,57.5,2157.8,M,ADS,1.0,1983-07-12,1983,Lake Ontario,Eastern Basin L Ontario,44.08333333,-76.66666667,ON,WHA,Sum_SCCP,59.15955,,1,,Chlorinated Alkane,Short Chain Chlorinated Alkanes (C10-13) Total,Total Short Chain Chlorinated Paraffins,NG/G,,,Freshwater Institute,
39,5012,Lake Trout,Salvelinus,namaycush,65.0,2171.9,M,ADS,1.0,1983-07-12,1983,Lake Ontario,Eastern Basin L Ontario,44.08333333,-76.66666667,ON,WHA,Sum_SCCP,62.95276,,1,,Chlorinated Alkane,Short Chain Chlorinated Alkanes (C10-13) Total,Total Short Chain Chlorinated Paraffins,NG/G,,,Freshwater Institute,
40,5013,Lake Trout,Salvelinus,namaycush,59.0,2058.4,F,ADS,1.0,1983-07-12,1983,Lake Ontario,Eastern Basin L Ontario,44.08333333,-76.66666667,ON,WHA,Sum_SCCP,114.25111,,1,,Chlorinated Alkane,Short Chain Chlorinated Alkanes (C10-13) Total,Total Short Chain Chlorinated Paraffins,NG/G,,,Freshwater Institute,
41,8609,Lake Trout,Salvelinus,namaycush,57.5,2294.8,F,ADS,1.0,1988-08-31,1988,Lake Ontario,Eastern Basin L Ontario,44.08333333,-76.66666667,ON,WHA,Sum_SCCP,63.93173,,1,,Chlorinated Alkane,Short Chain Chlorinated Alkanes (C10-13) Total,Total Short Chain Chlorinated Paraffins,NG/G,,,Freshwater Institute,
42,8629,Lake Trout,Salvelinus,namaycush,58.5,2015.9,M,ADS,1.0,1988-09-01,1988,Lake Ontario,Eastern Basin L Ontario,44.08333333,-76.66666667,ON,WHA,Sum_SCCP,32.92636,,1,,Chlorinated Alkane,Short Chain Chlorinated Alkanes (C10-13) Total,Total Short Chain Chlorinated Paraffins,NG/G,,,Freshwater Institute,
43,8635,Lake Trout,Salvelinus,namaycush,56.0,2039.0,M,ADS,1.0,1988-09-01,1988,Lake Ontario,Eastern Basin L Ontario,44.08333333,-76.66666667,ON,WHA,Sum_SCCP,169.12277,,1,,Chlorinated Alkane,Short Chain Chlorinated Alkanes (C10-13) Total,Total Short Chain Chlorinated Paraffins,NG/G,,,Freshwater Institute,
44,8649,Lake Trout,Salvelinus,namaycush,58.0,2082.7,M,ADS,1.0,1988-08-31,1988,Lake Ontario,Eastern Basin L Ontario,44.08333333,-76.66666667,ON,WHA,Sum_SCCP,67.15028,,1,,Chlorinated Alkane,Short Chain Chlorinated Alkanes (C10-13) Total,Total Short Chain Chlorinated Paraffins,NG/G,,,Freshwater Institute,
45,8652,Lake Trout,Salvelinus,namaycush,59.5,2401.1,M,ADS,1.0,1988-08-31,1988,Lake Ontario,Eastern Basin L Ontario,44.08333333,-76.66666667,ON,WHA,Sum_SCCP,103.0269,,1,,Chlorinated Alkane,Short Chain Chlorinated Alkanes (C10-13) Total,Total Short Chain Chlorinated Paraffins,NG/G,,,Freshwater Institute,
46,12026,Lake Trout,Salvelinus,namaycush,59.0,2246.0,M,ADS,1.0,1993-07-08,1993,Lake Ontario,Eastern Basin L Ontario,44.08333333,-76.66666667,ON,WHA,Sum_SCCP,442.49965,,1,,Chlorinated Alkane,Short Chain Chlorinated Alkanes (C10-13) Total,Total Short Chain Chlorinated Paraffins,NG/G,,,Freshwater Institute,
47,12029,Lake Trout,Salvelinus,namaycush,58.0,2301.0,M,ADS,1.0,1993-07-08,1993,Lake Ontario,Eastern Basin L Ontario,44.08333333,-76.66666667,ON,WHA,Sum_SCCP,95.00732,,1,,Chlorinated Alkane,Short Chain Chlorinated Alkanes (C10-13) Total,Total Short Chain Chlorinated Paraffins,NG/G,,,Freshwater Institute,
48,12037,Lake Trout,Salvelinus,namaycush,59.0,2590.0,M,ADS,1.0,1993-07-08,1993,Lake Ontario,Eastern Basin L Ontario,44.08333333,-76.66666667,ON,WHA,Sum_SCCP,66.12889,,1,,Chlorinated Alkane,Short Chain Chlorinated Alkanes (C10-13) Total,Total Short Chain Chlorinated Paraffins,NG/G,,,Freshwater Institute,
49,12044,Lake Trout,Salvelinus,namaycush,58.0,2538.0,M,ADS,1.0,1993-07-08,1993,Lake Ontario,Eastern Basin L Ontario,44.08333333,-76.66666667,ON,WHA,Sum_SCCP,10.53532,,1,,Chlorinated Alkane,Short Chain Chlorinated Alkanes (C10-13) Total,Total Short Chain Chlorinated Paraffins,NG/G,,,Freshwater Institute,
50,12050,Lake Trout,Salvelinus,namaycush,67.0,3053.0,M,ADS,1.0,1993-07-08,1993,Lake Ontario,Eastern Basin L Ontario,44.08333333,-76.66666667,ON,WHA,Sum_SCCP,44.1,,1,,Chlorinated Alkane,Short Chain Chlorinated Alkanes (C10-13) Total,Total Short Chain Chlorinated Paraffins,NG/G,,,Freshwater Institute,
51,15593,Lake Trout,Salvelinus,namaycush,58.0,1919.4,M,ADS,1.0,1998-09-10,1998,Lake Ontario,Eastern Basin L Ontario,44.08333333,-76.66666667,ON,WHA,Sum_SCCP,21.94772,,1,,Chlorinated Alkane,Short Chain Chlorinated Alkanes (C10-13) Total,Total Short Chain Chlorinated Paraffins,NG/G,,,Freshwater Institute,
52,15594,Lake Trout,Salvelinus,namaycush,59.0,2040.7,M,ADS,1.0,1998-09-10,1998,Lake Ontario,Eastern Basin L Ontario,44.08333333,-76.66666667,ON,WHA,Sum_SCCP,38.65944,,1,,Chlorinated Alkane,Short Chain Chlorinated Alkanes (C10-13) Total,Total Short Chain Chlorinated Paraffins,NG/G,,,Freshwater Institute,
53,15607,Lake Trout,Salvelinus,namaycush,56.0,2139.3,M,ADS,1.0,1998-09-10,1998,Lake Ontario,Eastern Basin L Ontario,44.08333333,-76.66666667,ON,WHA,Sum_SCCP,106.65161,,1,,Chlorinated Alkane,Short Chain Chlorinated Alkanes (C10-13) Total,Total Short Chain Chlorinated Paraffins,NG/G,,,Freshwater Institute,
54,15626,Lake Trout,Salvelinus,namaycush,58.0,1813.0,M,ADS,1.0,1998-09-10,1998,Lake Ontario,Eastern Basin L Ontario,44.08333333,-76.66666667,ON,WHA,Sum_SCCP,22.23196,,1,,Chlorinated Alkane,Short Chain Chlorinated Alkanes (C10-13) Total,Total Short Chain Chlorinated Paraffins,NG/G,,,Freshwater Institute,
55,15627,Lake Trout,Salvelinus,namaycush,58.0,2058.2,M,ADS,1.0,1998-09-10,1998,Lake Ontario,Eastern Basin L Ontario,44.08333333,-76.66666667,ON,WHA,Sum_SCCP,758.21311,,1,,Chlorinated Alkane,Short Chain Chlorinated Alkanes (C10-13) Total,Total Short Chain Chlorinated Paraffins,NG/G,,,Freshwater Institute,
56,50422,Lake Trout,Salvelinus,namaycush,69.9,4697.4,F,ADS,1.0,2004-09-22,2004,Lake Ontario,Eastern Basin L Ontario,44.08333333,-76.66666667,ON,WHA,Sum_SCCP,16.18685,,1,,Chlorinated Alkane,Short Chain Chlorinated Alkanes (C10-13) Total,Total Short Chain Chlorinated Paraffins,NG/G,,,Freshwater Institute,
57,50434,Lake Trout,Salvelinus,namaycush,66.1,3463.9,M,ADS,1.0,2004-09-22,2004,Lake Ontario,Eastern Basin L Ontario,44.08333333,-76.66666667,ON,WHA,Sum_SCCP,12.10697,,1,,Chlorinated Alkane,Short Chain Chlorinated Alkanes (C10-13) Total,Total Short Chain Chlorinated Paraffins,NG/G,,,Freshwater Institute,
58,50435,Lake Trout,Salvelinus,namaycush,59.6,2701.1,M,ADS,1.0,2004-09-22,2004,Lake Ontario,Eastern Basin L Ontario,44.08333333,-76.66666667,ON,WHA,Sum_SCCP,26.27656,,1,,Chlorinated Alkane,Short Chain Chlorinated Alkanes (C10-13) Total,Total Short Chain Chlorinated Paraffins,NG/G,,,Freshwater Institute,
59,50436,Lake Trout,Salvelinus,namaycush,63.1,2793.3,M,ADS,1.0,2004-09-22,2004,Lake Ontario,Eastern Basin L Ontario,44.08333333,-76.66666667,ON,WHA,Sum_SCCP,8.55478,,1,,Chlorinated Alkane,Short Chain Chlorinated Alkanes (C10-13) Total,Total Short Chain Chlorinated Paraffins,NG/G,,,Freshwater Institute,
60,50437,Lake Trout,Salvelinus,namaycush,61.0,3254.4,F,ADS,1.0,2004-09-22,2004,Lake Ontario,Eastern Basin L Ontario,44.08333333,-76.66666667,ON,WHA,Sum_SCCP,23.52152,,1,,Chlorinated Alkane,Short Chain Chlorinated Alkanes (C10-13) Total,Total Short Chain Chlorinated Paraffins,NG/G,,,Freshwater Institute,
61,58036,Lake Trout,Salvelinus,namaycush,57.0,2357.7,F,ADS,1.0,2011-07-11,2011,Lake Superior,Thunder Bay L Superior,48.25,-89.0,ON,WHA,Total_MCCP,4.9564,,1,,Chlorinated Alkane,Medium Chain Chlorinated Paraffins (C14-17) Total,Total Medium Chain Chlorinated Paraffins (C14-17),NG/G wet,0.345,,EC-Basconcillo,
62,58036,Lake Trout,Salvelinus,namaycush,57.0,2357.7,F,ADS,1.0,2011-07-11,2011,Lake Superior,Thunder Bay L Superior,48.25,-89.0,ON,WHA,Total_SCCP,10.03894,,1,,Chlorinated Alkane,Short Chain Chlorinated Alkanes (C10-13) Total,Total Short Chain Chlorinated Alkanes (C10-13),NG/G wet,0.009,,EC-Basconcillo,
63,58037,Lake Trout,Salvelinus,namaycush,57.3,2046.6,F,ADS,1.0,2011-07-11,2011,Lake Superior,Thunder Bay L Superior,48.25,-89.0,ON,WHA,Total_MCCP,2.53353,,1,,Chlorinated Alkane,Medium Chain Chlorinated Paraffins (C14-17) Total,Total Medium Chain Chlorinated Paraffins (C14-17),NG/G wet,0.345,,EC-Basconcillo,
64,58037,Lake Trout,Salvelinus,namaycush,57.3,2046.6,F,ADS,1.0,2011-07-11,2011,Lake Superior,Thunder Bay L Superior,48.25,-89.0,ON,WHA,Total_SCCP,2.55468,,1,,Chlorinated Alkane,Short Chain Chlorinated Alkanes (C10-13) Total,Total Short Chain Chlorinated Alkanes (C10-13),NG/G wet,0.009,,EC-Basconcillo,
65,58038,Lake Trout,Salvelinus,namaycush,49.3,1298.4,F,ADS,1.0,2011-07-11,2011,Lake Superior,Thunder Bay L Superior,48.25,-89.0,ON,WHA,Total_MCCP,4.41141,,1,,Chlorinated Alkane,Medium Chain Chlorinated Paraffins (C14-17) Total,Total Medium Chain Chlorinated Paraffins (C14-17),NG/G wet,0.345,,EC-Basconcillo,
66,58038,Lake Trout,Salvelinus,namaycush,49.3,1298.4,F,ADS,1.0,2011-07-11,2011,Lake Superior,Thunder Bay L Superior,48.25,-89.0,ON,WHA,Total_SCCP,2.44364,,1,,Chlorinated Alkane,Short Chain Chlorinated Alkanes (C10-13) Total,Total Short Chain Chlorinated Alkanes (C10-13),NG/G wet,0.009,,EC-Basconcillo,
67,58039,Lake Trout,Salvelinus,namaycush,55.5,1589.0,F,ADS,1.0,2011-07-11,2011,Lake Superior,Thunder Bay L Superior,48.25,-89.0,ON,WHA,Total_MCCP,4.26797,,1,,Chlorinated Alkane,Medium Chain Chlorinated Paraffins (C14-17) Total,Total Medium Chain Chlorinated Paraffins (C14-17),NG/G wet,0.345,,EC-Basconcillo,
68,58039,Lake Trout,Salvelinus,namaycush,55.5,1589.0,F,ADS,1.0,2011-07-11,2011,Lake Superior,Thunder Bay L Superior,48.25,-89.0,ON,WHA,Total_SCCP,8.23788,,1,,Chlorinated Alkane,Short Chain Chlorinated Alkanes (C10-13) Total,Total Short Chain Chlorinated Alkanes (C10-13),NG/G wet,0.009,,EC-Basconcillo,
69,58043,Lake Trout,Salvelinus,namaycush,47.0,1081.4,M,ADS,1.0,2011-07-11,2011,Lake Superior,Thunder Bay L Superior,48.25,-89.0,ON,WHA,Total_MCCP,4.17664,,1,,Chlorinated Alkane,Medium Chain Chlorinated Paraffins (C14-17) Total,Total Medium Chain Chlorinated Paraffins (C14-17),NG/G wet,0.345,,EC-Basconcillo,
70,58043,Lake Trout,Salvelinus,namaycush,47.0,1081.4,M,ADS,1.0,2011-07-11,2011,Lake Superior,Thunder Bay L Superior,48.25,-89.0,ON,WHA,Total_SCCP,2.04739,,1,,Chlorinated Alkane,Short Chain Chlorinated Alkanes (C10-13) Total,Total Short Chain Chlorinated Alkanes (C10-13),NG/G wet,0.009,,EC-Basconcillo,
71,58045,Lake Trout,Salvelinus,namaycush,46.0,812.9,M,ADS,1.0,2011-07-11,2011,Lake Superior,Thunder Bay L Superior,48.25,-89.0,ON,WHA,Total_MCCP,5.89461,,1,,Chlorinated Alkane,Medium Chain Chlorinated Paraffins (C14-17) Total,Total Medium Chain Chlorinated Paraffins (C14-17),NG/G wet,0.345,,EC-Basconcillo,
72,58045,Lake Trout,Salvelinus,namaycush,46.0,812.9,M,ADS,1.0,2011-07-11,2011,Lake Superior,Thunder Bay L Superior,48.25,-89.0,ON,WHA,Total_SCCP,2.92416,,1,,Chlorinated Alkane,Short Chain Chlorinated Alkanes (C10-13) Total,Total Short Chain Chlorinated Alkanes (C10-13),NG/G wet,0.009,,EC-Basconcillo,
73,58047,Lake Trout,Salvelinus,namaycush,46.5,893.1,M,ADS,1.0,2011-07-11,2011,Lake Superior,Thunder Bay L Superior,48.25,-89.0,ON,WHA,Total_SCCP,1.99235,,1,,Chlorinated Alkane,Short Chain Chlorinated Alkanes (C10-13) Total,Total Short Chain Chlorinated Alkanes (C10-13),NG/G wet,0.009,,EC-Basconcillo,
74,58050,Lake Trout,Salvelinus,namaycush,55.0,1655.8,M,ADS,1.0,2011-07-11,2011,Lake Superior,Thunder Bay L Superior,48.25,-89.0,ON,WHA,Total_MCCP,5.29688,,1,,Chlorinated Alkane,Medium Chain Chlorinated Paraffins (C14-17) Total,Total Medium Chain Chlorinated Paraffins (C14-17),NG/G wet,0.345,,EC-Basconcillo,
75,58050,Lake Trout,Salvelinus,namaycush,55.0,1655.8,M,ADS,1.0,2011-07-11,2011,Lake Superior,Thunder Bay L Superior,48.25,-89.0,ON,WHA,Total_SCCP,2.2715,,1,,Chlorinated Alkane,Short Chain Chlorinated Alkanes (C10-13) Total,Total Short Chain Chlorinated Alkanes (C10-13),NG/G wet,0.009,,EC-Basconcillo,
76,58051,Lake Trout,Salvelinus,namaycush,44.0,844.5,M,ADS,1.0,2011-07-11,2011,Lake Superior,Thunder Bay L Superior,48.25,-89.0,ON,WHA,Total_MCCP,5.00565,,1,,Chlorinated Alkane,Medium Chain Chlorinated Paraffins (C14-17) Total,Total Medium Chain Chlorinated Paraffins (C14-17),NG/G wet,0.345,,EC-Basconcillo,
77,58051,Lake Trout,Salvelinus,namaycush,44.0,844.5,M,ADS,1.0,2011-07-11,2011,Lake Superior,Thunder Bay L Superior,48.25,-89.0,ON,WHA,Total_SCCP,1.38728,,1,,Chlorinated Alkane,Short Chain Chlorinated Alkanes (C10-13) Total,Total Short Chain Chlorinated Alkanes (C10-13),NG/G wet,0.009,,EC-Basconcillo,
78,58103,Lake Trout,Salvelinus,namaycush,61.6,2683.8,F,ADS,1.0,2011-08-04,2011,Lake Erie,Eastern Basin L Erie,42.54222,-79.38167,ON,WHA,Total_MCCP,5.91974,,1,,Chlorinated Alkane,Medium Chain Chlorinated Paraffins (C14-17) Total,Total Medium Chain Chlorinated Paraffins (C14-17),NG/G wet,0.345,,EC-Basconcillo,
79,58103,Lake Trout,Salvelinus,namaycush,61.6,2683.8,F,ADS,1.0,2011-08-04,2011,Lake Erie,Eastern Basin L Erie,42.54222,-79.38167,ON,WHA,Total_SCCP,5.46872,,1,,Chlorinated Alkane,Short Chain Chlorinated Alkanes (C10-13) Total,Total Short Chain Chlorinated Alkanes (C10-13),NG/G wet,0.009,,EC-Basconcillo,
80,58104,Lake Trout,Salvelinus,namaycush,58.5,2553.8,M,ADS,1.0,2011-08-04,2011,Lake Erie,Eastern Basin L Erie,42.54222,-79.38167,ON,WHA,Total_MCCP,4.60469,,1,,Chlorinated Alkane,Medium Chain Chlorinated Paraffins (C14-17) Total,Total Medium Chain Chlorinated Paraffins (C14-17),NG/G wet,0.345,,EC-Basconcillo,
81,58104,Lake Trout,Salvelinus,namaycush,58.5,2553.8,M,ADS,1.0,2011-08-04,2011,Lake Erie,Eastern Basin L Erie,42.54222,-79.38167,ON,WHA,Total_SCCP,9.39965,,1,,Chlorinated Alkane,Short Chain Chlorinated Alkanes (C10-13) Total,Total Short Chain Chlorinated Alkanes (C10-13),NG/G wet,0.009,,EC-Basconcillo,
82,58105,Lake Trout,Salvelinus,namaycush,63.0,3165.8,F,ADS,1.0,2011-08-04,2011,Lake Erie,Eastern Basin L Erie,42.54222,-79.38167,ON,WHA,Total_MCCP,4.22277,,1,,Chlorinated Alkane,Medium Chain Chlorinated Paraffins (C14-17) Total,Total Medium Chain Chlorinated Paraffins (C14-17),NG/G wet,0.345,,EC-Basconcillo,
83,58105,Lake Trout,Salvelinus,namaycush,63.0,3165.8,F,ADS,1.0,2011-08-04,2011,Lake Erie,Eastern Basin L Erie,42.54222,-79.38167,ON,WHA,Total_SCCP,4.59986,,1,,Chlorinated Alkane,Short Chain Chlorinated Alkanes (C10-13) Total,Total Short Chain Chlorinated Alkanes (C10-13),NG/G wet,0.009,,EC-Basconcillo,
84,58106,Lake Trout,Salvelinus,namaycush,67.0,3870.1,F,ADS,1.0,2011-08-04,2011,Lake Erie,Eastern Basin L Erie,42.54222,-79.38167,ON,WHA,Total_MCCP,25.46625,,1,,Chlorinated Alkane,Medium Chain Chlorinated Paraffins (C14-17) Total,Total Medium Chain Chlorinated Paraffins (C14-17),NG/G wet,0.345,,EC-Basconcillo,
85,58106,Lake Trout,Salvelinus,namaycush,67.0,3870.1,F,ADS,1.0,2011-08-04,2011,Lake Erie,Eastern Basin L Erie,42.54222,-79.38167,ON,WHA,Total_SCCP,3.20322,,1,,Chlorinated Alkane,Short Chain Chlorinated Alkanes (C10-13) Total,Total Short Chain Chlorinated Alkanes (C10-13),NG/G wet,0.009,,EC-Basconcillo,
86,58107,Lake Trout,Salvelinus,namaycush,62.5,3015.0,M,ADS,1.0,2011-08-04,2011,Lake Erie,Eastern Basin L Erie,42.54222,-79.38167,ON,WHA,Total_MCCP,6.10466,,1,,Chlorinated Alkane,Medium Chain Chlorinated Paraffins (C14-17) Total,Total Medium Chain Chlorinated Paraffins (C14-17),NG/G wet,0.345,,EC-Basconcillo,
87,58107,Lake Trout,Salvelinus,namaycush,62.5,3015.0,M,ADS,1.0,2011-08-04,2011,Lake Erie,Eastern Basin L Erie,42.54222,-79.38167,ON,WHA,Total_SCCP,2.22421,,1,,Chlorinated Alkane,Short Chain Chlorinated Alkanes (C10-13) Total,Total Short Chain Chlorinated Alkanes (C10-13),NG/G wet,0.009,,EC-Basconcillo,
88,58108,Lake Trout,Salvelinus,namaycush,65.0,4137.0,M,ADS,1.0,2011-08-04,2011,Lake Erie,Eastern Basin L Erie,42.54222,-79.38167,ON,WHA,Total_MCCP,22.64424,,1,,Chlorinated Alkane,Medium Chain Chlorinated Paraffins (C14-17) Total,Total Medium Chain Chlorinated Paraffins (C14-17),NG/G wet,0.345,,EC-Basconcillo,
89,58109,Lake Trout,Salvelinus,namaycush,62.0,3475.7,F,ADS,1.0,2011-08-04,2011,Lake Erie,Eastern Basin L Erie,42.54222,-79.38167,ON,WHA,Total_MCCP,7.04951,,1,,Chlorinated Alkane,Medium Chain Chlorinated Paraffins (C14-17) Total,Total Medium Chain Chlorinated Paraffins (C14-17),NG/G wet,0.345,,EC-Basconcillo,
90,58109,Lake Trout,Salvelinus,namaycush,62.0,3475.7,F,ADS,1.0,2011-08-04,2011,Lake Erie,Eastern Basin L Erie,42.54222,-79.38167,ON,WHA,Total_SCCP,6.3216,,1,,Chlorinated Alkane,Short Chain Chlorinated Alkanes (C10-13) Total,Total Short Chain Chlorinated Alkanes (C10-13),NG/G wet,0.009,,EC-Basconcillo,
91,58110,Lake Trout,Salvelinus,namaycush,68.0,3307.2,F,ADS,1.0,2011-08-04,2011,Lake Erie,Eastern Basin L Erie,42.54222,-79.38167,ON,WHA,Total_MCCP,15.1321,,1,,Chlorinated Alkane,Medium Chain Chlorinated Paraffins (C14-17) Total,Total Medium Chain Chlorinated Paraffins (C14-17),NG/G wet,0.345,,EC-Basconcillo,
92,58110,Lake Trout,Salvelinus,namaycush,68.0,3307.2,F,ADS,1.0,2011-08-04,2011,Lake Erie,Eastern Basin L Erie,42.54222,-79.38167,ON,WHA,Total_SCCP,5.22707,,1,,Chlorinated Alkane,Short Chain Chlorinated Alkanes (C10-13) Total,Total Short Chain Chlorinated Alkanes (C10-13),NG/G wet,0.009,,EC-Basconcillo,
93,58111,Lake Trout,Salvelinus,namaycush,63.6,3654.3,F,ADS,1.0,2011-08-04,2011,Lake Erie,Eastern Basin L Erie,42.54222,-79.38167,ON,WHA,Total_MCCP,15.29623,,1,,Chlorinated Alkane,Medium Chain Chlorinated Paraffins (C14-17) Total,Total Medium Chain Chlorinated Paraffins (C14-17),NG/G wet,0.345,,EC-Basconcillo,
94,58111,Lake Trout,Salvelinus,namaycush,63.6,3654.3,F,ADS,1.0,2011-08-04,2011,Lake Erie,Eastern Basin L Erie,42.54222,-79.38167,ON,WHA,Total_SCCP,4.14608,,1,,Chlorinated Alkane,Short Chain Chlorinated Alkanes (C10-13) Total,Total Short Chain Chlorinated Alkanes (C10-13),NG/G wet,0.009,,EC-Basconcillo,
95,58112,Lake Trout,Salvelinus,namaycush,60.5,3053.6,M,ADS,1.0,2011-08-04,2011,Lake Erie,Eastern Basin L Erie,42.54222,-79.38167,ON,WHA,Total_MCCP,13.58008,,1,,Chlorinated Alkane,Medium Chain Chlorinated Paraffins (C14-17) Total,Total Medium Chain Chlorinated Paraffins (C14-17),NG/G wet,0.345,,EC-Basconcillo,
96,58112,Lake Trout,Salvelinus,namaycush,60.5,3053.6,M,ADS,1.0,2011-08-04,2011,Lake Erie,Eastern Basin L Erie,42.54222,-79.38167,ON,WHA,Total_SCCP,6.23594,,1,,Chlorinated Alkane,Short Chain Chlorinated Alkanes (C10-13) Total,Total Short Chain Chlorinated Alkanes (C10-13),NG/G wet,0.009,,EC-Basconcillo,
97,58354,Lake Trout,Salvelinus,namaycush,55.0,1911.0,F,ADS,1.0,2011-10-18,2011,Lake Ontario,Western Basin L Ontario,43.5,-79.58333,ON,WHA,Total_MCCP,6.03971,,1,,Chlorinated Alkane,Medium Chain Chlorinated Paraffins (C14-17) Total,Total Medium Chain Chlorinated Paraffins (C14-17),NG/G wet,0.345,,EC-Basconcillo,
98,58354,Lake Trout,Salvelinus,namaycush,55.0,1911.0,F,ADS,1.0,2011-10-18,2011,Lake Ontario,Western Basin L Ontario,43.5,-79.58333,ON,WHA,Total_SCCP,9.78996,,1,,Chlorinated Alkane,Short Chain Chlorinated Alkanes (C10-13) Total,Total Short Chain Chlorinated Alkanes (C10-13),NG/G wet,0.009,,EC-Basconcillo,
99,58355,Lake Trout,Salvelinus,namaycush,46.7,1125.4,M,ADS,1.0,2011-10-18,2011,Lake Ontario,Western Basin L Ontario,43.5,-79.58333,ON,WHA,Total_MCCP,5.8282,,1,,Chlorinated Alkane,Medium Chain Chlorinated Paraffins (C14-17) Total,Total Medium Chain Chlorinated Paraffins (C14-17),NG/G wet,0.345,,EC-Basconcillo,
100,58355,Lake Trout,Salvelinus,namaycush,46.7,1125.4,M,ADS,1.0,2011-10-18,2011,Lake Ontario,Western Basin L Ontario,43.5,-79.58333,ON,WHA,Total_SCCP,5.22658,,1,,Chlorinated Alkane,Short Chain Chlorinated Alkanes (C10-13) Total,Total Short Chain Chlorinated Alkanes (C10-13),NG/G wet,0.009,,EC-Basconcillo,
101,58356,Lake Trout,Salvelinus,namaycush,60.6,2508.4,M,ADS,1.0,2011-10-18,2011,Lake Ontario,Western Basin L Ontario,43.5,-79.58333,ON,WHA,Total_MCCP,1.17971,,1,,Chlorinated Alkane,Medium Chain Chlorinated Paraffins (C14-17) Total,Total Medium Chain Chlorinated Paraffins (C14-17),NG/G wet,0.345,,EC-Basconcillo,
102,58357,Lake Trout,Salvelinus,namaycush,58.7,2947.0,M,ADS,1.0,2011-10-18,2011,Lake Ontario,Western Basin L Ontario,43.5,-79.58333,ON,WHA,Total_MCCP,13.53866,,1,,Chlorinated Alkane,Medium Chain Chlorinated Paraffins (C14-17) Total,Total Medium Chain Chlorinated Paraffins (C14-17),NG/G wet,0.345,,EC-Basconcillo,
103,58357,Lake Trout,Salvelinus,namaycush,58.7,2947.0,M,ADS,1.0,2011-10-18,2011,Lake Ontario,Western Basin L Ontario,43.5,-79.58333,ON,WHA,Total_SCCP,9.41692,,1,,Chlorinated Alkane,Short Chain Chlorinated Alkanes (C10-13) Total,Total Short Chain Chlorinated Alkanes (C10-13),NG/G wet,0.009,,EC-Basconcillo,
104,58359,Lake Trout,Salvelinus,namaycush,50.5,1520.5,F,ADS,1.0,2011-10-18,2011,Lake Ontario,Western Basin L Ontario,43.5,-79.58333,ON,WHA,Total_MCCP,25.53801,,1,,Chlorinated Alkane,Medium Chain Chlorinated Paraffins (C14-17) Total,Total Medium Chain Chlorinated Paraffins (C14-17),NG/G wet,0.345,,EC-Basconcillo,
105,58359,Lake Trout,Salvelinus,namaycush,50.5,1520.5,F,ADS,1.0,2011-10-18,2011,Lake Ontario,Western Basin L Ontario,43.5,-79.58333,ON,WHA,Total_SCCP,7.27103,,1,,Chlorinated Alkane,Short Chain Chlorinated Alkanes (C10-13) Total,Total Short Chain Chlorinated Alkanes (C10-13),NG/G wet,0.009,,EC-Basconcillo,
106,58360,Lake Trout,Salvelinus,namaycush,50.0,1358.5,F,ADS,1.0,2011-10-18,2011,Lake Ontario,Western Basin L Ontario,43.5,-79.58333,ON,WHA,Total_MCCP,12.08414,,1,,Chlorinated Alkane,Medium Chain Chlorinated Paraffins (C14-17) Total,Total Medium Chain Chlorinated Paraffins (C14-17),NG/G wet,0.345,,EC-Basconcillo,
107,58360,Lake Trout,Salvelinus,namaycush,50.0,1358.5,F,ADS,1.0,2011-10-18,2011,Lake Ontario,Western Basin L Ontario,43.5,-79.58333,ON,WHA,Total_SCCP,2.7867,,1,,Chlorinated Alkane,Short Chain Chlorinated Alkanes (C10-13) Total,Total Short Chain Chlorinated Alkanes (C10-13),NG/G wet,0.009,,EC-Basconcillo,
108,58361,Lake Trout,Salvelinus,namaycush,50.5,1186.1,F,ADS,1.0,2011-10-18,2011,Lake Ontario,Western Basin L Ontario,43.5,-79.58333,ON,WHA,Total_MCCP,7.60918,,1,,Chlorinated Alkane,Medium Chain Chlorinated Paraffins (C14-17) Total,Total Medium Chain Chlorinated Paraffins (C14-17),NG/G wet,0.345,,EC-Basconcillo,
109,58361,Lake Trout,Salvelinus,namaycush,50.5,1186.1,F,ADS,1.0,2011-10-18,2011,Lake Ontario,Western Basin L Ontario,43.5,-79.58333,ON,WHA,Total_SCCP,3.15274,,1,,Chlorinated Alkane,Short Chain Chlorinated Alkanes (C10-13) Total,Total Short Chain Chlorinated Alkanes (C10-13),NG/G wet,0.009,,EC-Basconcillo,
110,58362,Lake Trout,Salvelinus,namaycush,62.0,3134.1,M,ADS,1.0,2011-10-18,2011,Lake Ontario,Western Basin L Ontario,43.5,-79.58333,ON,WHA,Total_MCCP,17.14154,,1,,Chlorinated Alkane,Medium Chain Chlorinated Paraffins (C14-17) Total,Total Medium Chain Chlorinated Paraffins (C14-17),NG/G wet,0.345,,EC-Basconcillo,
111,58362,Lake Trout,Salvelinus,namaycush,62.0,3134.1,M,ADS,1.0,2011-10-18,2011,Lake Ontario,Western Basin L Ontario,43.5,-79.58333,ON,WHA,Total_SCCP,7.39904,,1,,Chlorinated Alkane,Short Chain Chlorinated Alkanes (C10-13) Total,Total Short Chain Chlorinated Alkanes (C10-13),NG/G wet,0.009,,EC-Basconcillo,
112,58364,Lake Trout,Salvelinus,namaycush,49.8,1181.0,M,ADS,1.0,2011-10-18,2011,Lake Ontario,Western Basin L Ontario,43.5,-79.58333,ON,WHA,Total_MCCP,11.72104,,1,,Chlorinated Alkane,Medium Chain Chlorinated Paraffins (C14-17) Total,Total Medium Chain Chlorinated Paraffins (C14-17),NG/G wet,0.345,,EC-Basconcillo,
113,58364,Lake Trout,Salvelinus,namaycush,49.8,1181.0,M,ADS,1.0,2011-10-18,2011,Lake Ontario,Western Basin L Ontario,43.5,-79.58333,ON,WHA,Total_SCCP,2.83236,,1,,Chlorinated Alkane,Short Chain Chlorinated Alkanes (C10-13) Total,Total Short Chain Chlorinated Alkanes (C10-13),NG/G wet,0.009,,EC-Basconcillo,
114,58365,Lake Trout,Salvelinus,namaycush,48.5,1203.7,F,ADS,1.0,2011-10-18,2011,Lake Ontario,Western Basin L Ontario,43.5,-79.58333,ON,WHA,Total_MCCP,17.87406,,1,,Chlorinated Alkane,Medium Chain Chlorinated Paraffins (C14-17) Total,Total Medium Chain Chlorinated Paraffins (C14-17),NG/G wet,0.345,,EC-Basconcillo,
115,58365,Lake Trout,Salvelinus,namaycush,48.5,1203.7,F,ADS,1.0,2011-10-18,2011,Lake Ontario,Western Basin L Ontario,43.5,-79.58333,ON,WHA,Total_SCCP,4.81483,,1,,Chlorinated Alkane,Short Chain Chlorinated Alkanes (C10-13) Total,Total Short Chain Chlorinated Alkanes (C10-13),NG/G wet,0.009,,EC-Basconcillo,
116,58482,Lake Trout,Salvelinus,namaycush,66.3,2666.8,F,ADS,1.0,2011-11-15,2011,Lake Huron,Southern Basin L Huron,43.75,-81.83333,ON,WHA,Total_MCCP,4.172,,1,,Chlorinated Alkane,Medium Chain Chlorinated Paraffins (C14-17) Total,Total Medium Chain Chlorinated Paraffins (C14-17),NG/G wet,0.345,,EC-Basconcillo,
117,58482,Lake Trout,Salvelinus,namaycush,66.3,2666.8,F,ADS,1.0,2011-11-15,2011,Lake Huron,Southern Basin L Huron,43.75,-81.83333,ON,WHA,Total_SCCP,3.29891,,1,,Chlorinated Alkane,Short Chain Chlorinated Alkanes (C10-13) Total,Total Short Chain Chlorinated Alkanes (C10-13),NG/G wet,0.009,,EC-Basconcillo,
118,58483,Lake Trout,Salvelinus,namaycush,72.2,3049.1,M,ADS,1.0,2011-11-15,2011,Lake Huron,Southern Basin L Huron,43.75,-81.83333,ON,WHA,Total_MCCP,11.9436,,1,,Chlorinated Alkane,Medium Chain Chlorinated Paraffins (C14-17) Total,Total Medium Chain Chlorinated Paraffins (C14-17),NG/G wet,0.345,,EC-Basconcillo,
119,58484,Lake Trout,Salvelinus,namaycush,62.7,2205.5,F,ADS,1.0,2011-11-15,2011,Lake Huron,Southern Basin L Huron,43.75,-81.83333,ON,WHA,Total_MCCP,4.64597,,1,,Chlorinated Alkane,Medium Chain Chlorinated Paraffins (C14-17) Total,Total Medium Chain Chlorinated Paraffins (C14-17),NG/G wet,0.345,,EC-Basconcillo,
120,58484,Lake Trout,Salvelinus,namaycush,62.7,2205.5,F,ADS,1.0,2011-11-15,2011,Lake Huron,Southern Basin L Huron,43.75,-81.83333,ON,WHA,Total_SCCP,1.4887,,1,,Chlorinated Alkane,Short Chain Chlorinated Alkanes (C10-13) Total,Total Short Chain Chlorinated Alkanes (C10-13),NG/G wet,0.009,,EC-Basconcillo,
121,58485,Lake Trout,Salvelinus,namaycush,71.7,3537.1,F,ADS,1.0,2011-11-15,2011,Lake Huron,Southern Basin L Huron,43.75,-81.83333,ON,WHA,Total_MCCP,46.44432,,1,,Chlorinated Alkane,Medium Chain Chlorinated Paraffins (C14-17) Total,Total Medium Chain Chlorinated Paraffins (C14-17),NG/G wet,0.345,,EC-Basconcillo,
122,58485,Lake Trout,Salvelinus,namaycush,71.7,3537.1,F,ADS,1.0,2011-11-15,2011,Lake Huron,Southern Basin L Huron,43.75,-81.83333,ON,WHA,Total_SCCP,8.38076,,1,,Chlorinated Alkane,Short Chain Chlorinated Alkanes (C10-13) Total,Total Short Chain Chlorinated Alkanes (C10-13),NG/G wet,0.009,,EC-Basconcillo,
123,58486,Lake Trout,Salvelinus,namaycush,64.0,2302.2,M,ADS,1.0,2011-11-15,2011,Lake Huron,Southern Basin L Huron,43.75,-81.83333,ON,WHA,Total_MCCP,3.52287,,1,,Chlorinated Alkane,Medium Chain Chlorinated Paraffins (C14-17) Total,Total Medium Chain Chlorinated Paraffins (C14-17),NG/G wet,0.345,,EC-Basconcillo,
124,58486,Lake Trout,Salvelinus,namaycush,64.0,2302.2,M,ADS,1.0,2011-11-15,2011,Lake Huron,Southern Basin L Huron,43.75,-81.83333,ON,WHA,Total_SCCP,2.10867,,1,,Chlorinated Alkane,Short Chain Chlorinated Alkanes (C10-13) Total,Total Short Chain Chlorinated Alkanes (C10-13),NG/G wet,0.009,,EC-Basconcillo,
125,58487,Lake Trout,Salvelinus,namaycush,59.0,1998.5,M,ADS,1.0,2011-11-15,2011,Lake Huron,Southern Basin L Huron,43.75,-81.83333,ON,WHA,Total_MCCP,9.46906,,1,,Chlorinated Alkane,Medium Chain Chlorinated Paraffins (C14-17) Total,Total Medium Chain Chlorinated Paraffins (C14-17),NG/G wet,0.345,,EC-Basconcillo,
126,58487,Lake Trout,Salvelinus,namaycush,59.0,1998.5,M,ADS,1.0,2011-11-15,2011,Lake Huron,Southern Basin L Huron,43.75,-81.83333,ON,WHA,Total_SCCP,4.1704,,1,,Chlorinated Alkane,Short Chain Chlorinated Alkanes (C10-13) Total,Total Short Chain Chlorinated Alkanes (C10-13),NG/G wet,0.009,,EC-Basconcillo,
127,58488,Lake Trout,Salvelinus,namaycush,61.1,2995.4,F,ADS,1.0,2011-11-15,2011,Lake Huron,Southern Basin L Huron,43.75,-81.83333,ON,WHA,Total_MCCP,6.26611,,1,,Chlorinated Alkane,Medium Chain Chlorinated Paraffins (C14-17) Total,Total Medium Chain Chlorinated Paraffins (C14-17),NG/G wet,0.345,,EC-Basconcillo,
128,58488,Lake Trout,Salvelinus,namaycush,61.1,2995.4,F,ADS,1.0,2011-11-15,2011,Lake Huron,Southern Basin L Huron,43.75,-81.83333,ON,WHA,Total_SCCP,0.78986,,1,,Chlorinated Alkane,Short Chain Chlorinated Alkanes (C10-13) Total,Total Short Chain Chlorinated Alkanes (C10-13),NG/G wet,0.009,,EC-Basconcillo,
129,58489,Lake Trout,Salvelinus,namaycush,72.0,2640.0,F,ADS,1.0,2011-11-15,2011,Lake Huron,Southern Basin L Huron,43.75,-81.83333,ON,WHA,Total_MCCP,38.39521,,1,,Chlorinated Alkane,Medium Chain Chlorinated Paraffins (C14-17) Total,Total Medium Chain Chlorinated Paraffins (C14-17),NG/G wet,0.345,,EC-Basconcillo,
130,58489,Lake Trout,Salvelinus,namaycush,72.0,2640.0,F,ADS,1.0,2011-11-15,2011,Lake Huron,Southern Basin L Huron,43.75,-81.83333,ON,WHA,Total_SCCP,3.18173,,1,,Chlorinated Alkane,Short Chain Chlorinated Alkanes (C10-13) Total,Total Short Chain Chlorinated Alkanes (C10-13),NG/G wet,0.009,,EC-Basconcillo,
131,58490,Lake Trout,Salvelinus,namaycush,68.0,2737.1,F,ADS,1.0,2011-11-15,2011,Lake Huron,Southern Basin L Huron,43.75,-81.83333,ON,WHA,Total_MCCP,6.68176,,1,,Chlorinated Alkane,Medium Chain Chlorinated Paraffins (C14-17) Total,Total Medium Chain Chlorinated Paraffins (C14-17),NG/G wet,0.345,,EC-Basconcillo,
132,58490,Lake Trout,Salvelinus,namaycush,68.0,2737.1,F,ADS,1.0,2011-11-15,2011,Lake Huron,Southern Basin L Huron,43.75,-81.83333,ON,WHA,Total_SCCP,2.40295,,1,,Chlorinated Alkane,Short Chain Chlorinated Alkanes (C10-13) Total,Total Short Chain Chlorinated Alkanes (C10-13),NG/G wet,0.009,,EC-Basconcillo,
133,58491,Lake Trout,Salvelinus,namaycush,73.0,3881.9,M,ADS,1.0,2011-11-15,2011,Lake Huron,Southern Basin L Huron,43.75,-81.83333,ON,WHA,Total_MCCP,3.42381,,1,,Chlorinated Alkane,Medium Chain Chlorinated Paraffins (C14-17) Total,Total Medium Chain Chlorinated Paraffins (C14-17),NG/G wet,0.345,,EC-Basconcillo,
134,58491,Lake Trout,Salvelinus,namaycush,73.0,3881.9,M,ADS,1.0,2011-11-15,2011,Lake Huron,Southern Basin L Huron,43.75,-81.83333,ON,WHA,Total_SCCP,4.21746,,1,,Chlorinated Alkane,Short Chain Chlorinated Alkanes (C10-13) Total,Total Short Chain Chlorinated Alkanes (C10-13),NG/G wet,0.009,,EC-Basconcillo,
135,58674,Lake Trout,Salvelinus,namaycush,65.8,2391.1,F,ADS,1.0,2011-12-31,2011,Lake Athabasca,Lake Athabasca,58.705519,-111.090317,AB,WHA,Total_MCCP,10.8713,,1,,Chlorinated Alkane,Medium Chain Chlorinated Paraffins (C14-17) Total,Total Medium Chain Chlorinated Paraffins (C14-17),NG/G wet,0.345,,EC-Basconcillo,
136,58674,Lake Trout,Salvelinus,namaycush,65.8,2391.1,F,ADS,1.0,2011-12-31,2011,Lake Athabasca,Lake Athabasca,58.705519,-111.090317,AB,WHA,Total_SCCP,12.49575,,1,,Chlorinated Alkane,Short Chain Chlorinated Alkanes (C10-13) Total,Total Short Chain Chlorinated Alkanes (C10-13),NG/G wet,0.009,,EC-Basconcillo,
137,58675,Lake Trout,Salvelinus,namaycush,68.0,2446.4,F,ADS,1.0,2011-12-31,2011,Lake Athabasca,Lake Athabasca,58.705519,-111.090317,AB,WHA,"13C10-1,5,5,6,6,10-hexachlorodecane",84.9,,2,2025-09-17,Chlorinated Alkane,"13C10-1,5,5,6,6,10-hexachlorodecane","13C10-1,5,5,6,6,10-hexachlorodecane",PCT,,,NLET,B_ChlorinatedAlkanes_ISO
138,58675,Lake Trout,Salvelinus,namaycush,68.0,2446.4,F,ADS,1.0,2011-12-31,2011,Lake Athabasca,Lake Athabasca,58.705519,-111.090317,AB,WHA,"Chlorinated Alkanes, SC (C10-C13), Total",50.0,BDL,2,2025-09-17,Chlorinated Alkane,Short Chain Chlorinated Alkanes (C10-13) Total,Total Short Chain Chlorinated Alkanes (C10-13),NG/G wet,5.0,,NLET,B_ChlorinatedAlkanes_ISO
139,58675,Lake Trout,Salvelinus,namaycush,68.0,2446.4,F,ADS,1.0,2011-12-31,2011,Lake Athabasca,Lake Athabasca,58.705519,-111.090317,AB,WHA,Total_MCCP,4.93636,,1,,Chlorinated Alkane,Medium Chain Chlorinated Paraffins (C14-17) Total,Total Medium Chain Chlorinated Paraffins (C14-17),NG/G wet,0.345,,EC-Basconcillo,
140,58675,Lake Trout,Salvelinus,namaycush,68.0,2446.4,F,ADS,1.0,2011-12-31,2011,Lake Athabasca,Lake Athabasca,58.705519,-111.090317,AB,WHA,Total_SCCP,37.27575,,1,,Chlorinated Alkane,Short Chain Chlorinated Alkanes (C10-13) Total,Total Short Chain Chlorinated Alkanes (C10-13),NG/G wet,0.009,,EC-Basconcillo,
141,58676,Lake Trout,Salvelinus,namaycush,68.0,2875.1,F,ADS,1.0,2011-12-31,2011,Lake Athabasca,Lake Athabasca,58.705519,-111.090317,AB,WHA,Total_MCCP,4.73738,,1,,Chlorinated Alkane,Medium Chain Chlorinated Paraffins (C14-17) Total,Total Medium Chain Chlorinated Paraffins (C14-17),NG/G wet,0.345,,EC-Basconcillo,
142,58676,Lake Trout,Salvelinus,namaycush,68.0,2875.1,F,ADS,1.0,2011-12-31,2011,Lake Athabasca,Lake Athabasca,58.705519,-111.090317,AB,WHA,Total_SCCP,23.3607,,1,,Chlorinated Alkane,Short Chain Chlorinated Alkanes (C10-13) Total,Total Short Chain Chlorinated Alkanes (C10-13),NG/G wet,0.009,,EC-Basconcillo,
143,58677,Lake Trout,Salvelinus,namaycush,67.9,2807.1,F,ADS,1.0,2011-12-31,2011,Lake Athabasca,Lake Athabasca,58.705519,-111.090317,AB,WHA,Total_MCCP,5.36572,,1,,Chlorinated Alkane,Medium Chain Chlorinated Paraffins (C14-17) Total,Total Medium Chain Chlorinated Paraffins (C14-17),NG/G wet,0.345,,EC-Basconcillo,
144,58677,Lake Trout,Salvelinus,namaycush,67.9,2807.1,F,ADS,1.0,2011-12-31,2011,Lake Athabasca,Lake Athabasca,58.705519,-111.090317,AB,WHA,Total_SCCP,9.8002,,1,,Chlorinated Alkane,Short Chain Chlorinated Alkanes (C10-13) Total,Total Short Chain Chlorinated Alkanes (C10-13),NG/G wet,0.009,,EC-Basconcillo,
145,58678,Lake Trout,Salvelinus,namaycush,77.0,3916.3,F,ADS,1.0,2011-12-31,2011,Lake Athabasca,Lake Athabasca,58.705519,-111.090317,AB,WHA,Total_MCCP,7.61265,,1,,Chlorinated Alkane,Medium Chain Chlorinated Paraffins (C14-17) Total,Total Medium Chain Chlorinated Paraffins (C14-17),NG/G wet,0.345,,EC-Basconcillo,
146,58678,Lake Trout,Salvelinus,namaycush,77.0,3916.3,F,ADS,1.0,2011-12-31,2011,Lake Athabasca,Lake Athabasca,58.705519,-111.090317,AB,WHA,Total_SCCP,7.33206,,1,,Chlorinated Alkane,Short Chain Chlorinated Alkanes (C10-13) Total,Total Short Chain Chlorinated Alkanes (C10-13),NG/G wet,0.009,,EC-Basconcillo,
147,58679,Lake Trout,Salvelinus,namaycush,72.3,3419.1,F,ADS,1.0,2011-12-31,2011,Lake Athabasca,Lake Athabasca,58.705519,-111.090317,AB,WHA,Total_MCCP,5.27407,,1,,Chlorinated Alkane,Medium Chain Chlorinated Paraffins (C14-17) Total,Total Medium Chain Chlorinated Paraffins (C14-17),NG/G wet,0.345,,EC-Basconcillo,
148,58679,Lake Trout,Salvelinus,namaycush,72.3,3419.1,F,ADS,1.0,2011-12-31,2011,Lake Athabasca,Lake Athabasca,58.705519,-111.090317,AB,WHA,Total_SCCP,5.88612,,1,,Chlorinated Alkane,Short Chain Chlorinated Alkanes (C10-13) Total,Total Short Chain Chlorinated Alkanes (C10-13),NG/G wet,0.009,,EC-Basconcillo,
149,58680,Lake Trout,Salvelinus,namaycush,73.6,3428.8,F,ADS,1.0,2011-12-31,2011,Lake Athabasca,Lake Athabasca,58.705519,-111.090317,AB,WHA,Total_MCCP,4.31999,,1,,Chlorinated Alkane,Medium Chain Chlorinated Paraffins (C14-17) Total,Total Medium Chain Chlorinated Paraffins (C14-17),NG/G wet,0.345,,EC-Basconcillo,
150,58680,Lake Trout,Salvelinus,namaycush,73.6,3428.8,F,ADS,1.0,2011-12-31,2011,Lake Athabasca,Lake Athabasca,58.705519,-111.090317,AB,WHA,Total_SCCP,5.14846,,1,,Chlorinated Alkane,Short Chain Chlorinated Alkanes (C10-13) Total,Total Short Chain Chlorinated Alkanes (C10-13),NG/G wet,0.009,,EC-Basconcillo,
151,58681,Lake Trout,Salvelinus,namaycush,67.0,2937.1,F,ADS,1.0,2011-12-31,2011,Lake Athabasca,Lake Athabasca,58.705519,-111.090317,AB,WHA,Total_MCCP,4.26928,,1,,Chlorinated Alkane,Medium Chain Chlorinated Paraffins (C14-17) Total,Total Medium Chain Chlorinated Paraffins (C14-17),NG/G wet,0.345,,EC-Basconcillo,
152,58681,Lake Trout,Salvelinus,namaycush,67.0,2937.1,F,ADS,1.0,2011-12-31,2011,Lake Athabasca,Lake Athabasca,58.705519,-111.090317,AB,WHA,Total_SCCP,2.69672,,1,,Chlorinated Alkane,Short Chain Chlorinated Alkanes (C10-13) Total,Total Short Chain Chlorinated Alkanes (C10-13),NG/G wet,0.009,,EC-Basconcillo,
153,58682,Lake Trout,Salvelinus,namaycush,71.1,2793.0,F,ADS,1.0,2011-12-31,2011,Lake Athabasca,Lake Athabasca,58.705519,-111.090317,AB,WHA,Total_MCCP,2.58652,,1,,Chlorinated Alkane,Medium Chain Chlorinated Paraffins (C14-17) Total,Total Medium Chain Chlorinated Paraffins (C14-17),NG/G wet,0.345,,EC-Basconcillo,
154,58682,Lake Trout,Salvelinus,namaycush,71.1,2793.0,F,ADS,1.0,2011-12-31,2011,Lake Athabasca,Lake Athabasca,58.705519,-111.090317,AB,WHA,Total_SCCP,2.10968,,1,,Chlorinated Alkane,Short Chain Chlorinated Alkanes (C10-13) Total,Total Short Chain Chlorinated Alkanes (C10-13),NG/G wet,0.009,,EC-Basconcillo,
155,58683,Lake Trout,Salvelinus,namaycush,73.0,4046.5,F,ADS,1.0,2011-12-31,2011,Lake Athabasca,Lake Athabasca,58.705519,-111.090317,AB,WHA,Total_MCCP,10.81597,,1,,Chlorinated Alkane,Medium Chain Chlorinated Paraffins (C14-17) Total,Total Medium Chain Chlorinated Paraffins (C14-17),NG/G wet,0.345,,EC-Basconcillo,
156,58683,Lake Trout,Salvelinus,namaycush,73.0,4046.5,F,ADS,1.0,2011-12-31,2011,Lake Athabasca,Lake Athabasca,58.705519,-111.090317,AB,WHA,Total_SCCP,3.96473,,1,,Chlorinated Alkane,Short Chain Chlorinated Alkanes (C10-13) Total,Total Short Chain Chlorinated Alkanes (C10-13),NG/G wet,0.009,,EC-Basconcillo,
157,58758,Lake Trout,Salvelinus,namaycush,40.5,607.0,M,,1.0,2011-09-15,2011,Kusawa Lake,Kusawa Lake,60.416492,-136.209119,YT,WHA,Total_MCCP,1.72246,,1,,Chlorinated Alkane,Medium Chain Chlorinated Paraffins (C14-17) Total,Total Medium Chain Chlorinated Paraffins (C14-17),NG/G wet,0.345,,EC-Basconcillo,
158,58758,Lake Trout,Salvelinus,namaycush,40.5,607.0,M,,1.0,2011-09-15,2011,Kusawa Lake,Kusawa Lake,60.416492,-136.209119,YT,WHA,Total_SCCP,1.3948,,1,,Chlorinated Alkane,Short Chain Chlorinated Alkanes (C10-13) Total,Total Short Chain Chlorinated Alkanes (C10-13),NG/G wet,0.009,,EC-Basconcillo,
159,58759,Lake Trout,Salvelinus,namaycush,55.0,1649.0,F,,1.0,2011-09-15,2011,Kusawa Lake,Kusawa Lake,60.416492,-136.209119,YT,WHA,Total_MCCP,3.47815,,1,,Chlorinated Alkane,Medium Chain Chlorinated Paraffins (C14-17) Total,Total Medium Chain Chlorinated Paraffins (C14-17),NG/G wet,0.345,,EC-Basconcillo,
160,58759,Lake Trout,Salvelinus,namaycush,55.0,1649.0,F,,1.0,2011-09-15,2011,Kusawa Lake,Kusawa Lake,60.416492,-136.209119,YT,WHA,Total_SCCP,8.08258,,1,,Chlorinated Alkane,Short Chain Chlorinated Alkanes (C10-13) Total,Total Short Chain Chlorinated Alkanes (C10-13),NG/G wet,0.009,,EC-Basconcillo,
161,58760,Lake Trout,Salvelinus,namaycush,40.4,582.0,IMM,,1.0,2011-09-15,2011,Kusawa Lake,Kusawa Lake,60.416492,-136.209119,YT,WHA,Total_MCCP,0.99307,,1,,Chlorinated Alkane,Medium Chain Chlorinated Paraffins (C14-17) Total,Total Medium Chain Chlorinated Paraffins (C14-17),NG/G wet,0.345,,EC-Basconcillo,
162,58760,Lake Trout,Salvelinus,namaycush,40.4,582.0,IMM,,1.0,2011-09-15,2011,Kusawa Lake,Kusawa Lake,60.416492,-136.209119,YT,WHA,Total_SCCP,1.27098,,1,,Chlorinated Alkane,Short Chain Chlorinated Alkanes (C10-13) Total,Total Short Chain Chlorinated Alkanes (C10-13),NG/G wet,0.009,,EC-Basconcillo,
163,58761,Lake Trout,Salvelinus,namaycush,27.0,164.0,IMM,,1.0,2011-09-15,2011,Kusawa Lake,Kusawa Lake,60.416492,-136.209119,YT,WHA,Total_MCCP,1.11408,,1,,Chlorinated Alkane,Medium Chain Chlorinated Paraffins (C14-17) Total,Total Medium Chain Chlorinated Paraffins (C14-17),NG/G wet,0.345,,EC-Basconcillo,
164,58761,Lake Trout,Salvelinus,namaycush,27.0,164.0,IMM,,1.0,2011-09-15,2011,Kusawa Lake,Kusawa Lake,60.416492,-136.209119,YT,WHA,Total_SCCP,1.27546,,1,,Chlorinated Alkane,Short Chain Chlorinated Alkanes (C10-13) Total,Total Short Chain Chlorinated Alkanes (C10-13),NG/G wet,0.009,,EC-Basconcillo,
165,58762,Lake Trout,Salvelinus,namaycush,43.0,670.0,F,,1.0,2011-09-15,2011,Kusawa Lake,Kusawa Lake,60.416492,-136.209119,YT,WHA,Total_MCCP,1.74973,,1,,Chlorinated Alkane,Medium Chain Chlorinated Paraffins (C14-17) Total,Total Medium Chain Chlorinated Paraffins (C14-17),NG/G wet,0.345,,EC-Basconcillo,
166,58762,Lake Trout,Salvelinus,namaycush,43.0,670.0,F,,1.0,2011-09-15,2011,Kusawa Lake,Kusawa Lake,60.416492,-136.209119,YT,WHA,Total_SCCP,6.43283,,1,,Chlorinated Alkane,Short Chain Chlorinated Alkanes (C10-13) Total,Total Short Chain Chlorinated Alkanes (C10-13),NG/G wet,0.009,,EC-Basconcillo,
167,58763,Lake Trout,Salvelinus,namaycush,33.0,317.0,IMM,,1.0,2011-09-15,2011,Kusawa Lake,Kusawa Lake,60.416492,-136.209119,YT,WHA,Total_MCCP,1.90831,,1,,Chlorinated Alkane,Medium Chain Chlorinated Paraffins (C14-17) Total,Total Medium Chain Chlorinated Paraffins (C14-17),NG/G wet,0.345,,EC-Basconcillo,
168,58763,Lake Trout,Salvelinus,namaycush,33.0,317.0,IMM,,1.0,2011-09-15,2011,Kusawa Lake,Kusawa Lake,60.416492,-136.209119,YT,WHA,Total_SCCP,2.29375,,1,,Chlorinated Alkane,Short Chain Chlorinated Alkanes (C10-13) Total,Total Short Chain Chlorinated Alkanes (C10-13),NG/G wet,0.009,,EC-Basconcillo,
169,58764,Lake Trout,Salvelinus,namaycush,63.0,2272.0,M,,1.0,2011-09-15,2011,Kusawa Lake,Kusawa Lake,60.416492,-136.209119,YT,WHA,Total_MCCP,2.72809,,1,,Chlorinated Alkane,Medium Chain Chlorinated Paraffins (C14-17) Total,Total Medium Chain Chlorinated Paraffins (C14-17),NG/G wet,0.345,,EC-Basconcillo,
170,58764,Lake Trout,Salvelinus,namaycush,63.0,2272.0,M,,1.0,2011-09-15,2011,Kusawa Lake,Kusawa Lake,60.416492,-136.209119,YT,WHA,Total_SCCP,4.20971,,1,,Chlorinated Alkane,Short Chain Chlorinated Alkanes (C10-13) Total,Total Short Chain Chlorinated Alkanes (C10-13),NG/G wet,0.009,,EC-Basconcillo,
171,58765,Lake Trout,Salvelinus,namaycush,34.5,401.0,IMM,,1.0,2011-09-15,2011,Kusawa Lake,Kusawa Lake,60.416492,-136.209119,YT,WHA,Total_MCCP,1.60602,,1,,Chlorinated Alkane,Medium Chain Chlorinated Paraffins (C14-17) Total,Total Medium Chain Chlorinated Paraffins (C14-17),NG/G wet,0.345,,EC-Basconcillo,
172,58765,Lake Trout,Salvelinus,namaycush,34.5,401.0,IMM,,1.0,2011-09-15,2011,Kusawa Lake,Kusawa Lake,60.416492,-136.209119,YT,WHA,Total_SCCP,1.07916,,1,,Chlorinated Alkane,Short Chain Chlorinated Alkanes (C10-13) Total,Total Short Chain Chlorinated Alkanes (C10-13),NG/G wet,0.009,,EC-Basconcillo,
173,58766,Lake Trout,Salvelinus,namaycush,44.0,945.0,M,,1.0,2011-09-15,2011,Kusawa Lake,Kusawa Lake,60.416492,-136.209119,YT,WHA,Total_MCCP,1.18424,,1,,Chlorinated Alkane,Medium Chain Chlorinated Paraffins (C14-17) Total,Total Medium Chain Chlorinated Paraffins (C14-17),NG/G wet,0.345,,EC-Basconcillo,
174,58766,Lake Trout,Salvelinus,namaycush,44.0,945.0,M,,1.0,2011-09-15,2011,Kusawa Lake,Kusawa Lake,60.416492,-136.209119,YT,WHA,Total_SCCP,1.15882,,1,,Chlorinated Alkane,Short Chain Chlorinated Alkanes (C10-13) Total,Total Short Chain Chlorinated Alkanes (C10-13),NG/G wet,0.009,,EC-Basconcillo,
175,58767,Lake Trout,Salvelinus,namaycush,49.5,1140.0,IMM,,1.0,2011-09-15,2011,Kusawa Lake,Kusawa Lake,60.416492,-136.209119,YT,WHA,Total_MCCP,2.14711,,1,,Chlorinated Alkane,Medium Chain Chlorinated Paraffins (C14-17) Total,Total Medium Chain Chlorinated Paraffins (C14-17),NG/G wet,0.345,,EC-Basconcillo,
176,58767,Lake Trout,Salvelinus,namaycush,49.5,1140.0,IMM,,1.0,2011-09-15,2011,Kusawa Lake,Kusawa Lake,60.416492,-136.209119,YT,WHA,Total_SCCP,1.56466,,1,,Chlorinated Alkane,Short Chain Chlorinated Alkanes (C10-13) Total,Total Short Chain Chlorinated Alkanes (C10-13),NG/G wet,0.009,,EC-Basconcillo,
177,58839,Lake Trout,Salvelinus,namaycush,64.0,2958.1,M,ADS,1.0,2012-05-22,2012,Great Bear Lake,Great Bear Lake,66.241197,-123.739014,NWT,WHA,"13C10-1,5,5,6,6,10-hexachlorodecane",102.0,,1,2024-02-20,Chlorinated Alkane,"13C10-1,5,5,6,6,10-hexachlorodecane","13C10-1,5,5,6,6,10-hexachlorodecane",PCT,,,NLET,B_ChlorinatedAlkanes_ISO
178,58839,Lake Trout,Salvelinus,namaycush,64.0,2958.1,M,ADS,1.0,2012-05-22,2012,Great Bear Lake,Great Bear Lake,66.241197,-123.739014,NWT,WHA,"Chlorinated Alkanes, SC (C10-C13), Total",50.0,L,1,2024-02-20,Chlorinated Alkane,Short Chain Chlorinated Alkanes (C10-13) Total,Total Short Chain Chlorinated Alkanes (C10-13),NG/G wet,5.0,,NLET,B_ChlorinatedAlkanes_ISO
179,58842,Lake Trout,Salvelinus,namaycush,77.0,3679.7,M,ADS,1.0,2012-05-22,2012,Great Bear Lake,Great Bear Lake,66.241197,-123.739014,NWT,WHA,"13C10-1,5,5,6,6,10-hexachlorodecane",97.9,,1,2024-02-20,Chlorinated Alkane,"13C10-1,5,5,6,6,10-hexachlorodecane","13C10-1,5,5,6,6,10-hexachlorodecane",PCT,,,NLET,B_ChlorinatedAlkanes_ISO
180,58842,Lake Trout,Salvelinus,namaycush,77.0,3679.7,M,ADS,1.0,2012-05-22,2012,Great Bear Lake,Great Bear Lake,66.241197,-123.739014,NWT,WHA,"Chlorinated Alkanes, SC (C10-C13), Total",50.0,L,1,2024-02-20,Chlorinated Alkane,Short Chain Chlorinated Alkanes (C10-13) Total,Total Short Chain Chlorinated Alkanes (C10-13),NG/G wet,5.0,,NLET,B_ChlorinatedAlkanes_ISO
181,58843,Lake Trout,Salvelinus,namaycush,72.5,3459.9,F,ADS,1.0,2012-05-22,2012,Great Bear Lake,Great Bear Lake,66.241197,-123.739014,NWT,WHA,"13C10-1,5,5,6,6,10-hexachlorodecane      ",76.4,,1,2023-10-26,Chlorinated Alkane,"13C10-1,5,5,6,6,10-hexachlorodecane","13C10-1,5,5,6,6,10-hexachlorodecane",PCT,,,NLET,B_ChlorinatedAlkanes_ISO
182,58843,Lake Trout,Salvelinus,namaycush,72.5,3459.9,F,ADS,1.0,2012-05-22,2012,Great Bear Lake,Great Bear Lake,66.241197,-123.739014,NWT,WHA,"Chlorinated Alkanes, SC (C10-C13), Total ",50.0,L,1,2023-10-26,Chlorinated Alkane,Short Chain Chlorinated Alkanes (C10-13) Total,Total Short Chain Chlorinated Alkanes (C10-13),NG/G wet,5.0,,NLET,B_ChlorinatedAlkanes_ISO
183,58853,Lake Trout,Salvelinus,namaycush,52.5,1372.0,F,ADS,1.0,2012-05-22,2012,Great Bear Lake,Great Bear Lake,66.241197,-123.739014,NWT,WHA,"13C10-1,5,5,6,6,10-hexachlorodecane      ",96.5,,1,2023-10-26,Chlorinated Alkane,"13C10-1,5,5,6,6,10-hexachlorodecane","13C10-1,5,5,6,6,10-hexachlorodecane",PCT,,,NLET,B_ChlorinatedAlkanes_ISO
184,58853,Lake Trout,Salvelinus,namaycush,52.5,1372.0,F,ADS,1.0,2012-05-22,2012,Great Bear Lake,Great Bear Lake,66.241197,-123.739014,NWT,WHA,"Chlorinated Alkanes, SC (C10-C13), Total ",50.0,L,1,2023-10-26,Chlorinated Alkane,Short Chain Chlorinated Alkanes (C10-13) Total,Total Short Chain Chlorinated Alkanes (C10-13),NG/G wet,5.0,,NLET,B_ChlorinatedAlkanes_ISO
185,58856,Lake Trout,Salvelinus,namaycush,71.7,4932.3,F,ADS,1.0,2012-05-22,2012,Great Bear Lake,Great Bear Lake,66.241197,-123.739014,NWT,WHA,"13C10-1,5,5,6,6,10-hexachlorodecane      ",87.7,,1,2023-10-26,Chlorinated Alkane,"13C10-1,5,5,6,6,10-hexachlorodecane","13C10-1,5,5,6,6,10-hexachlorodecane",PCT,,,NLET,B_ChlorinatedAlkanes_ISO
186,58856,Lake Trout,Salvelinus,namaycush,71.7,4932.3,F,ADS,1.0,2012-05-22,2012,Great Bear Lake,Great Bear Lake,66.241197,-123.739014,NWT,WHA,"Chlorinated Alkanes, SC (C10-C13), Total ",50.0,L,1,2023-10-26,Chlorinated Alkane,Short Chain Chlorinated Alkanes (C10-13) Total,Total Short Chain Chlorinated Alkanes (C10-13),NG/G wet,5.0,,NLET,B_ChlorinatedAlkanes_ISO
187,59969,Lake Trout,Salvelinus,namaycush,53.2,1683.0,M,ADS,1.0,2013-05-29,2013,Lake Huron,Southern Basin L Huron,43.75,-81.83333,ON,WHA,"13C10-1,5,5,6,6,10-hexachlorodecane",86.0,,1,2018-02-08,Chlorinated Alkane,"13C10-1,5,5,6,6,10-hexachlorodecane","13C10-1,5,5,6,6,10-hexachlorodecane",PCT,,,NLET,B_ChlorinatedAlkanes_ISO
188,59969,Lake Trout,Salvelinus,namaycush,53.2,1683.0,M,ADS,1.0,2013-05-29,2013,Lake Huron,Southern Basin L Huron,43.75,-81.83333,ON,WHA,"Chlorinated Alkanes, SC (C10-C13), Total",5.0,BDL,1,2018-02-08,Chlorinated Alkane,Short Chain Chlorinated Alkanes (C10-13) Total,Total Short Chain Chlorinated Alkanes (C10-13),NG/G wet,5.0,,NLET,B_ChlorinatedAlkanes_ISO
189,59971,Lake Trout,Salvelinus,namaycush,39.5,661.0,M,ADS,1.0,2013-05-29,2013,Lake Huron,Southern Basin L Huron,43.75,-81.83333,ON,WHA,"13C10-1,5,5,6,6,10-hexachlorodecane",77.0,,1,2018-05-10,Chlorinated Alkane,"13C10-1,5,5,6,6,10-hexachlorodecane","13C10-1,5,5,6,6,10-hexachlorodecane",PCT,,,NLET,B_ChlorinatedAlkanes_ISO
190,59971,Lake Trout,Salvelinus,namaycush,39.5,661.0,M,ADS,1.0,2013-05-29,2013,Lake Huron,Southern Basin L Huron,43.75,-81.83333,ON,WHA,"Chlorinated Alkanes, SC (C10-C13), Total",20.6,,1,2018-05-10,Chlorinated Alkane,Short Chain Chlorinated Alkanes (C10-13) Total,Total Short Chain Chlorinated Alkanes (C10-13),NG/G wet,5.0,,NLET,B_ChlorinatedAlkanes_ISO
191,59973,Lake Trout,Salvelinus,namaycush,55.1,1870.5,M,ADS,1.0,2013-05-29,2013,Lake Huron,Southern Basin L Huron,43.75,-81.83333,ON,WHA,"13C10-1,5,5,6,6,10-hexachlorodecane",97.8,,1,2018-02-08,Chlorinated Alkane,"13C10-1,5,5,6,6,10-hexachlorodecane","13C10-1,5,5,6,6,10-hexachlorodecane",PCT,,,NLET,B_ChlorinatedAlkanes_ISO
192,59973,Lake Trout,Salvelinus,namaycush,55.1,1870.5,M,ADS,1.0,2013-05-29,2013,Lake Huron,Southern Basin L Huron,43.75,-81.83333,ON,WHA,"Chlorinated Alkanes, SC (C10-C13), Total",5.0,BDL,1,2018-02-08,Chlorinated Alkane,Short Chain Chlorinated Alkanes (C10-13) Total,Total Short Chain Chlorinated Alkanes (C10-13),NG/G wet,5.0,,NLET,B_ChlorinatedAlkanes_ISO
193,59987,Lake Trout,Salvelinus,namaycush,47.8,1118.0,F,ADS,1.0,2013-06-05,2013,Lake Huron,Georgian Bay,44.7,-80.58333,ON,WHA,"13C10-1,5,5,6,6,10-hexachlorodecane",99.2,,1,2018-02-08,Chlorinated Alkane,"13C10-1,5,5,6,6,10-hexachlorodecane","13C10-1,5,5,6,6,10-hexachlorodecane",PCT,,,NLET,B_ChlorinatedAlkanes_ISO
194,59987,Lake Trout,Salvelinus,namaycush,47.8,1118.0,F,ADS,1.0,2013-06-05,2013,Lake Huron,Georgian Bay,44.7,-80.58333,ON,WHA,"Chlorinated Alkanes, SC (C10-C13), Total",5.0,BDL,1,2018-02-08,Chlorinated Alkane,Short Chain Chlorinated Alkanes (C10-13) Total,Total Short Chain Chlorinated Alkanes (C10-13),NG/G wet,5.0,,NLET,B_ChlorinatedAlkanes_ISO
195,59988,Lake Trout,Salvelinus,namaycush,52.0,1450.6,M,ADS,1.0,2013-06-05,2013,Lake Huron,Georgian Bay,44.7,-80.58333,ON,WHA,"13C10-1,5,5,6,6,10-hexachlorodecane",110.0,,1,2018-05-10,Chlorinated Alkane,"13C10-1,5,5,6,6,10-hexachlorodecane","13C10-1,5,5,6,6,10-hexachlorodecane",PCT,,,NLET,B_ChlorinatedAlkanes_ISO
196,59988,Lake Trout,Salvelinus,namaycush,52.0,1450.6,M,ADS,1.0,2013-06-05,2013,Lake Huron,Georgian Bay,44.7,-80.58333,ON,WHA,"Chlorinated Alkanes, SC (C10-C13), Total",24.5,,1,2018-05-10,Chlorinated Alkane,Short Chain Chlorinated Alkanes (C10-13) Total,Total Short Chain Chlorinated Alkanes (C10-13),NG/G wet,5.0,,NLET,B_ChlorinatedAlkanes_ISO
197,59989,Lake Trout,Salvelinus,namaycush,46.0,1166.0,F,ADS,1.0,2013-06-05,2013,Lake Huron,Georgian Bay,44.7,-80.58333,ON,WHA,"13C10-1,5,5,6,6,10-hexachlorodecane",102.0,,1,2018-02-08,Chlorinated Alkane,"13C10-1,5,5,6,6,10-hexachlorodecane","13C10-1,5,5,6,6,10-hexachlorodecane",PCT,,,NLET,B_ChlorinatedAlkanes_ISO
198,59989,Lake Trout,Salvelinus,namaycush,46.0,1166.0,F,ADS,1.0,2013-06-05,2013,Lake Huron,Georgian Bay,44.7,-80.58333,ON,WHA,"Chlorinated Alkanes, SC (C10-C13), Total",5.0,BDL,1,2018-02-08,Chlorinated Alkane,Short Chain Chlorinated Alkanes (C10-13) Total,Total Short Chain Chlorinated Alkanes (C10-13),NG/G wet,5.0,,NLET,B_ChlorinatedAlkanes_ISO
199,59994,Lake Trout,Salvelinus,namaycush,46.0,1163.0,M,ADS,1.0,2013-06-05,2013,Lake Huron,Georgian Bay,44.7,-80.58333,ON,WHA,"13C10-1,5,5,6,6,10-hexachlorodecane",94.7,,1,2018-05-10,Chlorinated Alkane,"13C10-1,5,5,6,6,10-hexachlorodecane","13C10-1,5,5,6,6,10-hexachlorodecane",PCT,,,NLET,B_ChlorinatedAlkanes_ISO
200,59994,Lake Trout,Salvelinus,namaycush,46.0,1163.0,M,ADS,1.0,2013-06-05,2013,Lake Huron,Georgian Bay,44.7,-80.58333,ON,WHA,"Chlorinated Alkanes, SC (C10-C13), Total",29.3,,1,2018-05-10,Chlorinated Alkane,Short Chain Chlorinated Alkanes (C10-13) Total,Total Short Chain Chlorinated Alkanes (C10-13),NG/G wet,5.0,,NLET,B_ChlorinatedAlkanes_ISO
201,59995,Lake Trout,Salvelinus,namaycush,45.5,963.0,M,ADS,1.0,2013-06-05,2013,Lake Huron,Georgian Bay,44.7,-80.58333,ON,WHA,"13C10-1,5,5,6,6,10-hexachlorodecane",90.6,,1,2018-05-10,Chlorinated Alkane,"13C10-1,5,5,6,6,10-hexachlorodecane","13C10-1,5,5,6,6,10-hexachlorodecane",PCT,,,NLET,B_ChlorinatedAlkanes_ISO
202,59995,Lake Trout,Salvelinus,namaycush,45.5,963.0,M,ADS,1.0,2013-06-05,2013,Lake Huron,Georgian Bay,44.7,-80.58333,ON,WHA,"13C10-1,5,5,6,6,10-hexachlorodecane",95.6,,2,2025-09-17,Chlorinated Alkane,"13C10-1,5,5,6,6,10-hexachlorodecane","13C10-1,5,5,6,6,10-hexachlorodecane",PCT,,,NLET,B_ChlorinatedAlkanes_ISO
203,59995,Lake Trout,Salvelinus,namaycush,45.5,963.0,M,ADS,1.0,2013-06-05,2013,Lake Huron,Georgian Bay,44.7,-80.58333,ON,WHA,"Chlorinated Alkanes, SC (C10-C13), Total",38.3,,1,2018-05-10,Chlorinated Alkane,Short Chain Chlorinated Alkanes (C10-13) Total,Total Short Chain Chlorinated Alkanes (C10-13),NG/G wet,5.0,,NLET,B_ChlorinatedAlkanes_ISO
204,59995,Lake Trout,Salvelinus,namaycush,45.5,963.0,M,ADS,1.0,2013-06-05,2013,Lake Huron,Georgian Bay,44.7,-80.58333,ON,WHA,"Chlorinated Alkanes, SC (C10-C13), Total",50.0,BDL,2,2025-09-17,Chlorinated Alkane,Short Chain Chlorinated Alkanes (C10-13) Total,Total Short Chain Chlorinated Alkanes (C10-13),NG/G wet,5.0,,NLET,B_ChlorinatedAlkanes_ISO
205,59997,Lake Trout,Salvelinus,namaycush,56.7,2106.9,F,ADS,1.0,2013-06-05,2013,Lake Huron,Georgian Bay,44.7,-80.58333,ON,WHA,"13C10-1,5,5,6,6,10-hexachlorodecane",111.0,,1,2018-05-10,Chlorinated Alkane,"13C10-1,5,5,6,6,10-hexachlorodecane","13C10-1,5,5,6,6,10-hexachlorodecane",PCT,,,NLET,B_ChlorinatedAlkanes_ISO
206,59997,Lake Trout,Salvelinus,namaycush,56.7,2106.9,F,ADS,1.0,2013-06-05,2013,Lake Huron,Georgian Bay,44.7,-80.58333,ON,WHA,"13C10-1,5,5,6,6,10-hexachlorodecane",113.0,,2,2025-09-17,Chlorinated Alkane,"13C10-1,5,5,6,6,10-hexachlorodecane","13C10-1,5,5,6,6,10-hexachlorodecane",PCT,,,NLET,B_ChlorinatedAlkanes_ISO
207,59997,Lake Trout,Salvelinus,namaycush,56.7,2106.9,F,ADS,1.0,2013-06-05,2013,Lake Huron,Georgian Bay,44.7,-80.58333,ON,WHA,"Chlorinated Alkanes, SC (C10-C13), Total",40.0,,1,2018-05-10,Chlorinated Alkane,Short Chain Chlorinated Alkanes (C10-13) Total,Total Short Chain Chlorinated Alkanes (C10-13),NG/G wet,5.0,,NLET,B_ChlorinatedAlkanes_ISO
208,59997,Lake Trout,Salvelinus,namaycush,56.7,2106.9,F,ADS,1.0,2013-06-05,2013,Lake Huron,Georgian Bay,44.7,-80.58333,ON,WHA,"Chlorinated Alkanes, SC (C10-C13), Total",50.0,BDL,2,2025-09-17,Chlorinated Alkane,Short Chain Chlorinated Alkanes (C10-13) Total,Total Short Chain Chlorinated Alkanes (C10-13),NG/G wet,5.0,,NLET,B_ChlorinatedAlkanes_ISO
209,60006,Lake Trout,Salvelinus,namaycush,57.0,2498.4,M,ADS,1.0,2013-07-11,2013,Lake Superior,Whitefish Bay L Superior,46.58333,-84.75,ON,WHA,"13C10-1,5,5,6,6,10-hexachlorodecane",96.4,,1,2018-05-10,Chlorinated Alkane,"13C10-1,5,5,6,6,10-hexachlorodecane","13C10-1,5,5,6,6,10-hexachlorodecane",PCT,,,NLET,B_ChlorinatedAlkanes_ISO
210,60006,Lake Trout,Salvelinus,namaycush,57.0,2498.4,M,ADS,1.0,2013-07-11,2013,Lake Superior,Whitefish Bay L Superior,46.58333,-84.75,ON,WHA,"Chlorinated Alkanes, SC (C10-C13), Total",15.6,,1,2018-05-10,Chlorinated Alkane,Short Chain Chlorinated Alkanes (C10-13) Total,Total Short Chain Chlorinated Alkanes (C10-13),NG/G wet,5.0,,NLET,B_ChlorinatedAlkanes_ISO
211,60008,Lake Trout,Salvelinus,namaycush,57.0,1579.3,F,ADS,1.0,2013-07-11,2013,Lake Superior,Whitefish Bay L Superior,46.58333,-84.75,ON,WHA,"13C10-1,5,5,6,6,10-hexachlorodecane",110.0,,1,2018-05-10,Chlorinated Alkane,"13C10-1,5,5,6,6,10-hexachlorodecane","13C10-1,5,5,6,6,10-hexachlorodecane",PCT,,,NLET,B_ChlorinatedAlkanes_ISO
212,60008,Lake Trout,Salvelinus,namaycush,57.0,1579.3,F,ADS,1.0,2013-07-11,2013,Lake Superior,Whitefish Bay L Superior,46.58333,-84.75,ON,WHA,"13C10-1,5,5,6,6,10-hexachlorodecane",98.6,,2,2025-09-17,Chlorinated Alkane,"13C10-1,5,5,6,6,10-hexachlorodecane","13C10-1,5,5,6,6,10-hexachlorodecane",PCT,,,NLET,B_ChlorinatedAlkanes_ISO
213,60008,Lake Trout,Salvelinus,namaycush,57.0,1579.3,F,ADS,1.0,2013-07-11,2013,Lake Superior,Whitefish Bay L Superior,46.58333,-84.75,ON,WHA,"Chlorinated Alkanes, SC (C10-C13), Total",56.8,,1,2018-05-10,Chlorinated Alkane,Short Chain Chlorinated Alkanes (C10-13) Total,Total Short Chain Chlorinated Alkanes (C10-13),NG/G wet,5.0,,NLET,B_ChlorinatedAlkanes_ISO
214,60008,Lake Trout,Salvelinus,namaycush,57.0,1579.3,F,ADS,1.0,2013-07-11,2013,Lake Superior,Whitefish Bay L Superior,46.58333,-84.75,ON,WHA,"Chlorinated Alkanes, SC (C10-C13), Total",50.0,BDL,2,2025-09-17,Chlorinated Alkane,Short Chain Chlorinated Alkanes (C10-13) Total,Total Short Chain Chlorinated Alkanes (C10-13),NG/G wet,5.0,,NLET,B_ChlorinatedAlkanes_ISO
215,60009,Lake Trout,Salvelinus,namaycush,52.8,1812.0,F,ADS,1.0,2013-07-11,2013,Lake Superior,Whitefish Bay L Superior,46.58333,-84.75,ON,WHA,"13C10-1,5,5,6,6,10-hexachlorodecane",111.0,,1,2018-05-10,Chlorinated Alkane,"13C10-1,5,5,6,6,10-hexachlorodecane","13C10-1,5,5,6,6,10-hexachlorodecane",PCT,,,NLET,B_ChlorinatedAlkanes_ISO
216,60009,Lake Trout,Salvelinus,namaycush,52.8,1812.0,F,ADS,1.0,2013-07-11,2013,Lake Superior,Whitefish Bay L Superior,46.58333,-84.75,ON,WHA,"Chlorinated Alkanes, SC (C10-C13), Total",28.6,,1,2018-05-10,Chlorinated Alkane,Short Chain Chlorinated Alkanes (C10-13) Total,Total Short Chain Chlorinated Alkanes (C10-13),NG/G wet,5.0,,NLET,B_ChlorinatedAlkanes_ISO
217,60010,Lake Trout,Salvelinus,namaycush,43.0,952.5,M,ADS,1.0,2013-07-11,2013,Lake Superior,Whitefish Bay L Superior,46.58333,-84.75,ON,WHA,"13C10-1,5,5,6,6,10-hexachlorodecane",94.3,,1,2018-05-10,Chlorinated Alkane,"13C10-1,5,5,6,6,10-hexachlorodecane","13C10-1,5,5,6,6,10-hexachlorodecane",PCT,,,NLET,B_ChlorinatedAlkanes_ISO
218,60010,Lake Trout,Salvelinus,namaycush,43.0,952.5,M,ADS,1.0,2013-07-11,2013,Lake Superior,Whitefish Bay L Superior,46.58333,-84.75,ON,WHA,"Chlorinated Alkanes, SC (C10-C13), Total",18.8,,1,2018-05-10,Chlorinated Alkane,Short Chain Chlorinated Alkanes (C10-13) Total,Total Short Chain Chlorinated Alkanes (C10-13),NG/G wet,5.0,,NLET,B_ChlorinatedAlkanes_ISO
219,60011,Lake Trout,Salvelinus,namaycush,58.0,2336.0,M,ADS,1.0,2013-07-11,2013,Lake Superior,Whitefish Bay L Superior,46.58333,-84.75,ON,WHA,"13C10-1,5,5,6,6,10-hexachlorodecane",126.0,,1,2018-05-11,Chlorinated Alkane,"13C10-1,5,5,6,6,10-hexachlorodecane","13C10-1,5,5,6,6,10-hexachlorodecane",PCT,,,NLET,B_ChlorinatedAlkanes_ISO
220,60011,Lake Trout,Salvelinus,namaycush,58.0,2336.0,M,ADS,1.0,2013-07-11,2013,Lake Superior,Whitefish Bay L Superior,46.58333,-84.75,ON,WHA,"Chlorinated Alkanes, SC (C10-C13), Total",5.97,,1,2018-05-11,Chlorinated Alkane,Short Chain Chlorinated Alkanes (C10-13) Total,Total Short Chain Chlorinated Alkanes (C10-13),NG/G wet,5.0,,NLET,B_ChlorinatedAlkanes_ISO
221,60012,Lake Trout,Salvelinus,namaycush,58.8,2576.3,F,ADS,1.0,2013-07-11,2013,Lake Superior,Whitefish Bay L Superior,46.58333,-84.75,ON,WHA,"13C10-1,5,5,6,6,10-hexachlorodecane",140.0,,1,2018-05-11,Chlorinated Alkane,"13C10-1,5,5,6,6,10-hexachlorodecane","13C10-1,5,5,6,6,10-hexachlorodecane",PCT,,,NLET,B_ChlorinatedAlkanes_ISO
222,60012,Lake Trout,Salvelinus,namaycush,58.8,2576.3,F,ADS,1.0,2013-07-11,2013,Lake Superior,Whitefish Bay L Superior,46.58333,-84.75,ON,WHA,"Chlorinated Alkanes, SC (C10-C13), Total",6.69,,1,2018-05-11,Chlorinated Alkane,Short Chain Chlorinated Alkanes (C10-13) Total,Total Short Chain Chlorinated Alkanes (C10-13),NG/G wet,5.0,,NLET,B_ChlorinatedAlkanes_ISO
223,60013,Lake Trout,Salvelinus,namaycush,51.0,1505.0,M,ADS,1.0,2013-07-11,2013,Lake Superior,Whitefish Bay L Superior,46.58333,-84.75,ON,WHA,"13C10-1,5,5,6,6,10-hexachlorodecane",145.0,,1,2018-05-11,Chlorinated Alkane,"13C10-1,5,5,6,6,10-hexachlorodecane","13C10-1,5,5,6,6,10-hexachlorodecane",PCT,,,NLET,B_ChlorinatedAlkanes_ISO
224,60013,Lake Trout,Salvelinus,namaycush,51.0,1505.0,M,ADS,1.0,2013-07-11,2013,Lake Superior,Whitefish Bay L Superior,46.58333,-84.75,ON,WHA,"Chlorinated Alkanes, SC (C10-C13), Total",15.0,,1,2018-05-11,Chlorinated Alkane,Short Chain Chlorinated Alkanes (C10-13) Total,Total Short Chain Chlorinated Alkanes (C10-13),NG/G wet,5.0,,NLET,B_ChlorinatedAlkanes_ISO
225,60014,Lake Trout,Salvelinus,namaycush,36.0,645.0,M,ADS,1.0,2013-07-11,2013,Lake Superior,Whitefish Bay L Superior,46.58333,-84.75,ON,WHA,"13C10-1,5,5,6,6,10-hexachlorodecane",101.0,,1,2018-02-09,Chlorinated Alkane,"13C10-1,5,5,6,6,10-hexachlorodecane","13C10-1,5,5,6,6,10-hexachlorodecane",PCT,,,NLET,B_ChlorinatedAlkanes_ISO
226,60014,Lake Trout,Salvelinus,namaycush,36.0,645.0,M,ADS,1.0,2013-07-11,2013,Lake Superior,Whitefish Bay L Superior,46.58333,-84.75,ON,WHA,"Chlorinated Alkanes, SC (C10-C13), Total",5.0,BDL,1,2018-02-09,Chlorinated Alkane,Short Chain Chlorinated Alkanes (C10-13) Total,Total Short Chain Chlorinated Alkanes (C10-13),NG/G wet,5.0,,NLET,B_ChlorinatedAlkanes_ISO
227,60015,Lake Trout,Salvelinus,namaycush,48.0,1188.1,M,ADS,1.0,2013-07-11,2013,Lake Superior,Whitefish Bay L Superior,46.58333,-84.75,ON,WHA,"13C10-1,5,5,6,6,10-hexachlorodecane",101.0,,1,2018-02-09,Chlorinated Alkane,"13C10-1,5,5,6,6,10-hexachlorodecane","13C10-1,5,5,6,6,10-hexachlorodecane",PCT,,,NLET,B_ChlorinatedAlkanes_ISO
228,60015,Lake Trout,Salvelinus,namaycush,48.0,1188.1,M,ADS,1.0,2013-07-11,2013,Lake Superior,Whitefish Bay L Superior,46.58333,-84.75,ON,WHA,"Chlorinated Alkanes, SC (C10-C13), Total",8.28,,1,2018-02-09,Chlorinated Alkane,Short Chain Chlorinated Alkanes (C10-13) Total,Total Short Chain Chlorinated Alkanes (C10-13),NG/G wet,5.0,,NLET,B_ChlorinatedAlkanes_ISO
229,60032,Lake Trout,Salvelinus,namaycush,49.0,1074.5,M,ADS,1.0,2013-07-17,2013,Lake Superior,Thunder Bay L Superior,48.25,-89.0,ON,WHA,"13C10-1,5,5,6,6,10-hexachlorodecane",103.0,,1,2018-02-09,Chlorinated Alkane,"13C10-1,5,5,6,6,10-hexachlorodecane","13C10-1,5,5,6,6,10-hexachlorodecane",PCT,,,NLET,B_ChlorinatedAlkanes_ISO
230,60032,Lake Trout,Salvelinus,namaycush,49.0,1074.5,M,ADS,1.0,2013-07-17,2013,Lake Superior,Thunder Bay L Superior,48.25,-89.0,ON,WHA,"Chlorinated Alkanes, SC (C10-C13), Total",5.0,BDL,1,2018-02-09,Chlorinated Alkane,Short Chain Chlorinated Alkanes (C10-13) Total,Total Short Chain Chlorinated Alkanes (C10-13),NG/G wet,5.0,,NLET,B_ChlorinatedAlkanes_ISO
231,60033,Lake Trout,Salvelinus,namaycush,45.0,841.1,M,ADS,1.0,2013-07-17,2013,Lake Superior,Thunder Bay L Superior,48.25,-89.0,ON,WHA,"13C10-1,5,5,6,6,10-hexachlorodecane",101.0,,1,2018-02-09,Chlorinated Alkane,"13C10-1,5,5,6,6,10-hexachlorodecane","13C10-1,5,5,6,6,10-hexachlorodecane",PCT,,,NLET,B_ChlorinatedAlkanes_ISO
232,60033,Lake Trout,Salvelinus,namaycush,45.0,841.1,M,ADS,1.0,2013-07-17,2013,Lake Superior,Thunder Bay L Superior,48.25,-89.0,ON,WHA,"Chlorinated Alkanes, SC (C10-C13), Total",5.0,BDL,1,2018-02-09,Chlorinated Alkane,Short Chain Chlorinated Alkanes (C10-13) Total,Total Short Chain Chlorinated Alkanes (C10-13),NG/G wet,5.0,,NLET,B_ChlorinatedAlkanes_ISO
233,60034,Lake Trout,Salvelinus,namaycush,54.0,1309.0,M,ADS,1.0,2013-07-17,2013,Lake Superior,Thunder Bay L Superior,48.25,-89.0,ON,WHA,"13C10-1,5,5,6,6,10-hexachlorodecane",154.0,,1,2018-05-11,Chlorinated Alkane,"13C10-1,5,5,6,6,10-hexachlorodecane","13C10-1,5,5,6,6,10-hexachlorodecane",PCT,,,NLET,B_ChlorinatedAlkanes_ISO
234,60034,Lake Trout,Salvelinus,namaycush,54.0,1309.0,M,ADS,1.0,2013-07-17,2013,Lake Superior,Thunder Bay L Superior,48.25,-89.0,ON,WHA,"Chlorinated Alkanes, SC (C10-C13), Total",5.0,BDL,1,2018-05-11,Chlorinated Alkane,Short Chain Chlorinated Alkanes (C10-13) Total,Total Short Chain Chlorinated Alkanes (C10-13),NG/G wet,5.0,,NLET,B_ChlorinatedAlkanes_ISO
235,60035,Lake Trout,Salvelinus,namaycush,37.0,581.6,M,ADS,1.0,2013-07-17,2013,Lake Superior,Thunder Bay L Superior,48.25,-89.0,ON,WHA,"13C10-1,5,5,6,6,10-hexachlorodecane",141.0,,1,2018-05-11,Chlorinated Alkane,"13C10-1,5,5,6,6,10-hexachlorodecane","13C10-1,5,5,6,6,10-hexachlorodecane",PCT,,,NLET,B_ChlorinatedAlkanes_ISO
236,60035,Lake Trout,Salvelinus,namaycush,37.0,581.6,M,ADS,1.0,2013-07-17,2013,Lake Superior,Thunder Bay L Superior,48.25,-89.0,ON,WHA,"Chlorinated Alkanes, SC (C10-C13), Total",8.02,,1,2018-05-11,Chlorinated Alkane,Short Chain Chlorinated Alkanes (C10-13) Total,Total Short Chain Chlorinated Alkanes (C10-13),NG/G wet,5.0,,NLET,B_ChlorinatedAlkanes_ISO
237,60039,Lake Trout,Salvelinus,namaycush,49.0,1046.0,M,ADS,1.0,2013-07-17,2013,Lake Superior,Thunder Bay L Superior,48.25,-89.0,ON,WHA,"13C10-1,5,5,6,6,10-hexachlorodecane",114.0,,1,2018-05-11,Chlorinated Alkane,"13C10-1,5,5,6,6,10-hexachlorodecane","13C10-1,5,5,6,6,10-hexachlorodecane",PCT,,,NLET,B_ChlorinatedAlkanes_ISO
238,60039,Lake Trout,Salvelinus,namaycush,49.0,1046.0,M,ADS,1.0,2013-07-17,2013,Lake Superior,Thunder Bay L Superior,48.25,-89.0,ON,WHA,"Chlorinated Alkanes, SC (C10-C13), Total",5.0,BDL,1,2018-05-11,Chlorinated Alkane,Short Chain Chlorinated Alkanes (C10-13) Total,Total Short Chain Chlorinated Alkanes (C10-13),NG/G wet,5.0,,NLET,B_ChlorinatedAlkanes_ISO
239,60040,Lake Trout,Salvelinus,namaycush,47.5,1003.0,M,ADS,1.0,2013-07-17,2013,Lake Superior,Thunder Bay L Superior,48.25,-89.0,ON,WHA,"13C10-1,5,5,6,6,10-hexachlorodecane",166.0,,1,2018-05-11,Chlorinated Alkane,"13C10-1,5,5,6,6,10-hexachlorodecane","13C10-1,5,5,6,6,10-hexachlorodecane",PCT,,,NLET,B_ChlorinatedAlkanes_ISO
240,60040,Lake Trout,Salvelinus,namaycush,47.5,1003.0,M,ADS,1.0,2013-07-17,2013,Lake Superior,Thunder Bay L Superior,48.25,-89.0,ON,WHA,"Chlorinated Alkanes, SC (C10-C13), Total",5.0,BDL,1,2018-05-11,Chlorinated Alkane,Short Chain Chlorinated Alkanes (C10-13) Total,Total Short Chain Chlorinated Alkanes (C10-13),NG/G wet,5.0,,NLET,B_ChlorinatedAlkanes_ISO
241,60042,Lake Trout,Salvelinus,namaycush,43.0,829.7,F,ADS,1.0,2013-07-17,2013,Lake Superior,Thunder Bay L Superior,48.25,-89.0,ON,WHA,"13C10-1,5,5,6,6,10-hexachlorodecane",120.0,,1,2018-05-25,Chlorinated Alkane,"13C10-1,5,5,6,6,10-hexachlorodecane","13C10-1,5,5,6,6,10-hexachlorodecane",PCT,,,NLET,B_ChlorinatedAlkanes_ISO
242,60042,Lake Trout,Salvelinus,namaycush,43.0,829.7,F,ADS,1.0,2013-07-17,2013,Lake Superior,Thunder Bay L Superior,48.25,-89.0,ON,WHA,"Chlorinated Alkanes, SC (C10-C13), Total",5.0,BDL,1,2018-05-25,Chlorinated Alkane,Short Chain Chlorinated Alkanes (C10-13) Total,Total Short Chain Chlorinated Alkanes (C10-13),NG/G wet,5.0,,NLET,B_ChlorinatedAlkanes_ISO
243,60100,Lake Trout,Salvelinus,namaycush,66.0,3171.0,M,ADS,1.0,2013-08-21,2013,Lake Ontario,Central Basin L Ontario,43.91667,-78.16667,ON,WHA,"13C10-1,5,5,6,6,10-hexachlorodecane",112.0,,1,2018-02-06,Chlorinated Alkane,"13C10-1,5,5,6,6,10-hexachlorodecane","13C10-1,5,5,6,6,10-hexachlorodecane",PCT,,,NLET,B_ChlorinatedAlkanes_ISO
244,60100,Lake Trout,Salvelinus,namaycush,66.0,3171.0,M,ADS,1.0,2013-08-21,2013,Lake Ontario,Central Basin L Ontario,43.91667,-78.16667,ON,WHA,"Chlorinated Alkanes, SC (C10-C13), Total",5.0,BDL,1,2018-02-06,Chlorinated Alkane,Short Chain Chlorinated Alkanes (C10-13) Total,Total Short Chain Chlorinated Alkanes (C10-13),NG/G wet,5.0,,NLET,B_ChlorinatedAlkanes_ISO
245,60101,Lake Trout,Salvelinus,namaycush,60.5,2385.8,M,ADS,1.0,2013-08-21,2013,Lake Ontario,Central Basin L Ontario,43.91667,-78.16667,ON,WHA,"13C10-1,5,5,6,6,10-hexachlorodecane",123.0,,1,2018-02-06,Chlorinated Alkane,"13C10-1,5,5,6,6,10-hexachlorodecane","13C10-1,5,5,6,6,10-hexachlorodecane",PCT,,,NLET,B_ChlorinatedAlkanes_ISO
246,60101,Lake Trout,Salvelinus,namaycush,60.5,2385.8,M,ADS,1.0,2013-08-21,2013,Lake Ontario,Central Basin L Ontario,43.91667,-78.16667,ON,WHA,"Chlorinated Alkanes, SC (C10-C13), Total",5.17,,1,2018-02-06,Chlorinated Alkane,Short Chain Chlorinated Alkanes (C10-13) Total,Total Short Chain Chlorinated Alkanes (C10-13),NG/G wet,5.0,,NLET,B_ChlorinatedAlkanes_ISO
247,60102,Lake Trout,Salvelinus,namaycush,45.0,1155.0,F,ADS,1.0,2013-08-21,2013,Lake Ontario,Central Basin L Ontario,43.91667,-78.16667,ON,WHA,"13C10-1,5,5,6,6,10-hexachlorodecane",119.0,,1,2018-05-25,Chlorinated Alkane,"13C10-1,5,5,6,6,10-hexachlorodecane","13C10-1,5,5,6,6,10-hexachlorodecane",PCT,,,NLET,B_ChlorinatedAlkanes_ISO
248,60102,Lake Trout,Salvelinus,namaycush,45.0,1155.0,F,ADS,1.0,2013-08-21,2013,Lake Ontario,Central Basin L Ontario,43.91667,-78.16667,ON,WHA,"Chlorinated Alkanes, SC (C10-C13), Total",5.0,BDL,1,2018-05-25,Chlorinated Alkane,Short Chain Chlorinated Alkanes (C10-13) Total,Total Short Chain Chlorinated Alkanes (C10-13),NG/G wet,5.0,,NLET,B_ChlorinatedAlkanes_ISO
249,60103,Lake Trout,Salvelinus,namaycush,59.0,2623.5,M,ADS,1.0,2013-08-21,2013,Lake Ontario,Central Basin L Ontario,43.91667,-78.16667,ON,WHA,"13C10-1,5,5,6,6,10-hexachlorodecane",149.0,,1,2018-05-25,Chlorinated Alkane,"13C10-1,5,5,6,6,10-hexachlorodecane","13C10-1,5,5,6,6,10-hexachlorodecane",PCT,,,NLET,B_ChlorinatedAlkanes_ISO
250,60103,Lake Trout,Salvelinus,namaycush,59.0,2623.5,M,ADS,1.0,2013-08-21,2013,Lake Ontario,Central Basin L Ontario,43.91667,-78.16667,ON,WHA,"Chlorinated Alkanes, SC (C10-C13), Total",5.0,BDL,1,2018-05-25,Chlorinated Alkane,Short Chain Chlorinated Alkanes (C10-13) Total,Total Short Chain Chlorinated Alkanes (C10-13),NG/G wet,5.0,,NLET,B_ChlorinatedAlkanes_ISO
251,60104,Lake Trout,Salvelinus,namaycush,62.0,3251.1,F,ADS,1.0,2013-08-21,2013,Lake Ontario,Central Basin L Ontario,43.91667,-78.16667,ON,WHA,"13C10-1,5,5,6,6,10-hexachlorodecane",148.0,,1,2018-05-25,Chlorinated Alkane,"13C10-1,5,5,6,6,10-hexachlorodecane","13C10-1,5,5,6,6,10-hexachlorodecane",PCT,,,NLET,B_ChlorinatedAlkanes_ISO
252,60104,Lake Trout,Salvelinus,namaycush,62.0,3251.1,F,ADS,1.0,2013-08-21,2013,Lake Ontario,Central Basin L Ontario,43.91667,-78.16667,ON,WHA,"Chlorinated Alkanes, SC (C10-C13), Total",5.0,BDL,1,2018-05-25,Chlorinated Alkane,Short Chain Chlorinated Alkanes (C10-13) Total,Total Short Chain Chlorinated Alkanes (C10-13),NG/G wet,5.0,,NLET,B_ChlorinatedAlkanes_ISO
253,60105,Lake Trout,Salvelinus,namaycush,52.5,1727.0,M,ADS,1.0,2013-08-21,2013,Lake Ontario,Central Basin L Ontario,43.91667,-78.16667,ON,WHA,"13C10-1,5,5,6,6,10-hexachlorodecane",135.0,,1,2018-06-01,Chlorinated Alkane,"13C10-1,5,5,6,6,10-hexachlorodecane","13C10-1,5,5,6,6,10-hexachlorodecane",PCT,,,NLET,B_ChlorinatedAlkanes_ISO
254,60105,Lake Trout,Salvelinus,namaycush,52.5,1727.0,M,ADS,1.0,2013-08-21,2013,Lake Ontario,Central Basin L Ontario,43.91667,-78.16667,ON,WHA,"Chlorinated Alkanes, SC (C10-C13), Total",5.0,BDL,1,2018-06-01,Chlorinated Alkane,Short Chain Chlorinated Alkanes (C10-13) Total,Total Short Chain Chlorinated Alkanes (C10-13),NG/G wet,5.0,,NLET,B_ChlorinatedAlkanes_ISO
255,60106,Lake Trout,Salvelinus,namaycush,63.0,3840.0,F,ADS,1.0,2013-08-21,2013,Lake Ontario,Central Basin L Ontario,43.91667,-78.16667,ON,WHA,"13C10-1,5,5,6,6,10-hexachlorodecane",126.0,,1,2018-06-01,Chlorinated Alkane,"13C10-1,5,5,6,6,10-hexachlorodecane","13C10-1,5,5,6,6,10-hexachlorodecane",PCT,,,NLET,B_ChlorinatedAlkanes_ISO
256,60106,Lake Trout,Salvelinus,namaycush,63.0,3840.0,F,ADS,1.0,2013-08-21,2013,Lake Ontario,Central Basin L Ontario,43.91667,-78.16667,ON,WHA,"Chlorinated Alkanes, SC (C10-C13), Total",5.0,BDL,1,2018-06-01,Chlorinated Alkane,Short Chain Chlorinated Alkanes (C10-13) Total,Total Short Chain Chlorinated Alkanes (C10-13),NG/G wet,5.0,,NLET,B_ChlorinatedAlkanes_ISO
257,60107,Lake Trout,Salvelinus,namaycush,69.0,4817.0,F,ADS,1.0,2013-08-21,2013,Lake Ontario,Central Basin L Ontario,43.91667,-78.16667,ON,WHA,"13C10-1,5,5,6,6,10-hexachlorodecane",130.0,,1,2018-06-01,Chlorinated Alkane,"13C10-1,5,5,6,6,10-hexachlorodecane","13C10-1,5,5,6,6,10-hexachlorodecane",PCT,,,NLET,B_ChlorinatedAlkanes_ISO
258,60107,Lake Trout,Salvelinus,namaycush,69.0,4817.0,F,ADS,1.0,2013-08-21,2013,Lake Ontario,Central Basin L Ontario,43.91667,-78.16667,ON,WHA,"Chlorinated Alkanes, SC (C10-C13), Total",5.0,BDL,1,2018-06-01,Chlorinated Alkane,Short Chain Chlorinated Alkanes (C10-13) Total,Total Short Chain Chlorinated Alkanes (C10-13),NG/G wet,5.0,,NLET,B_ChlorinatedAlkanes_ISO
259,60108,Lake Trout,Salvelinus,namaycush,73.0,5052.8,F,ADS,1.0,2013-08-21,2013,Lake Ontario,Central Basin L Ontario,43.91667,-78.16667,ON,WHA,"13C10-1,5,5,6,6,10-hexachlorodecane",133.0,,1,2018-06-01,Chlorinated Alkane,"13C10-1,5,5,6,6,10-hexachlorodecane","13C10-1,5,5,6,6,10-hexachlorodecane",PCT,,,NLET,B_ChlorinatedAlkanes_ISO
260,60108,Lake Trout,Salvelinus,namaycush,73.0,5052.8,F,ADS,1.0,2013-08-21,2013,Lake Ontario,Central Basin L Ontario,43.91667,-78.16667,ON,WHA,"Chlorinated Alkanes, SC (C10-C13), Total",5.0,BDL,1,2018-06-01,Chlorinated Alkane,Short Chain Chlorinated Alkanes (C10-13) Total,Total Short Chain Chlorinated Alkanes (C10-13),NG/G wet,5.0,,NLET,B_ChlorinatedAlkanes_ISO
261,60109,Lake Trout,Salvelinus,namaycush,49.5,1510.0,M,ADS,1.0,2013-08-21,2013,Lake Ontario,Central Basin L Ontario,43.91667,-78.16667,ON,WHA,"13C10-1,5,5,6,6,10-hexachlorodecane",168.0,,1,2018-06-01,Chlorinated Alkane,"13C10-1,5,5,6,6,10-hexachlorodecane","13C10-1,5,5,6,6,10-hexachlorodecane",PCT,,,NLET,B_ChlorinatedAlkanes_ISO
262,60109,Lake Trout,Salvelinus,namaycush,49.5,1510.0,M,ADS,1.0,2013-08-21,2013,Lake Ontario,Central Basin L Ontario,43.91667,-78.16667,ON,WHA,"Chlorinated Alkanes, SC (C10-C13), Total",5.0,BDL,1,2018-06-01,Chlorinated Alkane,Short Chain Chlorinated Alkanes (C10-13) Total,Total Short Chain Chlorinated Alkanes (C10-13),NG/G wet,5.0,,NLET,B_ChlorinatedAlkanes_ISO
263,60125,Lake Trout,Salvelinus,namaycush,59.5,2074.0,M,ADS,1.0,2013-08-27,2013,Lake Ontario,Niagara Basin,43.3333,-79.08333,ON,WHA,"13C10-1,5,5,6,6,10-hexachlorodecane",95.1,,1,2018-01-08,Chlorinated Alkane,"13C10-1,5,5,6,6,10-hexachlorodecane","13C10-1,5,5,6,6,10-hexachlorodecane",PCT,,,NLET,B_ChlorinatedAlkanes_ISO
264,60125,Lake Trout,Salvelinus,namaycush,59.5,2074.0,M,ADS,1.0,2013-08-27,2013,Lake Ontario,Niagara Basin,43.3333,-79.08333,ON,WHA,"Chlorinated Alkanes, SC (C10-C13), Total",14.0,,1,2018-01-08,Chlorinated Alkane,Short Chain Chlorinated Alkanes (C10-13) Total,Total Short Chain Chlorinated Alkanes (C10-13),NG/G wet,5.0,,NLET,B_ChlorinatedAlkanes_ISO
265,60126,Lake Trout,Salvelinus,namaycush,63.0,3493.1,F,ADS,1.0,2013-08-27,2013,Lake Ontario,Niagara Basin,43.3333,-79.08333,ON,WHA,"13C10-1,5,5,6,6,10-hexachlorodecane",107.0,,1,2018-01-08,Chlorinated Alkane,"13C10-1,5,5,6,6,10-hexachlorodecane","13C10-1,5,5,6,6,10-hexachlorodecane",PCT,,,NLET,B_ChlorinatedAlkanes_ISO
266,60126,Lake Trout,Salvelinus,namaycush,63.0,3493.1,F,ADS,1.0,2013-08-27,2013,Lake Ontario,Niagara Basin,43.3333,-79.08333,ON,WHA,"Chlorinated Alkanes, SC (C10-C13), Total",12.4,,1,2018-01-08,Chlorinated Alkane,Short Chain Chlorinated Alkanes (C10-13) Total,Total Short Chain Chlorinated Alkanes (C10-13),NG/G wet,5.0,,NLET,B_ChlorinatedAlkanes_ISO
267,60127,Lake Trout,Salvelinus,namaycush,57.0,1998.0,M,ADS,1.0,2013-08-27,2013,Lake Ontario,Niagara Basin,43.3333,-79.08333,ON,WHA,"13C10-1,5,5,6,6,10-hexachlorodecane",109.0,,1,2018-01-08,Chlorinated Alkane,"13C10-1,5,5,6,6,10-hexachlorodecane","13C10-1,5,5,6,6,10-hexachlorodecane",PCT,,,NLET,B_ChlorinatedAlkanes_ISO
268,60127,Lake Trout,Salvelinus,namaycush,57.0,1998.0,M,ADS,1.0,2013-08-27,2013,Lake Ontario,Niagara Basin,43.3333,-79.08333,ON,WHA,"Chlorinated Alkanes, SC (C10-C13), Total",5.0,BDL,1,2018-01-08,Chlorinated Alkane,Short Chain Chlorinated Alkanes (C10-13) Total,Total Short Chain Chlorinated Alkanes (C10-13),NG/G wet,5.0,,NLET,B_ChlorinatedAlkanes_ISO
269,60128,Lake Trout,Salvelinus,namaycush,61.0,2944.6,M,ADS,1.0,2013-08-27,2013,Lake Ontario,Niagara Basin,43.3333,-79.08333,ON,WHA,"13C10-1,5,5,6,6,10-hexachlorodecane",93.5,,1,2018-01-08,Chlorinated Alkane,"13C10-1,5,5,6,6,10-hexachlorodecane","13C10-1,5,5,6,6,10-hexachlorodecane",PCT,,,NLET,B_ChlorinatedAlkanes_ISO
270,60128,Lake Trout,Salvelinus,namaycush,61.0,2944.6,M,ADS,1.0,2013-08-27,2013,Lake Ontario,Niagara Basin,43.3333,-79.08333,ON,WHA,"Chlorinated Alkanes, SC (C10-C13), Total",7.0,,1,2018-01-08,Chlorinated Alkane,Short Chain Chlorinated Alkanes (C10-13) Total,Total Short Chain Chlorinated Alkanes (C10-13),NG/G wet,5.0,,NLET,B_ChlorinatedAlkanes_ISO
271,60131,Lake Trout,Salvelinus,namaycush,52.0,1410.0,M,ADS,1.0,2013-08-27,2013,Lake Ontario,Niagara Basin,43.3333,-79.08333,ON,WHA,"13C10-1,5,5,6,6,10-hexachlorodecane",78.4,,1,2018-01-08,Chlorinated Alkane,"13C10-1,5,5,6,6,10-hexachlorodecane","13C10-1,5,5,6,6,10-hexachlorodecane",PCT,,,NLET,B_ChlorinatedAlkanes_ISO
272,60131,Lake Trout,Salvelinus,namaycush,52.0,1410.0,M,ADS,1.0,2013-08-27,2013,Lake Ontario,Niagara Basin,43.3333,-79.08333,ON,WHA,"Chlorinated Alkanes, SC (C10-C13), Total",9.39,,1,2018-01-08,Chlorinated Alkane,Short Chain Chlorinated Alkanes (C10-13) Total,Total Short Chain Chlorinated Alkanes (C10-13),NG/G wet,5.0,,NLET,B_ChlorinatedAlkanes_ISO
273,60132,Lake Trout,Salvelinus,namaycush,72.0,4266.2,F,ADS,1.0,2013-08-27,2013,Lake Ontario,Niagara Basin,43.3333,-79.08333,ON,WHA,"13C10-1,5,5,6,6,10-hexachlorodecane",77.9,,1,2018-01-08,Chlorinated Alkane,"13C10-1,5,5,6,6,10-hexachlorodecane","13C10-1,5,5,6,6,10-hexachlorodecane",PCT,,,NLET,B_ChlorinatedAlkanes_ISO
274,60132,Lake Trout,Salvelinus,namaycush,72.0,4266.2,F,ADS,1.0,2013-08-27,2013,Lake Ontario,Niagara Basin,43.3333,-79.08333,ON,WHA,"Chlorinated Alkanes, SC (C10-C13), Total",10.6,,1,2018-01-08,Chlorinated Alkane,Short Chain Chlorinated Alkanes (C10-13) Total,Total Short Chain Chlorinated Alkanes (C10-13),NG/G wet,5.0,,NLET,B_ChlorinatedAlkanes_ISO
275,60134,Lake Trout,Salvelinus,namaycush,67.8,3660.0,F,ADS,1.0,2013-08-27,2013,Lake Ontario,Niagara Basin,43.3333,-79.08333,ON,WHA,"13C10-1,5,5,6,6,10-hexachlorodecane",87.0,,1,2018-01-08,Chlorinated Alkane,"13C10-1,5,5,6,6,10-hexachlorodecane","13C10-1,5,5,6,6,10-hexachlorodecane",PCT,,,NLET,B_ChlorinatedAlkanes_ISO
276,60134,Lake Trout,Salvelinus,namaycush,67.8,3660.0,F,ADS,1.0,2013-08-27,2013,Lake Ontario,Niagara Basin,43.3333,-79.08333,ON,WHA,"Chlorinated Alkanes, SC (C10-C13), Total",5.09,,1,2018-01-08,Chlorinated Alkane,Short Chain Chlorinated Alkanes (C10-13) Total,Total Short Chain Chlorinated Alkanes (C10-13),NG/G wet,5.0,,NLET,B_ChlorinatedAlkanes_ISO
277,60140,Lake Trout,Salvelinus,namaycush,65.5,3252.4,M,ADS,1.0,2013-08-27,2013,Lake Ontario,Niagara Basin,43.3333,-79.08333,ON,WHA,"13C10-1,5,5,6,6,10-hexachlorodecane",91.7,,1,2018-01-08,Chlorinated Alkane,"13C10-1,5,5,6,6,10-hexachlorodecane","13C10-1,5,5,6,6,10-hexachlorodecane",PCT,,,NLET,B_ChlorinatedAlkanes_ISO
278,60140,Lake Trout,Salvelinus,namaycush,65.5,3252.4,M,ADS,1.0,2013-08-27,2013,Lake Ontario,Niagara Basin,43.3333,-79.08333,ON,WHA,"13C10-1,5,5,6,6,10-hexachlorodecane",109.0,,2,2025-09-17,Chlorinated Alkane,"13C10-1,5,5,6,6,10-hexachlorodecane","13C10-1,5,5,6,6,10-hexachlorodecane",PCT,,,NLET,B_ChlorinatedAlkanes_ISO
279,60140,Lake Trout,Salvelinus,namaycush,65.5,3252.4,M,ADS,1.0,2013-08-27,2013,Lake Ontario,Niagara Basin,43.3333,-79.08333,ON,WHA,"Chlorinated Alkanes, SC (C10-C13), Total",30.6,,1,2018-01-08,Chlorinated Alkane,Short Chain Chlorinated Alkanes (C10-13) Total,Total Short Chain Chlorinated Alkanes (C10-13),NG/G wet,5.0,,NLET,B_ChlorinatedAlkanes_ISO
280,60140,Lake Trout,Salvelinus,namaycush,65.5,3252.4,M,ADS,1.0,2013-08-27,2013,Lake Ontario,Niagara Basin,43.3333,-79.08333,ON,WHA,"Chlorinated Alkanes, SC (C10-C13), Total",50.0,BDL,2,2025-09-17,Chlorinated Alkane,Short Chain Chlorinated Alkanes (C10-13) Total,Total Short Chain Chlorinated Alkanes (C10-13),NG/G wet,5.0,,NLET,B_ChlorinatedAlkanes_ISO
281,60145,Lake Trout,Salvelinus,namaycush,63.0,4262.3,F,ADS,1.0,2013-08-27,2013,Lake Ontario,Niagara Basin,43.3333,-79.08333,ON,WHA,"13C10-1,5,5,6,6,10-hexachlorodecane",99.6,,1,2018-01-08,Chlorinated Alkane,"13C10-1,5,5,6,6,10-hexachlorodecane","13C10-1,5,5,6,6,10-hexachlorodecane",PCT,,,NLET,B_ChlorinatedAlkanes_ISO
282,60145,Lake Trout,Salvelinus,namaycush,63.0,4262.3,F,ADS,1.0,2013-08-27,2013,Lake Ontario,Niagara Basin,43.3333,-79.08333,ON,WHA,"Chlorinated Alkanes, SC (C10-C13), Total",5.75,,1,2018-01-08,Chlorinated Alkane,Short Chain Chlorinated Alkanes (C10-13) Total,Total Short Chain Chlorinated Alkanes (C10-13),NG/G wet,5.0,,NLET,B_ChlorinatedAlkanes_ISO
283,60149,Lake Trout,Salvelinus,namaycush,62.0,3339.0,M,ADS,1.0,2013-08-27,2013,Lake Ontario,Niagara Basin,43.3333,-79.08333,ON,WHA,"13C10-1,5,5,6,6,10-hexachlorodecane",102.0,,1,2018-01-08,Chlorinated Alkane,"13C10-1,5,5,6,6,10-hexachlorodecane","13C10-1,5,5,6,6,10-hexachlorodecane",PCT,,,NLET,B_ChlorinatedAlkanes_ISO
284,60149,Lake Trout,Salvelinus,namaycush,62.0,3339.0,M,ADS,1.0,2013-08-27,2013,Lake Ontario,Niagara Basin,43.3333,-79.08333,ON,WHA,"Chlorinated Alkanes, SC (C10-C13), Total",5.54,,1,2018-01-08,Chlorinated Alkane,Short Chain Chlorinated Alkanes (C10-13) Total,Total Short Chain Chlorinated Alkanes (C10-13),NG/G wet,5.0,,NLET,B_ChlorinatedAlkanes_ISO
285,60195,Lake Trout,Salvelinus,namaycush,59.0,2953.7,M,ADS,1.0,2013-08-13,2013,Lake Erie,Eastern Basin L Erie,42.54222,-79.38167,ON,WHA,"13C10-1,5,5,6,6,10-hexachlorodecane",140.0,,1,2018-06-01,Chlorinated Alkane,"13C10-1,5,5,6,6,10-hexachlorodecane","13C10-1,5,5,6,6,10-hexachlorodecane",PCT,,,NLET,B_ChlorinatedAlkanes_ISO
286,60195,Lake Trout,Salvelinus,namaycush,59.0,2953.7,M,ADS,1.0,2013-08-13,2013,Lake Erie,Eastern Basin L Erie,42.54222,-79.38167,ON,WHA,"Chlorinated Alkanes, SC (C10-C13), Total",5.0,BDL,1,2018-06-01,Chlorinated Alkane,Short Chain Chlorinated Alkanes (C10-13) Total,Total Short Chain Chlorinated Alkanes (C10-13),NG/G wet,5.0,,NLET,B_ChlorinatedAlkanes_ISO
287,60198,Lake Trout,Salvelinus,namaycush,50.0,1928.0,F,ADS,1.0,2013-08-13,2013,Lake Erie,Eastern Basin L Erie,42.54222,-79.38167,ON,WHA,"13C10-1,5,5,6,6,10-hexachlorodecane",108.0,,1,2018-02-08,Chlorinated Alkane,"13C10-1,5,5,6,6,10-hexachlorodecane","13C10-1,5,5,6,6,10-hexachlorodecane",PCT,,,NLET,B_ChlorinatedAlkanes_ISO
288,60198,Lake Trout,Salvelinus,namaycush,50.0,1928.0,F,ADS,1.0,2013-08-13,2013,Lake Erie,Eastern Basin L Erie,42.54222,-79.38167,ON,WHA,"Chlorinated Alkanes, SC (C10-C13), Total",5.0,BDL,1,2018-02-08,Chlorinated Alkane,Short Chain Chlorinated Alkanes (C10-13) Total,Total Short Chain Chlorinated Alkanes (C10-13),NG/G wet,5.0,,NLET,B_ChlorinatedAlkanes_ISO
289,60200,Lake Trout,Salvelinus,namaycush,65.0,3672.1,M,ADS,1.0,2013-08-13,2013,Lake Erie,Eastern Basin L Erie,42.54222,-79.38167,ON,WHA,"13C10-1,5,5,6,6,10-hexachlorodecane",116.0,,1,2018-02-08,Chlorinated Alkane,"13C10-1,5,5,6,6,10-hexachlorodecane","13C10-1,5,5,6,6,10-hexachlorodecane",PCT,,,NLET,B_ChlorinatedAlkanes_ISO
290,60200,Lake Trout,Salvelinus,namaycush,65.0,3672.1,M,ADS,1.0,2013-08-13,2013,Lake Erie,Eastern Basin L Erie,42.54222,-79.38167,ON,WHA,"Chlorinated Alkanes, SC (C10-C13), Total",5.0,BDL,1,2018-02-08,Chlorinated Alkane,Short Chain Chlorinated Alkanes (C10-13) Total,Total Short Chain Chlorinated Alkanes (C10-13),NG/G wet,5.0,,NLET,B_ChlorinatedAlkanes_ISO
291,60218,Lake Trout,Salvelinus,namaycush,68.0,3940.0,M,ADS,1.0,2013-09-19,2013,Lake Ontario,Eastern Basin L Ontario,44.08333333,-76.66666667,ON,WHA,"13C10-1,5,5,6,6,10-hexachlorodecane",126.0,,1,2018-02-06,Chlorinated Alkane,"13C10-1,5,5,6,6,10-hexachlorodecane","13C10-1,5,5,6,6,10-hexachlorodecane",PCT,,,NLET,B_ChlorinatedAlkanes_ISO
292,60218,Lake Trout,Salvelinus,namaycush,68.0,3940.0,M,ADS,1.0,2013-09-19,2013,Lake Ontario,Eastern Basin L Ontario,44.08333333,-76.66666667,ON,WHA,"Chlorinated Alkanes, SC (C10-C13), Total",5.0,BDL,1,2018-02-06,Chlorinated Alkane,Short Chain Chlorinated Alkanes (C10-13) Total,Total Short Chain Chlorinated Alkanes (C10-13),NG/G wet,5.0,,NLET,B_ChlorinatedAlkanes_ISO
293,60222,Lake Trout,Salvelinus,namaycush,74.0,4742.8,F,ADS,1.0,2013-09-19,2013,Lake Ontario,Eastern Basin L Ontario,44.08333333,-76.66666667,ON,WHA,"13C10-1,5,5,6,6,10-hexachlorodecane",102.0,,1,2018-02-08,Chlorinated Alkane,"13C10-1,5,5,6,6,10-hexachlorodecane","13C10-1,5,5,6,6,10-hexachlorodecane",PCT,,,NLET,B_ChlorinatedAlkanes_ISO
294,60222,Lake Trout,Salvelinus,namaycush,74.0,4742.8,F,ADS,1.0,2013-09-19,2013,Lake Ontario,Eastern Basin L Ontario,44.08333333,-76.66666667,ON,WHA,"Chlorinated Alkanes, SC (C10-C13), Total",5.0,BDL,1,2018-02-08,Chlorinated Alkane,Short Chain Chlorinated Alkanes (C10-13) Total,Total Short Chain Chlorinated Alkanes (C10-13),NG/G wet,5.0,,NLET,B_ChlorinatedAlkanes_ISO
295,60310,Lake Trout,Salvelinus,namaycush,61.0,2786.1,M,ADS,1.0,2013-10-24,2013,Lake Ontario,Western Basin L Ontario,43.5,-79.58333,ON,WHA,"13C10-1,5,5,6,6,10-hexachlorodecane",132.0,,1,2018-02-06,Chlorinated Alkane,"13C10-1,5,5,6,6,10-hexachlorodecane","13C10-1,5,5,6,6,10-hexachlorodecane",PCT,,,NLET,B_ChlorinatedAlkanes_ISO
296,60310,Lake Trout,Salvelinus,namaycush,61.0,2786.1,M,ADS,1.0,2013-10-24,2013,Lake Ontario,Western Basin L Ontario,43.5,-79.58333,ON,WHA,"Chlorinated Alkanes, SC (C10-C13), Total",5.0,BDL,1,2018-02-06,Chlorinated Alkane,Short Chain Chlorinated Alkanes (C10-13) Total,Total Short Chain Chlorinated Alkanes (C10-13),NG/G wet,5.0,,NLET,B_ChlorinatedAlkanes_ISO
297,60312,Lake Trout,Salvelinus,namaycush,61.0,2454.4,F,ADS,1.0,2013-10-24,2013,Lake Ontario,Western Basin L Ontario,43.5,-79.58333,ON,WHA,"13C10-1,5,5,6,6,10-hexachlorodecane",119.0,,1,2018-06-01,Chlorinated Alkane,"13C10-1,5,5,6,6,10-hexachlorodecane","13C10-1,5,5,6,6,10-hexachlorodecane",PCT,,,NLET,B_ChlorinatedAlkanes_ISO
298,60312,Lake Trout,Salvelinus,namaycush,61.0,2454.4,F,ADS,1.0,2013-10-24,2013,Lake Ontario,Western Basin L Ontario,43.5,-79.58333,ON,WHA,"Chlorinated Alkanes, SC (C10-C13), Total",5.0,BDL,1,2018-06-01,Chlorinated Alkane,Short Chain Chlorinated Alkanes (C10-13) Total,Total Short Chain Chlorinated Alkanes (C10-13),NG/G wet,5.0,,NLET,B_ChlorinatedAlkanes_ISO
299,60313,Lake Trout,Salvelinus,namaycush,64.5,3585.2,M,ADS,1.0,2013-10-24,2013,Lake Ontario,Western Basin L Ontario,43.5,-79.58333,ON,WHA,"13C10-1,5,5,6,6,10-hexachlorodecane",144.0,,1,2018-02-06,Chlorinated Alkane,"13C10-1,5,5,6,6,10-hexachlorodecane","13C10-1,5,5,6,6,10-hexachlorodecane",PCT,,,NLET,B_ChlorinatedAlkanes_ISO
300,60313,Lake Trout,Salvelinus,namaycush,64.5,3585.2,M,ADS,1.0,2013-10-24,2013,Lake Ontario,Western Basin L Ontario,43.5,-79.58333,ON,WHA,"Chlorinated Alkanes, SC (C10-C13), Total",18.6,,1,2018-02-06,Chlorinated Alkane,Short Chain Chlorinated Alkanes (C10-13) Total,Total Short Chain Chlorinated Alkanes (C10-13),NG/G wet,5.0,,NLET,B_ChlorinatedAlkanes_ISO
301,60314,Lake Trout,Salvelinus,namaycush,60.0,3445.1,F,ADS,1.0,2013-10-24,2013,Lake Ontario,Western Basin L Ontario,43.5,-79.58333,ON,WHA,"13C10-1,5,5,6,6,10-hexachlorodecane",119.0,,1,2018-06-01,Chlorinated Alkane,"13C10-1,5,5,6,6,10-hexachlorodecane","13C10-1,5,5,6,6,10-hexachlorodecane",PCT,,,NLET,B_ChlorinatedAlkanes_ISO
302,60314,Lake Trout,Salvelinus,namaycush,60.0,3445.1,F,ADS,1.0,2013-10-24,2013,Lake Ontario,Western Basin L Ontario,43.5,-79.58333,ON,WHA,"Chlorinated Alkanes, SC (C10-C13), Total",5.0,BDL,1,2018-06-01,Chlorinated Alkane,Short Chain Chlorinated Alkanes (C10-13) Total,Total Short Chain Chlorinated Alkanes (C10-13),NG/G wet,5.0,,NLET,B_ChlorinatedAlkanes_ISO
303,60315,Lake Trout,Salvelinus,namaycush,52.0,1166.3,F,ADS,1.0,2013-10-24,2013,Lake Ontario,Western Basin L Ontario,43.5,-79.58333,ON,WHA,"13C10-1,5,5,6,6,10-hexachlorodecane",95.2,,1,2018-06-20,Chlorinated Alkane,"13C10-1,5,5,6,6,10-hexachlorodecane","13C10-1,5,5,6,6,10-hexachlorodecane",PCT,,,NLET,B_ChlorinatedAlkanes_ISO
304,60315,Lake Trout,Salvelinus,namaycush,52.0,1166.3,F,ADS,1.0,2013-10-24,2013,Lake Ontario,Western Basin L Ontario,43.5,-79.58333,ON,WHA,"Chlorinated Alkanes, SC (C10-C13), Total",5.0,BDL,1,2018-06-20,Chlorinated Alkane,Short Chain Chlorinated Alkanes (C10-13) Total,Total Short Chain Chlorinated Alkanes (C10-13),NG/G wet,5.0,,NLET,B_ChlorinatedAlkanes_ISO
305,60412,Lake Trout,Salvelinus,namaycush,44.0,1120.0,M,ADS,1.0,2013-07-18,2013,Great Bear Lake,Great Bear Lake,66.241197,-123.739014,NWT,WHA,"13C10-1,5,5,6,6,10-hexachlorodecane      ",151.0,,1,2018-09-13,Chlorinated Alkane,"13C10-1,5,5,6,6,10-hexachlorodecane","13C10-1,5,5,6,6,10-hexachlorodecane",PCT,,,NLET,B_ChlorinatedAlkanes_ISO
306,60412,Lake Trout,Salvelinus,namaycush,44.0,1120.0,M,ADS,1.0,2013-07-18,2013,Great Bear Lake,Great Bear Lake,66.241197,-123.739014,NWT,WHA,"Chlorinated Alkanes, SC (C10-C13), Total ",5.0,BDL,1,2018-09-13,Chlorinated Alkane,Short Chain Chlorinated Alkanes (C10-13) Total,Total Short Chain Chlorinated Alkanes (C10-13),NG/G wet,5.0,,NLET,B_ChlorinatedAlkanes_ISO
307,60413,Lake Trout,Salvelinus,namaycush,76.5,4989.0,F,ADS,1.0,2013-07-18,2013,Great Bear Lake,Great Bear Lake,66.241197,-123.739014,NWT,WHA,"13C10-1,5,5,6,6,10-hexachlorodecane      ",134.0,,1,2018-09-13,Chlorinated Alkane,"13C10-1,5,5,6,6,10-hexachlorodecane","13C10-1,5,5,6,6,10-hexachlorodecane",PCT,,,NLET,B_ChlorinatedAlkanes_ISO
308,60413,Lake Trout,Salvelinus,namaycush,76.5,4989.0,F,ADS,1.0,2013-07-18,2013,Great Bear Lake,Great Bear Lake,66.241197,-123.739014,NWT,WHA,"Chlorinated Alkanes, SC (C10-C13), Total ",5.73,,1,2018-09-13,Chlorinated Alkane,Short Chain Chlorinated Alkanes (C10-13) Total,Total Short Chain Chlorinated Alkanes (C10-13),NG/G wet,5.0,,NLET,B_ChlorinatedAlkanes_ISO
309,60414,Lake Trout,Salvelinus,namaycush,82.5,5908.0,M,ADS,1.0,2013-07-18,2013,Great Bear Lake,Great Bear Lake,66.241197,-123.739014,NWT,WHA,"13C10-1,5,5,6,6,10-hexachlorodecane",130.0,,1,2018-02-28,Chlorinated Alkane,"13C10-1,5,5,6,6,10-hexachlorodecane","13C10-1,5,5,6,6,10-hexachlorodecane",PCT,,,NLET,B_ChlorinatedAlkanes_ISO
310,60414,Lake Trout,Salvelinus,namaycush,82.5,5908.0,M,ADS,1.0,2013-07-18,2013,Great Bear Lake,Great Bear Lake,66.241197,-123.739014,NWT,WHA,"Chlorinated Alkanes, SC (C10-C13), Total",13.4,,1,2018-02-28,Chlorinated Alkane,Short Chain Chlorinated Alkanes (C10-13) Total,Total Short Chain Chlorinated Alkanes (C10-13),NG/G wet,5.0,,NLET,B_ChlorinatedAlkanes_ISO
311,60415,Lake Trout,Salvelinus,namaycush,90.0,6099.8,F,ADS,1.0,2013-07-18,2013,Great Bear Lake,Great Bear Lake,66.241197,-123.739014,NWT,WHA,"13C10-1,5,5,6,6,10-hexachlorodecane",96.4,,1,2018-02-28,Chlorinated Alkane,"13C10-1,5,5,6,6,10-hexachlorodecane","13C10-1,5,5,6,6,10-hexachlorodecane",PCT,,,NLET,B_ChlorinatedAlkanes_ISO
312,60415,Lake Trout,Salvelinus,namaycush,90.0,6099.8,F,ADS,1.0,2013-07-18,2013,Great Bear Lake,Great Bear Lake,66.241197,-123.739014,NWT,WHA,"Chlorinated Alkanes, SC (C10-C13), Total",9.05,,1,2018-02-28,Chlorinated Alkane,Short Chain Chlorinated Alkanes (C10-13) Total,Total Short Chain Chlorinated Alkanes (C10-13),NG/G wet,5.0,,NLET,B_ChlorinatedAlkanes_ISO
313,60416,Lake Trout,Salvelinus,namaycush,67.0,2919.0,M,ADS,1.0,2013-07-18,2013,Great Bear Lake,Great Bear Lake,66.241197,-123.739014,NWT,WHA,"13C10-1,5,5,6,6,10-hexachlorodecane      ",95.9,,1,2018-09-17,Chlorinated Alkane,"13C10-1,5,5,6,6,10-hexachlorodecane","13C10-1,5,5,6,6,10-hexachlorodecane",PCT,,,NLET,B_ChlorinatedAlkanes_ISO
314,60416,Lake Trout,Salvelinus,namaycush,67.0,2919.0,M,ADS,1.0,2013-07-18,2013,Great Bear Lake,Great Bear Lake,66.241197,-123.739014,NWT,WHA,"Chlorinated Alkanes, SC (C10-C13), Total ",7.03,,1,2018-09-17,Chlorinated Alkane,Short Chain Chlorinated Alkanes (C10-13) Total,Total Short Chain Chlorinated Alkanes (C10-13),NG/G wet,5.0,,NLET,B_ChlorinatedAlkanes_ISO
315,60417,Lake Trout,Salvelinus,namaycush,80.0,5173.8,F,ADS,1.0,2013-07-18,2013,Great Bear Lake,Great Bear Lake,66.241197,-123.739014,NWT,WHA,"13C10-1,5,5,6,6,10-hexachlorodecane      ",102.0,,1,2018-09-17,Chlorinated Alkane,"13C10-1,5,5,6,6,10-hexachlorodecane","13C10-1,5,5,6,6,10-hexachlorodecane",PCT,,,NLET,B_ChlorinatedAlkanes_ISO
316,60417,Lake Trout,Salvelinus,namaycush,80.0,5173.8,F,ADS,1.0,2013-07-18,2013,Great Bear Lake,Great Bear Lake,66.241197,-123.739014,NWT,WHA,"Chlorinated Alkanes, SC (C10-C13), Total ",5.0,BDL,1,2018-09-17,Chlorinated Alkane,Short Chain Chlorinated Alkanes (C10-13) Total,Total Short Chain Chlorinated Alkanes (C10-13),NG/G wet,5.0,,NLET,B_ChlorinatedAlkanes_ISO
317,60419,Lake Trout,Salvelinus,namaycush,83.0,5620.0,F,ADS,1.0,2013-07-18,2013,Great Bear Lake,Great Bear Lake,66.241197,-123.739014,NWT,WHA,"13C10-1,5,5,6,6,10-hexachlorodecane      ",129.0,,1,2018-09-17,Chlorinated Alkane,"13C10-1,5,5,6,6,10-hexachlorodecane","13C10-1,5,5,6,6,10-hexachlorodecane",PCT,,,NLET,B_ChlorinatedAlkanes_ISO
318,60419,Lake Trout,Salvelinus,namaycush,83.0,5620.0,F,ADS,1.0,2013-07-18,2013,Great Bear Lake,Great Bear Lake,66.241197,-123.739014,NWT,WHA,"Chlorinated Alkanes, SC (C10-C13), Total ",5.0,BDL,1,2018-09-17,Chlorinated Alkane,Short Chain Chlorinated Alkanes (C10-13) Total,Total Short Chain Chlorinated Alkanes (C10-13),NG/G wet,5.0,,NLET,B_ChlorinatedAlkanes_ISO
319,60420,Lake Trout,Salvelinus,namaycush,65.0,2453.0,F,ADS,1.0,2013-07-18,2013,Great Bear Lake,Great Bear Lake,66.241197,-123.739014,NWT,WHA,"13C10-1,5,5,6,6,10-hexachlorodecane      ",125.0,,1,2018-09-17,Chlorinated Alkane,"13C10-1,5,5,6,6,10-hexachlorodecane","13C10-1,5,5,6,6,10-hexachlorodecane",PCT,,,NLET,B_ChlorinatedAlkanes_ISO
320,60420,Lake Trout,Salvelinus,namaycush,65.0,2453.0,F,ADS,1.0,2013-07-18,2013,Great Bear Lake,Great Bear Lake,66.241197,-123.739014,NWT,WHA,"Chlorinated Alkanes, SC (C10-C13), Total ",5.0,BDL,1,2018-09-17,Chlorinated Alkane,Short Chain Chlorinated Alkanes (C10-13) Total,Total Short Chain Chlorinated Alkanes (C10-13),NG/G wet,5.0,,NLET,B_ChlorinatedAlkanes_ISO
321,60421,Lake Trout,Salvelinus,namaycush,57.5,1883.0,M,ADS,1.0,2013-07-18,2013,Great Bear Lake,Great Bear Lake,66.241197,-123.739014,NWT,WHA,"13C10-1,5,5,6,6,10-hexachlorodecane      ",148.0,,1,2018-09-17,Chlorinated Alkane,"13C10-1,5,5,6,6,10-hexachlorodecane","13C10-1,5,5,6,6,10-hexachlorodecane",PCT,,,NLET,B_ChlorinatedAlkanes_ISO
322,60421,Lake Trout,Salvelinus,namaycush,57.5,1883.0,M,ADS,1.0,2013-07-18,2013,Great Bear Lake,Great Bear Lake,66.241197,-123.739014,NWT,WHA,"Chlorinated Alkanes, SC (C10-C13), Total ",31.8,,1,2018-09-17,Chlorinated Alkane,Short Chain Chlorinated Alkanes (C10-13) Total,Total Short Chain Chlorinated Alkanes (C10-13),NG/G wet,5.0,,NLET,B_ChlorinatedAlkanes_ISO
323,60422,Lake Trout,Salvelinus,namaycush,77.0,4657.8,M,ADS,1.0,2013-07-18,2013,Great Bear Lake,Great Bear Lake,66.241197,-123.739014,NWT,WHA,"13C10-1,5,5,6,6,10-hexachlorodecane      ",110.0,,1,2018-09-17,Chlorinated Alkane,"13C10-1,5,5,6,6,10-hexachlorodecane","13C10-1,5,5,6,6,10-hexachlorodecane",PCT,,,NLET,B_ChlorinatedAlkanes_ISO
324,60422,Lake Trout,Salvelinus,namaycush,77.0,4657.8,M,ADS,1.0,2013-07-18,2013,Great Bear Lake,Great Bear Lake,66.241197,-123.739014,NWT,WHA,"Chlorinated Alkanes, SC (C10-C13), Total ",5.0,BDL,1,2018-09-17,Chlorinated Alkane,Short Chain Chlorinated Alkanes (C10-13) Total,Total Short Chain Chlorinated Alkanes (C10-13),NG/G wet,5.0,,NLET,B_ChlorinatedAlkanes_ISO
325,60425,Lake Trout,Salvelinus,namaycush,68.0,3343.0,F,ADS,1.0,2013-07-18,2013,Great Bear Lake,Great Bear Lake,66.241197,-123.739014,NWT,WHA,"13C10-1,5,5,6,6,10-hexachlorodecane",94.9,,1,2024-02-20,Chlorinated Alkane,"13C10-1,5,5,6,6,10-hexachlorodecane","13C10-1,5,5,6,6,10-hexachlorodecane",PCT,,,NLET,B_ChlorinatedAlkanes_ISO
326,60425,Lake Trout,Salvelinus,namaycush,68.0,3343.0,F,ADS,1.0,2013-07-18,2013,Great Bear Lake,Great Bear Lake,66.241197,-123.739014,NWT,WHA,"Chlorinated Alkanes, SC (C10-C13), Total",50.0,L,1,2024-02-20,Chlorinated Alkane,Short Chain Chlorinated Alkanes (C10-13) Total,Total Short Chain Chlorinated Alkanes (C10-13),NG/G wet,5.0,,NLET,B_ChlorinatedAlkanes_ISO
327,60568,Lake Trout,Salvelinus,namaycush,43.0,765.0,M,ADS,1.0,2013-08-30,2013,Lake Huron,Southern Basin L Huron,43.75,-81.83333,ON,WHA,"13C10-1,5,5,6,6,10-hexachlorodecane",117.0,,1,2018-06-20,Chlorinated Alkane,"13C10-1,5,5,6,6,10-hexachlorodecane","13C10-1,5,5,6,6,10-hexachlorodecane",PCT,,,NLET,B_ChlorinatedAlkanes_ISO
328,60568,Lake Trout,Salvelinus,namaycush,43.0,765.0,M,ADS,1.0,2013-08-30,2013,Lake Huron,Southern Basin L Huron,43.75,-81.83333,ON,WHA,"Chlorinated Alkanes, SC (C10-C13), Total",5.0,BDL,1,2018-06-20,Chlorinated Alkane,Short Chain Chlorinated Alkanes (C10-13) Total,Total Short Chain Chlorinated Alkanes (C10-13),NG/G wet,5.0,,NLET,B_ChlorinatedAlkanes_ISO
329,60570,Lake Trout,Salvelinus,namaycush,60.0,2130.0,F,ADS,1.0,2013-08-30,2013,Lake Huron,Southern Basin L Huron,43.75,-81.83333,ON,WHA,"13C10-1,5,5,6,6,10-hexachlorodecane",130.0,,1,2018-06-20,Chlorinated Alkane,"13C10-1,5,5,6,6,10-hexachlorodecane","13C10-1,5,5,6,6,10-hexachlorodecane",PCT,,,NLET,B_ChlorinatedAlkanes_ISO
330,60570,Lake Trout,Salvelinus,namaycush,60.0,2130.0,F,ADS,1.0,2013-08-30,2013,Lake Huron,Southern Basin L Huron,43.75,-81.83333,ON,WHA,"Chlorinated Alkanes, SC (C10-C13), Total",5.0,BDL,1,2018-06-20,Chlorinated Alkane,Short Chain Chlorinated Alkanes (C10-13) Total,Total Short Chain Chlorinated Alkanes (C10-13),NG/G wet,5.0,,NLET,B_ChlorinatedAlkanes_ISO
331,60576,Lake Trout,Salvelinus,namaycush,49.0,1242.5,M,ADS,1.0,2013-08-30,2013,Lake Huron,Southern Basin L Huron,43.75,-81.83333,ON,WHA,"13C10-1,5,5,6,6,10-hexachlorodecane",98.9,,1,2018-06-20,Chlorinated Alkane,"13C10-1,5,5,6,6,10-hexachlorodecane","13C10-1,5,5,6,6,10-hexachlorodecane",PCT,,,NLET,B_ChlorinatedAlkanes_ISO
332,60576,Lake Trout,Salvelinus,namaycush,49.0,1242.5,M,ADS,1.0,2013-08-30,2013,Lake Huron,Southern Basin L Huron,43.75,-81.83333,ON,WHA,"Chlorinated Alkanes, SC (C10-C13), Total",5.0,BDL,1,2018-06-20,Chlorinated Alkane,Short Chain Chlorinated Alkanes (C10-13) Total,Total Short Chain Chlorinated Alkanes (C10-13),NG/G wet,5.0,,NLET,B_ChlorinatedAlkanes_ISO
333,60577,Lake Trout,Salvelinus,namaycush,49.0,1313.1,M,ADS,1.0,2013-08-30,2013,Lake Huron,Southern Basin L Huron,43.75,-81.83333,ON,WHA,"13C10-1,5,5,6,6,10-hexachlorodecane",82.3,,1,2018-06-20,Chlorinated Alkane,"13C10-1,5,5,6,6,10-hexachlorodecane","13C10-1,5,5,6,6,10-hexachlorodecane",PCT,,,NLET,B_ChlorinatedAlkanes_ISO
334,60577,Lake Trout,Salvelinus,namaycush,49.0,1313.1,M,ADS,1.0,2013-08-30,2013,Lake Huron,Southern Basin L Huron,43.75,-81.83333,ON,WHA,"Chlorinated Alkanes, SC (C10-C13), Total",5.0,BDL,1,2018-06-20,Chlorinated Alkane,Short Chain Chlorinated Alkanes (C10-13) Total,Total Short Chain Chlorinated Alkanes (C10-13),NG/G wet,5.0,,NLET,B_ChlorinatedAlkanes_ISO
335,60583,Lake Trout,Salvelinus,namaycush,55.0,1980.0,M,ADS,1.0,2013-07-22,2013,Lake Huron,North Channel L Huron,45.91666667,-83.5,ON,WHA,"13C10-1,5,5,6,6,10-hexachlorodecane",88.6,,1,2018-06-20,Chlorinated Alkane,"13C10-1,5,5,6,6,10-hexachlorodecane","13C10-1,5,5,6,6,10-hexachlorodecane",PCT,,,NLET,B_ChlorinatedAlkanes_ISO
336,60583,Lake Trout,Salvelinus,namaycush,55.0,1980.0,M,ADS,1.0,2013-07-22,2013,Lake Huron,North Channel L Huron,45.91666667,-83.5,ON,WHA,"Chlorinated Alkanes, SC (C10-C13), Total",5.0,BDL,1,2018-06-20,Chlorinated Alkane,Short Chain Chlorinated Alkanes (C10-13) Total,Total Short Chain Chlorinated Alkanes (C10-13),NG/G wet,5.0,,NLET,B_ChlorinatedAlkanes_ISO
337,60584,Lake Trout,Salvelinus,namaycush,53.0,1732.1,M,ADS,1.0,2013-07-22,2013,Lake Huron,North Channel L Huron,45.91666667,-83.5,ON,WHA,"13C10-1,5,5,6,6,10-hexachlorodecane",91.8,,1,2018-06-20,Chlorinated Alkane,"13C10-1,5,5,6,6,10-hexachlorodecane","13C10-1,5,5,6,6,10-hexachlorodecane",PCT,,,NLET,B_ChlorinatedAlkanes_ISO
338,60584,Lake Trout,Salvelinus,namaycush,53.0,1732.1,M,ADS,1.0,2013-07-22,2013,Lake Huron,North Channel L Huron,45.91666667,-83.5,ON,WHA,"Chlorinated Alkanes, SC (C10-C13), Total",5.0,BDL,1,2018-06-20,Chlorinated Alkane,Short Chain Chlorinated Alkanes (C10-13) Total,Total Short Chain Chlorinated Alkanes (C10-13),NG/G wet,5.0,,NLET,B_ChlorinatedAlkanes_ISO
339,60585,Lake Trout,Salvelinus,namaycush,55.0,1663.0,M,ADS,1.0,2013-07-22,2013,Lake Huron,North Channel L Huron,45.91666667,-83.5,ON,WHA,"13C10-1,5,5,6,6,10-hexachlorodecane",69.1,,1,2018-06-20,Chlorinated Alkane,"13C10-1,5,5,6,6,10-hexachlorodecane","13C10-1,5,5,6,6,10-hexachlorodecane",PCT,,,NLET,B_ChlorinatedAlkanes_ISO
340,60585,Lake Trout,Salvelinus,namaycush,55.0,1663.0,M,ADS,1.0,2013-07-22,2013,Lake Huron,North Channel L Huron,45.91666667,-83.5,ON,WHA,"Chlorinated Alkanes, SC (C10-C13), Total",5.0,BDL,1,2018-06-20,Chlorinated Alkane,Short Chain Chlorinated Alkanes (C10-13) Total,Total Short Chain Chlorinated Alkanes (C10-13),NG/G wet,5.0,,NLET,B_ChlorinatedAlkanes_ISO
341,60586,Lake Trout,Salvelinus,namaycush,59.0,2300.5,F,ADS,1.0,2013-07-22,2013,Lake Huron,North Channel L Huron,45.91666667,-83.5,ON,WHA,"13C10-1,5,5,6,6,10-hexachlorodecane",63.7,,1,2018-06-21,Chlorinated Alkane,"13C10-1,5,5,6,6,10-hexachlorodecane","13C10-1,5,5,6,6,10-hexachlorodecane",PCT,,,NLET,B_ChlorinatedAlkanes_ISO
342,60586,Lake Trout,Salvelinus,namaycush,59.0,2300.5,F,ADS,1.0,2013-07-22,2013,Lake Huron,North Channel L Huron,45.91666667,-83.5,ON,WHA,"Chlorinated Alkanes, SC (C10-C13), Total",5.0,BDL,1,2018-06-21,Chlorinated Alkane,Short Chain Chlorinated Alkanes (C10-13) Total,Total Short Chain Chlorinated Alkanes (C10-13),NG/G wet,5.0,,NLET,B_ChlorinatedAlkanes_ISO
343,60587,Lake Trout,Salvelinus,namaycush,59.0,2594.3,F,ADS,1.0,2013-07-22,2013,Lake Huron,North Channel L Huron,45.91666667,-83.5,ON,WHA,"13C10-1,5,5,6,6,10-hexachlorodecane",70.3,,1,2018-06-21,Chlorinated Alkane,"13C10-1,5,5,6,6,10-hexachlorodecane","13C10-1,5,5,6,6,10-hexachlorodecane",PCT,,,NLET,B_ChlorinatedAlkanes_ISO
344,60587,Lake Trout,Salvelinus,namaycush,59.0,2594.3,F,ADS,1.0,2013-07-22,2013,Lake Huron,North Channel L Huron,45.91666667,-83.5,ON,WHA,"Chlorinated Alkanes, SC (C10-C13), Total",5.0,BDL,1,2018-06-21,Chlorinated Alkane,Short Chain Chlorinated Alkanes (C10-13) Total,Total Short Chain Chlorinated Alkanes (C10-13),NG/G wet,5.0,,NLET,B_ChlorinatedAlkanes_ISO
345,60588,Lake Trout,Salvelinus,namaycush,63.0,2455.0,M,ADS,1.0,2013-07-22,2013,Lake Huron,North Channel L Huron,45.91666667,-83.5,ON,WHA,"13C10-1,5,5,6,6,10-hexachlorodecane",58.1,,1,2018-06-21,Chlorinated Alkane,"13C10-1,5,5,6,6,10-hexachlorodecane","13C10-1,5,5,6,6,10-hexachlorodecane",PCT,,,NLET,B_ChlorinatedAlkanes_ISO
346,60588,Lake Trout,Salvelinus,namaycush,63.0,2455.0,M,ADS,1.0,2013-07-22,2013,Lake Huron,North Channel L Huron,45.91666667,-83.5,ON,WHA,"Chlorinated Alkanes, SC (C10-C13), Total",5.0,BDL,1,2018-06-21,Chlorinated Alkane,Short Chain Chlorinated Alkanes (C10-13) Total,Total Short Chain Chlorinated Alkanes (C10-13),NG/G wet,5.0,,NLET,B_ChlorinatedAlkanes_ISO
347,60589,Lake Trout,Salvelinus,namaycush,61.0,3266.0,M,ADS,1.0,2013-07-22,2013,Lake Huron,North Channel L Huron,45.91666667,-83.5,ON,WHA,"13C10-1,5,5,6,6,10-hexachlorodecane",75.4,,1,2018-06-21,Chlorinated Alkane,"13C10-1,5,5,6,6,10-hexachlorodecane","13C10-1,5,5,6,6,10-hexachlorodecane",PCT,,,NLET,B_ChlorinatedAlkanes_ISO
348,60589,Lake Trout,Salvelinus,namaycush,61.0,3266.0,M,ADS,1.0,2013-07-22,2013,Lake Huron,North Channel L Huron,45.91666667,-83.5,ON,WHA,"Chlorinated Alkanes, SC (C10-C13), Total",5.0,BDL,1,2018-06-21,Chlorinated Alkane,Short Chain Chlorinated Alkanes (C10-13) Total,Total Short Chain Chlorinated Alkanes (C10-13),NG/G wet,5.0,,NLET,B_ChlorinatedAlkanes_ISO
349,60592,Lake Trout,Salvelinus,namaycush,53.0,1416.5,M,ADS,1.0,2013-07-22,2013,Lake Huron,North Channel L Huron,45.91666667,-83.5,ON,WHA,"13C10-1,5,5,6,6,10-hexachlorodecane",96.5,,1,2018-02-09,Chlorinated Alkane,"13C10-1,5,5,6,6,10-hexachlorodecane","13C10-1,5,5,6,6,10-hexachlorodecane",PCT,,,NLET,B_ChlorinatedAlkanes_ISO
350,60592,Lake Trout,Salvelinus,namaycush,53.0,1416.5,M,ADS,1.0,2013-07-22,2013,Lake Huron,North Channel L Huron,45.91666667,-83.5,ON,WHA,"Chlorinated Alkanes, SC (C10-C13), Total",5.0,BDL,1,2018-02-09,Chlorinated Alkane,Short Chain Chlorinated Alkanes (C10-13) Total,Total Short Chain Chlorinated Alkanes (C10-13),NG/G wet,5.0,,NLET,B_ChlorinatedAlkanes_ISO
351,60593,Lake Trout,Salvelinus,namaycush,62.5,2744.0,F,ADS,1.0,2013-07-22,2013,Lake Huron,North Channel L Huron,45.91666667,-83.5,ON,WHA,"13C10-1,5,5,6,6,10-hexachlorodecane",103.0,,1,2018-02-09,Chlorinated Alkane,"13C10-1,5,5,6,6,10-hexachlorodecane","13C10-1,5,5,6,6,10-hexachlorodecane",PCT,,,NLET,B_ChlorinatedAlkanes_ISO
352,60593,Lake Trout,Salvelinus,namaycush,62.5,2744.0,F,ADS,1.0,2013-07-22,2013,Lake Huron,North Channel L Huron,45.91666667,-83.5,ON,WHA,"Chlorinated Alkanes, SC (C10-C13), Total",5.0,BDL,1,2018-02-09,Chlorinated Alkane,Short Chain Chlorinated Alkanes (C10-13) Total,Total Short Chain Chlorinated Alkanes (C10-13),NG/G wet,5.0,,NLET,B_ChlorinatedAlkanes_ISO
353,60745,Lake Trout,Salvelinus,namaycush,53.0,1265.7,M,ADS,1.0,2013-11-30,2013,Lake Athabasca,Lake Athabasca,59.279265,-106.031857,SK,WHA,"13C10-1,5,5,6,6,10-hexachlorodecane      ",115.0,,1,2018-10-11,Chlorinated Alkane,"13C10-1,5,5,6,6,10-hexachlorodecane","13C10-1,5,5,6,6,10-hexachlorodecane",PCT,,,NLET,B_ChlorinatedAlkanes_ISO
354,60745,Lake Trout,Salvelinus,namaycush,53.0,1265.7,M,ADS,1.0,2013-11-30,2013,Lake Athabasca,Lake Athabasca,59.279265,-106.031857,SK,WHA,"Chlorinated Alkanes, SC (C10-C13), Total ",12.1,,1,2018-10-11,Chlorinated Alkane,Short Chain Chlorinated Alkanes (C10-13) Total,Total Short Chain Chlorinated Alkanes (C10-13),NG/G wet,5.0,,NLET,B_ChlorinatedAlkanes_ISO
355,60746,Lake Trout,Salvelinus,namaycush,62.0,1926.1,M,ADS,1.0,2013-11-30,2013,Lake Athabasca,Lake Athabasca,59.279265,-106.031857,SK,WHA,"13C10-1,5,5,6,6,10-hexachlorodecane      ",109.0,,1,2018-10-11,Chlorinated Alkane,"13C10-1,5,5,6,6,10-hexachlorodecane","13C10-1,5,5,6,6,10-hexachlorodecane",PCT,,,NLET,B_ChlorinatedAlkanes_ISO
356,60746,Lake Trout,Salvelinus,namaycush,62.0,1926.1,M,ADS,1.0,2013-11-30,2013,Lake Athabasca,Lake Athabasca,59.279265,-106.031857,SK,WHA,"Chlorinated Alkanes, SC (C10-C13), Total ",5.0,BDL,1,2018-10-11,Chlorinated Alkane,Short Chain Chlorinated Alkanes (C10-13) Total,Total Short Chain Chlorinated Alkanes (C10-13),NG/G wet,5.0,,NLET,B_ChlorinatedAlkanes_ISO
357,60747,Lake Trout,Salvelinus,namaycush,58.5,1747.5,M,ADS,1.0,2013-11-30,2013,Lake Athabasca,Lake Athabasca,59.279265,-106.031857,SK,WHA,"13C10-1,5,5,6,6,10-hexachlorodecane",104.0,,1,2018-03-13,Chlorinated Alkane,"13C10-1,5,5,6,6,10-hexachlorodecane","13C10-1,5,5,6,6,10-hexachlorodecane",PCT,,,NLET,B_ChlorinatedAlkanes_ISO
358,60747,Lake Trout,Salvelinus,namaycush,58.5,1747.5,M,ADS,1.0,2013-11-30,2013,Lake Athabasca,Lake Athabasca,59.279265,-106.031857,SK,WHA,"Chlorinated Alkanes, SC (C10-C13), Total",5.0,BDL,1,2018-03-13,Chlorinated Alkane,Short Chain Chlorinated Alkanes (C10-13) Total,Total Short Chain Chlorinated Alkanes (C10-13),NG/G wet,5.0,,NLET,B_ChlorinatedAlkanes_ISO
359,60748,Lake Trout,Salvelinus,namaycush,60.5,2110.0,M,ADS,1.0,2013-11-30,2013,Lake Athabasca,Lake Athabasca,59.279265,-106.031857,SK,WHA,"13C10-1,5,5,6,6,10-hexachlorodecane      ",103.0,,1,2018-10-11,Chlorinated Alkane,"13C10-1,5,5,6,6,10-hexachlorodecane","13C10-1,5,5,6,6,10-hexachlorodecane",PCT,,,NLET,B_ChlorinatedAlkanes_ISO
360,60748,Lake Trout,Salvelinus,namaycush,60.5,2110.0,M,ADS,1.0,2013-11-30,2013,Lake Athabasca,Lake Athabasca,59.279265,-106.031857,SK,WHA,"Chlorinated Alkanes, SC (C10-C13), Total ",5.0,BDL,1,2018-10-11,Chlorinated Alkane,Short Chain Chlorinated Alkanes (C10-13) Total,Total Short Chain Chlorinated Alkanes (C10-13),NG/G wet,5.0,,NLET,B_ChlorinatedAlkanes_ISO
361,60749,Lake Trout,Salvelinus,namaycush,65.0,2229.5,M,ADS,1.0,2013-11-30,2013,Lake Athabasca,Lake Athabasca,59.279265,-106.031857,SK,WHA,"13C10-1,5,5,6,6,10-hexachlorodecane",107.0,,1,2018-03-13,Chlorinated Alkane,"13C10-1,5,5,6,6,10-hexachlorodecane","13C10-1,5,5,6,6,10-hexachlorodecane",PCT,,,NLET,B_ChlorinatedAlkanes_ISO
362,60749,Lake Trout,Salvelinus,namaycush,65.0,2229.5,M,ADS,1.0,2013-11-30,2013,Lake Athabasca,Lake Athabasca,59.279265,-106.031857,SK,WHA,"Chlorinated Alkanes, SC (C10-C13), Total",5.0,BDL,1,2018-03-13,Chlorinated Alkane,Short Chain Chlorinated Alkanes (C10-13) Total,Total Short Chain Chlorinated Alkanes (C10-13),NG/G wet,5.0,,NLET,B_ChlorinatedAlkanes_ISO
363,60759,Lake Trout,Salvelinus,namaycush,69.0,2445.0,F,ADS,1.0,2013-12-10,2013,Lake Athabasca,Lake Athabasca,58.705519,-111.090317,AB,WHA,"13C10-1,5,5,6,6,10-hexachlorodecane",125.0,,1,2018-02-28,Chlorinated Alkane,"13C10-1,5,5,6,6,10-hexachlorodecane","13C10-1,5,5,6,6,10-hexachlorodecane",PCT,,,NLET,B_ChlorinatedAlkanes_ISO
364,60759,Lake Trout,Salvelinus,namaycush,69.0,2445.0,F,ADS,1.0,2013-12-10,2013,Lake Athabasca,Lake Athabasca,58.705519,-111.090317,AB,WHA,"Chlorinated Alkanes, SC (C10-C13), Total",9.02,,1,2018-02-28,Chlorinated Alkane,Short Chain Chlorinated Alkanes (C10-13) Total,Total Short Chain Chlorinated Alkanes (C10-13),NG/G wet,5.0,,NLET,B_ChlorinatedAlkanes_ISO
365,60760,Lake Trout,Salvelinus,namaycush,69.5,2582.0,F,ADS,1.0,2013-12-10,2013,Lake Athabasca,Lake Athabasca,58.705519,-111.090317,AB,WHA,"13C10-1,5,5,6,6,10-hexachlorodecane",99.9,,1,2018-02-28,Chlorinated Alkane,"13C10-1,5,5,6,6,10-hexachlorodecane","13C10-1,5,5,6,6,10-hexachlorodecane",PCT,,,NLET,B_ChlorinatedAlkanes_ISO
366,60760,Lake Trout,Salvelinus,namaycush,69.5,2582.0,F,ADS,1.0,2013-12-10,2013,Lake Athabasca,Lake Athabasca,58.705519,-111.090317,AB,WHA,"Chlorinated Alkanes, SC (C10-C13), Total",17.8,,1,2018-02-28,Chlorinated Alkane,Short Chain Chlorinated Alkanes (C10-13) Total,Total Short Chain Chlorinated Alkanes (C10-13),NG/G wet,5.0,,NLET,B_ChlorinatedAlkanes_ISO
367,60761,Lake Trout,Salvelinus,namaycush,70.0,3060.0,F,ADS,1.0,2013-12-10,2013,Lake Athabasca,Lake Athabasca,58.705519,-111.090317,AB,WHA,"13C10-1,5,5,6,6,10-hexachlorodecane      ",89.5,,1,2018-10-11,Chlorinated Alkane,"13C10-1,5,5,6,6,10-hexachlorodecane","13C10-1,5,5,6,6,10-hexachlorodecane",PCT,,,NLET,B_ChlorinatedAlkanes_ISO
368,60761,Lake Trout,Salvelinus,namaycush,70.0,3060.0,F,ADS,1.0,2013-12-10,2013,Lake Athabasca,Lake Athabasca,58.705519,-111.090317,AB,WHA,"Chlorinated Alkanes, SC (C10-C13), Total ",5.0,BDL,1,2018-10-11,Chlorinated Alkane,Short Chain Chlorinated Alkanes (C10-13) Total,Total Short Chain Chlorinated Alkanes (C10-13),NG/G wet,5.0,,NLET,B_ChlorinatedAlkanes_ISO
369,60762,Lake Trout,Salvelinus,namaycush,66.5,2059.0,F,ADS,1.0,2013-12-10,2013,Lake Athabasca,Lake Athabasca,58.705519,-111.090317,AB,WHA,"13C10-1,5,5,6,6,10-hexachlorodecane      ",89.2,,1,2018-10-11,Chlorinated Alkane,"13C10-1,5,5,6,6,10-hexachlorodecane","13C10-1,5,5,6,6,10-hexachlorodecane",PCT,,,NLET,B_ChlorinatedAlkanes_ISO
370,60762,Lake Trout,Salvelinus,namaycush,66.5,2059.0,F,ADS,1.0,2013-12-10,2013,Lake Athabasca,Lake Athabasca,58.705519,-111.090317,AB,WHA,"Chlorinated Alkanes, SC (C10-C13), Total ",5.0,BDL,1,2018-10-11,Chlorinated Alkane,Short Chain Chlorinated Alkanes (C10-13) Total,Total Short Chain Chlorinated Alkanes (C10-13),NG/G wet,5.0,,NLET,B_ChlorinatedAlkanes_ISO
371,60763,Lake Trout,Salvelinus,namaycush,62.0,2186.0,M,ADS,1.0,2013-12-10,2013,Lake Athabasca,Lake Athabasca,58.705519,-111.090317,AB,WHA,"13C10-1,5,5,6,6,10-hexachlorodecane      ",98.1,,1,2018-10-11,Chlorinated Alkane,"13C10-1,5,5,6,6,10-hexachlorodecane","13C10-1,5,5,6,6,10-hexachlorodecane",PCT,,,NLET,B_ChlorinatedAlkanes_ISO
372,60763,Lake Trout,Salvelinus,namaycush,62.0,2186.0,M,ADS,1.0,2013-12-10,2013,Lake Athabasca,Lake Athabasca,58.705519,-111.090317,AB,WHA,"Chlorinated Alkanes, SC (C10-C13), Total ",8.08,,1,2018-10-11,Chlorinated Alkane,Short Chain Chlorinated Alkanes (C10-13) Total,Total Short Chain Chlorinated Alkanes (C10-13),NG/G wet,5.0,,NLET,B_ChlorinatedAlkanes_ISO
373,60779,Lake Trout,Salvelinus,namaycush,55.0,1830.2,F,ADS,1.0,2013-12-31,2013,Cold Lake,Cold Lake,54.63639,-109.985,AB,WHA,"13C10-1,5,5,6,6,10-hexachlorodecane      ",108.0,,1,2018-10-11,Chlorinated Alkane,"13C10-1,5,5,6,6,10-hexachlorodecane","13C10-1,5,5,6,6,10-hexachlorodecane",PCT,,,NLET,B_ChlorinatedAlkanes_ISO
374,60779,Lake Trout,Salvelinus,namaycush,55.0,1830.2,F,ADS,1.0,2013-12-31,2013,Cold Lake,Cold Lake,54.63639,-109.985,AB,WHA,"Chlorinated Alkanes, SC (C10-C13), Total ",5.0,BDL,1,2018-10-11,Chlorinated Alkane,Short Chain Chlorinated Alkanes (C10-13) Total,Total Short Chain Chlorinated Alkanes (C10-13),NG/G wet,5.0,,NLET,B_ChlorinatedAlkanes_ISO
375,60780,Lake Trout,Salvelinus,namaycush,69.3,3424.0,F,ADS,1.0,2013-12-31,2013,Cold Lake,Cold Lake,54.63639,-109.985,AB,WHA,"13C10-1,5,5,6,6,10-hexachlorodecane      ",102.0,,1,2018-10-11,Chlorinated Alkane,"13C10-1,5,5,6,6,10-hexachlorodecane","13C10-1,5,5,6,6,10-hexachlorodecane",PCT,,,NLET,B_ChlorinatedAlkanes_ISO
376,60780,Lake Trout,Salvelinus,namaycush,69.3,3424.0,F,ADS,1.0,2013-12-31,2013,Cold Lake,Cold Lake,54.63639,-109.985,AB,WHA,"Chlorinated Alkanes, SC (C10-C13), Total ",5.0,BDL,1,2018-10-11,Chlorinated Alkane,Short Chain Chlorinated Alkanes (C10-13) Total,Total Short Chain Chlorinated Alkanes (C10-13),NG/G wet,5.0,,NLET,B_ChlorinatedAlkanes_ISO
377,60781,Lake Trout,Salvelinus,namaycush,69.0,3316.5,F,ADS,1.0,2013-12-31,2013,Cold Lake,Cold Lake,54.63639,-109.985,AB,WHA,"13C10-1,5,5,6,6,10-hexachlorodecane      ",108.0,,1,2018-10-11,Chlorinated Alkane,"13C10-1,5,5,6,6,10-hexachlorodecane","13C10-1,5,5,6,6,10-hexachlorodecane",PCT,,,NLET,B_ChlorinatedAlkanes_ISO
378,60781,Lake Trout,Salvelinus,namaycush,69.0,3316.5,F,ADS,1.0,2013-12-31,2013,Cold Lake,Cold Lake,54.63639,-109.985,AB,WHA,"Chlorinated Alkanes, SC (C10-C13), Total ",5.0,BDL,1,2018-10-11,Chlorinated Alkane,Short Chain Chlorinated Alkanes (C10-13) Total,Total Short Chain Chlorinated Alkanes (C10-13),NG/G wet,5.0,,NLET,B_ChlorinatedAlkanes_ISO
379,60782,Lake Trout,Salvelinus,namaycush,63.0,2495.0,F,ADS,1.0,2013-12-31,2013,Cold Lake,Cold Lake,54.63639,-109.985,AB,WHA,"13C10-1,5,5,6,6,10-hexachlorodecane      ",80.8,,1,2018-09-12,Chlorinated Alkane,"13C10-1,5,5,6,6,10-hexachlorodecane","13C10-1,5,5,6,6,10-hexachlorodecane",PCT,,,NLET,B_ChlorinatedAlkanes_ISO
380,60782,Lake Trout,Salvelinus,namaycush,63.0,2495.0,F,ADS,1.0,2013-12-31,2013,Cold Lake,Cold Lake,54.63639,-109.985,AB,WHA,"Chlorinated Alkanes, SC (C10-C13), Total ",5.0,BDL,1,2018-09-12,Chlorinated Alkane,Short Chain Chlorinated Alkanes (C10-13) Total,Total Short Chain Chlorinated Alkanes (C10-13),NG/G wet,5.0,,NLET,B_ChlorinatedAlkanes_ISO
381,60783,Lake Trout,Salvelinus,namaycush,65.0,2727.5,M,ADS,1.0,2013-12-31,2013,Cold Lake,Cold Lake,54.63639,-109.985,AB,WHA,"13C10-1,5,5,6,6,10-hexachlorodecane      ",158.0,,1,2018-09-12,Chlorinated Alkane,"13C10-1,5,5,6,6,10-hexachlorodecane","13C10-1,5,5,6,6,10-hexachlorodecane",PCT,,,NLET,B_ChlorinatedAlkanes_ISO
382,60783,Lake Trout,Salvelinus,namaycush,65.0,2727.5,M,ADS,1.0,2013-12-31,2013,Cold Lake,Cold Lake,54.63639,-109.985,AB,WHA,"Chlorinated Alkanes, SC (C10-C13), Total ",5.0,BDL,1,2018-09-12,Chlorinated Alkane,Short Chain Chlorinated Alkanes (C10-13) Total,Total Short Chain Chlorinated Alkanes (C10-13),NG/G wet,5.0,,NLET,B_ChlorinatedAlkanes_ISO
383,60784,Lake Trout,Salvelinus,namaycush,61.0,2605.0,F,ADS,1.0,2013-12-31,2013,Cold Lake,Cold Lake,54.63639,-109.985,AB,WHA,"13C10-1,5,5,6,6,10-hexachlorodecane      ",111.0,,1,2018-09-12,Chlorinated Alkane,"13C10-1,5,5,6,6,10-hexachlorodecane","13C10-1,5,5,6,6,10-hexachlorodecane",PCT,,,NLET,B_ChlorinatedAlkanes_ISO
384,60784,Lake Trout,Salvelinus,namaycush,61.0,2605.0,F,ADS,1.0,2013-12-31,2013,Cold Lake,Cold Lake,54.63639,-109.985,AB,WHA,"Chlorinated Alkanes, SC (C10-C13), Total ",6.92,,1,2018-09-12,Chlorinated Alkane,Short Chain Chlorinated Alkanes (C10-13) Total,Total Short Chain Chlorinated Alkanes (C10-13),NG/G wet,5.0,,NLET,B_ChlorinatedAlkanes_ISO
385,60785,Lake Trout,Salvelinus,namaycush,65.5,3257.2,F,ADS,1.0,2013-12-31,2013,Cold Lake,Cold Lake,54.63639,-109.985,AB,WHA,"13C10-1,5,5,6,6,10-hexachlorodecane",103.0,,1,2018-02-28,Chlorinated Alkane,"13C10-1,5,5,6,6,10-hexachlorodecane","13C10-1,5,5,6,6,10-hexachlorodecane",PCT,,,NLET,B_ChlorinatedAlkanes_ISO
386,60785,Lake Trout,Salvelinus,namaycush,65.5,3257.2,F,ADS,1.0,2013-12-31,2013,Cold Lake,Cold Lake,54.63639,-109.985,AB,WHA,"Chlorinated Alkanes, SC (C10-C13), Total",15.1,,1,2018-02-28,Chlorinated Alkane,Short Chain Chlorinated Alkanes (C10-13) Total,Total Short Chain Chlorinated Alkanes (C10-13),NG/G wet,5.0,,NLET,B_ChlorinatedAlkanes_ISO
387,60786,Lake Trout,Salvelinus,namaycush,65.0,2571.7,F,ADS,1.0,2013-12-31,2013,Cold Lake,Cold Lake,54.63639,-109.985,AB,WHA,"13C10-1,5,5,6,6,10-hexachlorodecane",99.9,,1,2018-02-28,Chlorinated Alkane,"13C10-1,5,5,6,6,10-hexachlorodecane","13C10-1,5,5,6,6,10-hexachlorodecane",PCT,,,NLET,B_ChlorinatedAlkanes_ISO
388,60786,Lake Trout,Salvelinus,namaycush,65.0,2571.7,F,ADS,1.0,2013-12-31,2013,Cold Lake,Cold Lake,54.63639,-109.985,AB,WHA,"Chlorinated Alkanes, SC (C10-C13), Total",9.08,,1,2018-02-28,Chlorinated Alkane,Short Chain Chlorinated Alkanes (C10-13) Total,Total Short Chain Chlorinated Alkanes (C10-13),NG/G wet,5.0,,NLET,B_ChlorinatedAlkanes_ISO
389,60787,Lake Trout,Salvelinus,namaycush,66.0,2977.0,F,ADS,1.0,2013-12-31,2013,Cold Lake,Cold Lake,54.63639,-109.985,AB,WHA,"13C10-1,5,5,6,6,10-hexachlorodecane      ",166.0,,1,2018-09-12,Chlorinated Alkane,"13C10-1,5,5,6,6,10-hexachlorodecane","13C10-1,5,5,6,6,10-hexachlorodecane",PCT,,,NLET,B_ChlorinatedAlkanes_ISO
390,60787,Lake Trout,Salvelinus,namaycush,66.0,2977.0,F,ADS,1.0,2013-12-31,2013,Cold Lake,Cold Lake,54.63639,-109.985,AB,WHA,"Chlorinated Alkanes, SC (C10-C13), Total ",6.39,,1,2018-09-12,Chlorinated Alkane,Short Chain Chlorinated Alkanes (C10-13) Total,Total Short Chain Chlorinated Alkanes (C10-13),NG/G wet,5.0,,NLET,B_ChlorinatedAlkanes_ISO
391,60788,Lake Trout,Salvelinus,namaycush,63.0,2509.2,F,ADS,1.0,2013-12-31,2013,Cold Lake,Cold Lake,54.63639,-109.985,AB,WHA,"13C10-1,5,5,6,6,10-hexachlorodecane      ",108.0,,1,2018-09-12,Chlorinated Alkane,"13C10-1,5,5,6,6,10-hexachlorodecane","13C10-1,5,5,6,6,10-hexachlorodecane",PCT,,,NLET,B_ChlorinatedAlkanes_ISO
392,60788,Lake Trout,Salvelinus,namaycush,63.0,2509.2,F,ADS,1.0,2013-12-31,2013,Cold Lake,Cold Lake,54.63639,-109.985,AB,WHA,"Chlorinated Alkanes, SC (C10-C13), Total ",5.0,BDL,1,2018-09-12,Chlorinated Alkane,Short Chain Chlorinated Alkanes (C10-13) Total,Total Short Chain Chlorinated Alkanes (C10-13),NG/G wet,5.0,,NLET,B_ChlorinatedAlkanes_ISO
393,60833,Lake Trout,Salvelinus,namaycush,55.0,1866.0,F,ADS,1.0,2013-07-15,2013,Kusawa Lake,Kusawa Lake,60.416492,-136.209119,YT,WHA,"13C10-1,5,5,6,6,10-hexachlorodecane",107.0,,1,2018-02-28,Chlorinated Alkane,"13C10-1,5,5,6,6,10-hexachlorodecane","13C10-1,5,5,6,6,10-hexachlorodecane",PCT,,,NLET,B_ChlorinatedAlkanes_ISO
394,60833,Lake Trout,Salvelinus,namaycush,55.0,1866.0,F,ADS,1.0,2013-07-15,2013,Kusawa Lake,Kusawa Lake,60.416492,-136.209119,YT,WHA,"Chlorinated Alkanes, SC (C10-C13), Total",10.9,,1,2018-02-28,Chlorinated Alkane,Short Chain Chlorinated Alkanes (C10-13) Total,Total Short Chain Chlorinated Alkanes (C10-13),NG/G wet,5.0,,NLET,B_ChlorinatedAlkanes_ISO
395,60834,Lake Trout,Salvelinus,namaycush,58.0,1496.0,F,ADS,1.0,2013-07-15,2013,Kusawa Lake,Kusawa Lake,60.416492,-136.209119,YT,WHA,"13C10-1,5,5,6,6,10-hexachlorodecane",114.0,,1,2018-02-28,Chlorinated Alkane,"13C10-1,5,5,6,6,10-hexachlorodecane","13C10-1,5,5,6,6,10-hexachlorodecane",PCT,,,NLET,B_ChlorinatedAlkanes_ISO
396,60834,Lake Trout,Salvelinus,namaycush,58.0,1496.0,F,ADS,1.0,2013-07-15,2013,Kusawa Lake,Kusawa Lake,60.416492,-136.209119,YT,WHA,"Chlorinated Alkanes, SC (C10-C13), Total",7.75,,1,2018-02-28,Chlorinated Alkane,Short Chain Chlorinated Alkanes (C10-13) Total,Total Short Chain Chlorinated Alkanes (C10-13),NG/G wet,5.0,,NLET,B_ChlorinatedAlkanes_ISO
397,60846,Lake Trout,Salvelinus,namaycush,52.0,47.5,F,ADS,1.0,2013-12-31,2013,Reindeer Lake,Reindeer Lake,57.492804,-102.381592,SK,WHA,"13C10-1,5,5,6,6,10-hexachlorodecane",98.9,,1,2018-03-13,Chlorinated Alkane,"13C10-1,5,5,6,6,10-hexachlorodecane","13C10-1,5,5,6,6,10-hexachlorodecane",PCT,,,NLET,B_ChlorinatedAlkanes_ISO
398,60846,Lake Trout,Salvelinus,namaycush,52.0,47.5,F,ADS,1.0,2013-12-31,2013,Reindeer Lake,Reindeer Lake,57.492804,-102.381592,SK,WHA,"Chlorinated Alkanes, SC (C10-C13), Total",5.0,BDL,1,2018-03-13,Chlorinated Alkane,Short Chain Chlorinated Alkanes (C10-13) Total,Total Short Chain Chlorinated Alkanes (C10-13),NG/G wet,5.0,,NLET,B_ChlorinatedAlkanes_ISO
399,60847,Lake Trout,Salvelinus,namaycush,67.0,3125.4,F,ADS,1.0,2013-12-31,2013,Reindeer Lake,Reindeer Lake,57.492804,-102.381592,SK,WHA,"13C10-1,5,5,6,6,10-hexachlorodecane",95.8,,1,2018-03-13,Chlorinated Alkane,"13C10-1,5,5,6,6,10-hexachlorodecane","13C10-1,5,5,6,6,10-hexachlorodecane",PCT,,,NLET,B_ChlorinatedAlkanes_ISO
400,60847,Lake Trout,Salvelinus,namaycush,67.0,3125.4,F,ADS,1.0,2013-12-31,2013,Reindeer Lake,Reindeer Lake,57.492804,-102.381592,SK,WHA,"Chlorinated Alkanes, SC (C10-C13), Total",5.0,BDL,1,2018-03-13,Chlorinated Alkane,Short Chain Chlorinated Alkanes (C10-13) Total,Total Short Chain Chlorinated Alkanes (C10-13),NG/G wet,5.0,,NLET,B_ChlorinatedAlkanes_ISO
401,60851,Lake Trout,Salvelinus,namaycush,46.0,1026.0,M,ADS,1.0,2013-12-31,2013,Reindeer Lake,Reindeer Lake,57.492804,-102.381592,SK,WHA,"13C10-1,5,5,6,6,10-hexachlorodecane      ",120.0,,1,2023-10-26,Chlorinated Alkane,"13C10-1,5,5,6,6,10-hexachlorodecane","13C10-1,5,5,6,6,10-hexachlorodecane",PCT,,,NLET,B_ChlorinatedAlkanes_ISO
402,60851,Lake Trout,Salvelinus,namaycush,46.0,1026.0,M,ADS,1.0,2013-12-31,2013,Reindeer Lake,Reindeer Lake,57.492804,-102.381592,SK,WHA,"Chlorinated Alkanes, SC (C10-C13), Total ",50.0,L,1,2023-10-26,Chlorinated Alkane,Short Chain Chlorinated Alkanes (C10-13) Total,Total Short Chain Chlorinated Alkanes (C10-13),NG/G wet,5.0,,NLET,B_ChlorinatedAlkanes_ISO
403,60858,Lake Trout,Salvelinus,namaycush,57.0,1924.0,M,ADS,1.0,2013-12-31,2013,Reindeer Lake,Reindeer Lake,57.492804,-102.381592,SK,WHA,"13C10-1,5,5,6,6,10-hexachlorodecane      ",135.0,,1,2023-10-26,Chlorinated Alkane,"13C10-1,5,5,6,6,10-hexachlorodecane","13C10-1,5,5,6,6,10-hexachlorodecane",PCT,,,NLET,B_ChlorinatedAlkanes_ISO
404,60858,Lake Trout,Salvelinus,namaycush,57.0,1924.0,M,ADS,1.0,2013-12-31,2013,Reindeer Lake,Reindeer Lake,57.492804,-102.381592,SK,WHA,"Chlorinated Alkanes, SC (C10-C13), Total ",50.0,L,1,2023-10-26,Chlorinated Alkane,Short Chain Chlorinated Alkanes (C10-13) Total,Total Short Chain Chlorinated Alkanes (C10-13),NG/G wet,5.0,,NLET,B_ChlorinatedAlkanes_ISO
405,61534,Lake Trout,Salvelinus,namaycush,57.5,1574.0,F,ADS,1.0,2014-12-10,2014,Reindeer Lake,Reindeer Lake,57.492804,-102.381592,SK,WHA,"13C10-1,5,5,6,6,10-hexachlorodecane      ",108.0,,1,2023-10-26,Chlorinated Alkane,"13C10-1,5,5,6,6,10-hexachlorodecane","13C10-1,5,5,6,6,10-hexachlorodecane",PCT,,,NLET,B_ChlorinatedAlkanes_ISO
406,61534,Lake Trout,Salvelinus,namaycush,57.5,1574.0,F,ADS,1.0,2014-12-10,2014,Reindeer Lake,Reindeer Lake,57.492804,-102.381592,SK,WHA,"Chlorinated Alkanes, SC (C10-C13), Total ",50.0,L,1,2023-10-26,Chlorinated Alkane,Short Chain Chlorinated Alkanes (C10-13) Total,Total Short Chain Chlorinated Alkanes (C10-13),NG/G wet,5.0,,NLET,B_ChlorinatedAlkanes_ISO
407,61550,Lake Trout,Salvelinus,namaycush,72.0,3729.6,F,ADS,1.0,2014-09-30,2014,Great Bear Lake,Great Bear Lake,66.241197,-123.739014,NWT,WHA,"13C10-1,5,5,6,6,10-hexachlorodecane      ",110.0,,1,2023-10-26,Chlorinated Alkane,"13C10-1,5,5,6,6,10-hexachlorodecane","13C10-1,5,5,6,6,10-hexachlorodecane",PCT,,,NLET,B_ChlorinatedAlkanes_ISO
408,61550,Lake Trout,Salvelinus,namaycush,72.0,3729.6,F,ADS,1.0,2014-09-30,2014,Great Bear Lake,Great Bear Lake,66.241197,-123.739014,NWT,WHA,"Chlorinated Alkanes, SC (C10-C13), Total ",77.9,,1,2023-10-26,Chlorinated Alkane,Short Chain Chlorinated Alkanes (C10-13) Total,Total Short Chain Chlorinated Alkanes (C10-13),NG/G wet,5.0,,NLET,B_ChlorinatedAlkanes_ISO
409,61551,Lake Trout,Salvelinus,namaycush,44.0,838.0,M,ADS,1.0,2014-09-30,2014,Great Bear Lake,Great Bear Lake,66.241197,-123.739014,NWT,WHA,"13C10-1,5,5,6,6,10-hexachlorodecane      ",107.0,,1,2023-10-26,Chlorinated Alkane,"13C10-1,5,5,6,6,10-hexachlorodecane","13C10-1,5,5,6,6,10-hexachlorodecane",PCT,,,NLET,B_ChlorinatedAlkanes_ISO
410,61551,Lake Trout,Salvelinus,namaycush,44.0,838.0,M,ADS,1.0,2014-09-30,2014,Great Bear Lake,Great Bear Lake,66.241197,-123.739014,NWT,WHA,"Chlorinated Alkanes, SC (C10-C13), Total ",121.0,,1,2023-10-26,Chlorinated Alkane,Short Chain Chlorinated Alkanes (C10-13) Total,Total Short Chain Chlorinated Alkanes (C10-13),NG/G wet,5.0,,NLET,B_ChlorinatedAlkanes_ISO
411,61556,Lake Trout,Salvelinus,namaycush,82.0,5346.4,F,ADS,1.0,2014-09-30,2014,Great Bear Lake,Great Bear Lake,66.241197,-123.739014,NWT,WHA,"13C10-1,5,5,6,6,10-hexachlorodecane",91.7,,1,2024-02-20,Chlorinated Alkane,"13C10-1,5,5,6,6,10-hexachlorodecane","13C10-1,5,5,6,6,10-hexachlorodecane",PCT,,,NLET,B_ChlorinatedAlkanes_ISO
412,61556,Lake Trout,Salvelinus,namaycush,82.0,5346.4,F,ADS,1.0,2014-09-30,2014,Great Bear Lake,Great Bear Lake,66.241197,-123.739014,NWT,WHA,"Chlorinated Alkanes, SC (C10-C13), Total",50.0,L,1,2024-02-20,Chlorinated Alkane,Short Chain Chlorinated Alkanes (C10-13) Total,Total Short Chain Chlorinated Alkanes (C10-13),NG/G wet,5.0,,NLET,B_ChlorinatedAlkanes_ISO
413,61557,Lake Trout,Salvelinus,namaycush,44.0,852.5,M,ADS,1.0,2014-09-30,2014,Great Bear Lake,Great Bear Lake,66.241197,-123.739014,NWT,WHA,"13C10-1,5,5,6,6,10-hexachlorodecane      ",95.1,,1,2023-10-26,Chlorinated Alkane,"13C10-1,5,5,6,6,10-hexachlorodecane","13C10-1,5,5,6,6,10-hexachlorodecane",PCT,,,NLET,B_ChlorinatedAlkanes_ISO
414,61557,Lake Trout,Salvelinus,namaycush,44.0,852.5,M,ADS,1.0,2014-09-30,2014,Great Bear Lake,Great Bear Lake,66.241197,-123.739014,NWT,WHA,"Chlorinated Alkanes, SC (C10-C13), Total ",50.0,L,1,2023-10-26,Chlorinated Alkane,Short Chain Chlorinated Alkanes (C10-13) Total,Total Short Chain Chlorinated Alkanes (C10-13),NG/G wet,5.0,,NLET,B_ChlorinatedAlkanes_ISO
415,61558,Lake Trout,Salvelinus,namaycush,41.0,651.6,M,ADS,1.0,2014-09-30,2014,Great Bear Lake,Great Bear Lake,66.241197,-123.739014,NWT,WHA,"13C10-1,5,5,6,6,10-hexachlorodecane      ",106.0,,1,2023-10-26,Chlorinated Alkane,"13C10-1,5,5,6,6,10-hexachlorodecane","13C10-1,5,5,6,6,10-hexachlorodecane",PCT,,,NLET,B_ChlorinatedAlkanes_ISO
416,61558,Lake Trout,Salvelinus,namaycush,41.0,651.6,M,ADS,1.0,2014-09-30,2014,Great Bear Lake,Great Bear Lake,66.241197,-123.739014,NWT,WHA,"Chlorinated Alkanes, SC (C10-C13), Total ",50.0,L,1,2023-10-26,Chlorinated Alkane,Short Chain Chlorinated Alkanes (C10-13) Total,Total Short Chain Chlorinated Alkanes (C10-13),NG/G wet,5.0,,NLET,B_ChlorinatedAlkanes_ISO
417,62318,Lake Trout,Salvelinus,namaycush,60.0,2532.5,M,ADS,1.0,2015-09-15,2015,Lake Ontario,Central Basin L Ontario,43.91667,-78.16667,ON,WHA,"13C10-1,5,5,6,6,10-hexachlorodecane      ",83.3,,1,2023-10-26,Chlorinated Alkane,"13C10-1,5,5,6,6,10-hexachlorodecane","13C10-1,5,5,6,6,10-hexachlorodecane",PCT,,,NLET,B_ChlorinatedAlkanes_ISO
418,62318,Lake Trout,Salvelinus,namaycush,60.0,2532.5,M,ADS,1.0,2015-09-15,2015,Lake Ontario,Central Basin L Ontario,43.91667,-78.16667,ON,WHA,"Chlorinated Alkanes, SC (C10-C13), Total ",50.0,L,1,2023-10-26,Chlorinated Alkane,Short Chain Chlorinated Alkanes (C10-13) Total,Total Short Chain Chlorinated Alkanes (C10-13),NG/G wet,5.0,,NLET,B_ChlorinatedAlkanes_ISO
419,62319,Lake Trout,Salvelinus,namaycush,55.0,1819.0,F,ADS,1.0,2015-09-15,2015,Lake Ontario,Central Basin L Ontario,43.91667,-78.16667,ON,WHA,"13C10-1,5,5,6,6,10-hexachlorodecane      ",92.4,,1,2023-10-26,Chlorinated Alkane,"13C10-1,5,5,6,6,10-hexachlorodecane","13C10-1,5,5,6,6,10-hexachlorodecane",PCT,,,NLET,B_ChlorinatedAlkanes_ISO
420,62319,Lake Trout,Salvelinus,namaycush,55.0,1819.0,F,ADS,1.0,2015-09-15,2015,Lake Ontario,Central Basin L Ontario,43.91667,-78.16667,ON,WHA,"Chlorinated Alkanes, SC (C10-C13), Total ",50.0,L,1,2023-10-26,Chlorinated Alkane,Short Chain Chlorinated Alkanes (C10-13) Total,Total Short Chain Chlorinated Alkanes (C10-13),NG/G wet,5.0,,NLET,B_ChlorinatedAlkanes_ISO
421,62320,Lake Trout,Salvelinus,namaycush,67.0,2524.8,M,ADS,1.0,2015-09-15,2015,Lake Ontario,Central Basin L Ontario,43.91667,-78.16667,ON,WHA,"13C10-1,5,5,6,6,10-hexachlorodecane      ",78.1,,1,2023-10-26,Chlorinated Alkane,"13C10-1,5,5,6,6,10-hexachlorodecane","13C10-1,5,5,6,6,10-hexachlorodecane",PCT,,,NLET,B_ChlorinatedAlkanes_ISO
422,62320,Lake Trout,Salvelinus,namaycush,67.0,2524.8,M,ADS,1.0,2015-09-15,2015,Lake Ontario,Central Basin L Ontario,43.91667,-78.16667,ON,WHA,"Chlorinated Alkanes, SC (C10-C13), Total ",50.0,L,1,2023-10-26,Chlorinated Alkane,Short Chain Chlorinated Alkanes (C10-13) Total,Total Short Chain Chlorinated Alkanes (C10-13),NG/G wet,5.0,,NLET,B_ChlorinatedAlkanes_ISO
423,62323,Lake Trout,Salvelinus,namaycush,62.0,3615.8,M,ADS,1.0,2015-09-15,2015,Lake Ontario,Central Basin L Ontario,43.91667,-78.16667,ON,WHA,"13C10-1,5,5,6,6,10-hexachlorodecane      ",90.4,,1,2023-10-26,Chlorinated Alkane,"13C10-1,5,5,6,6,10-hexachlorodecane","13C10-1,5,5,6,6,10-hexachlorodecane",PCT,,,NLET,B_ChlorinatedAlkanes_ISO
424,62323,Lake Trout,Salvelinus,namaycush,62.0,3615.8,M,ADS,1.0,2015-09-15,2015,Lake Ontario,Central Basin L Ontario,43.91667,-78.16667,ON,WHA,"Chlorinated Alkanes, SC (C10-C13), Total ",50.0,L,1,2023-10-26,Chlorinated Alkane,Short Chain Chlorinated Alkanes (C10-13) Total,Total Short Chain Chlorinated Alkanes (C10-13),NG/G wet,5.0,,NLET,B_ChlorinatedAlkanes_ISO
425,62327,Lake Trout,Salvelinus,namaycush,65.0,3193.2,F,ADS,1.0,2015-09-15,2015,Lake Ontario,Central Basin L Ontario,43.91667,-78.16667,ON,WHA,"13C10-1,5,5,6,6,10-hexachlorodecane      ",75.5,,1,2023-10-26,Chlorinated Alkane,"13C10-1,5,5,6,6,10-hexachlorodecane","13C10-1,5,5,6,6,10-hexachlorodecane",PCT,,,NLET,B_ChlorinatedAlkanes_ISO
426,62327,Lake Trout,Salvelinus,namaycush,65.0,3193.2,F,ADS,1.0,2015-09-15,2015,Lake Ontario,Central Basin L Ontario,43.91667,-78.16667,ON,WHA,"Chlorinated Alkanes, SC (C10-C13), Total ",50.0,L,1,2023-10-26,Chlorinated Alkane,Short Chain Chlorinated Alkanes (C10-13) Total,Total Short Chain Chlorinated Alkanes (C10-13),NG/G wet,5.0,,NLET,B_ChlorinatedAlkanes_ISO
427,62459,Lake Trout,Salvelinus,namaycush,57.5,2001.0,F,ADS,1.0,2015-12-31,2015,Reindeer Lake,Reindeer Lake,56.34483889,-103.2445972,AB,WHA,"13C10-1,5,5,6,6,10-hexachlorodecane      ",101.0,,1,2023-10-26,Chlorinated Alkane,"13C10-1,5,5,6,6,10-hexachlorodecane","13C10-1,5,5,6,6,10-hexachlorodecane",PCT,,,NLET,B_ChlorinatedAlkanes_ISO
428,62459,Lake Trout,Salvelinus,namaycush,57.5,2001.0,F,ADS,1.0,2015-12-31,2015,Reindeer Lake,Reindeer Lake,56.34483889,-103.2445972,AB,WHA,"Chlorinated Alkanes, SC (C10-C13), Total ",50.0,L,1,2023-10-26,Chlorinated Alkane,Short Chain Chlorinated Alkanes (C10-13) Total,Total Short Chain Chlorinated Alkanes (C10-13),NG/G wet,5.0,,NLET,B_ChlorinatedAlkanes_ISO
429,63647,Lake Trout,Salvelinus,namaycush,51.0,1516.0,F,ADS,1.0,2017-09-06,2017,Lake Ontario,Central Basin L Ontario,43.91667,-78.16667,ON,WHA,"13C10-1,5,5,6,6,10-hexachlorodecane      ",85.8,,1,2023-10-26,Chlorinated Alkane,"13C10-1,5,5,6,6,10-hexachlorodecane","13C10-1,5,5,6,6,10-hexachlorodecane",PCT,,,NLET,B_ChlorinatedAlkanes_ISO
430,63647,Lake Trout,Salvelinus,namaycush,51.0,1516.0,F,ADS,1.0,2017-09-06,2017,Lake Ontario,Central Basin L Ontario,43.91667,-78.16667,ON,WHA,"Chlorinated Alkanes, SC (C10-C13), Total ",50.0,L,1,2023-10-26,Chlorinated Alkane,Short Chain Chlorinated Alkanes (C10-13) Total,Total Short Chain Chlorinated Alkanes (C10-13),NG/G wet,5.0,,NLET,B_ChlorinatedAlkanes_ISO
431,63651,Lake Trout,Salvelinus,namaycush,68.5,3315.0,M,ADS,1.0,2017-09-06,2017,Lake Ontario,Central Basin L Ontario,43.91667,-78.16667,ON,WHA,"13C10-1,5,5,6,6,10-hexachlorodecane      ",90.8,,1,2023-10-26,Chlorinated Alkane,"13C10-1,5,5,6,6,10-hexachlorodecane","13C10-1,5,5,6,6,10-hexachlorodecane",PCT,,,NLET,B_ChlorinatedAlkanes_ISO
432,63651,Lake Trout,Salvelinus,namaycush,68.5,3315.0,M,ADS,1.0,2017-09-06,2017,Lake Ontario,Central Basin L Ontario,43.91667,-78.16667,ON,WHA,"Chlorinated Alkanes, SC (C10-C13), Total ",50.0,L,1,2023-10-26,Chlorinated Alkane,Short Chain Chlorinated Alkanes (C10-13) Total,Total Short Chain Chlorinated Alkanes (C10-13),NG/G wet,5.0,,NLET,B_ChlorinatedAlkanes_ISO
433,63654,Lake Trout,Salvelinus,namaycush,60.0,2470.3,F,ADS,1.0,2017-09-06,2017,Lake Ontario,Central Basin L Ontario,43.91667,-78.16667,ON,WHA,"13C10-1,5,5,6,6,10-hexachlorodecane      ",96.7,,1,2023-10-26,Chlorinated Alkane,"13C10-1,5,5,6,6,10-hexachlorodecane","13C10-1,5,5,6,6,10-hexachlorodecane",PCT,,,NLET,B_ChlorinatedAlkanes_ISO
434,63654,Lake Trout,Salvelinus,namaycush,60.0,2470.3,F,ADS,1.0,2017-09-06,2017,Lake Ontario,Central Basin L Ontario,43.91667,-78.16667,ON,WHA,"Chlorinated Alkanes, SC (C10-C13), Total ",50.0,L,1,2023-10-26,Chlorinated Alkane,Short Chain Chlorinated Alkanes (C10-13) Total,Total Short Chain Chlorinated Alkanes (C10-13),NG/G wet,5.0,,NLET,B_ChlorinatedAlkanes_ISO
435,63656,Lake Trout,Salvelinus,namaycush,45.0,950.1,M,ADS,1.0,2017-09-06,2017,Lake Ontario,Central Basin L Ontario,43.91667,-78.16667,ON,WHA,"13C10-1,5,5,6,6,10-hexachlorodecane      ",82.2,,1,2023-10-26,Chlorinated Alkane,"13C10-1,5,5,6,6,10-hexachlorodecane","13C10-1,5,5,6,6,10-hexachlorodecane",PCT,,,NLET,B_ChlorinatedAlkanes_ISO
436,63656,Lake Trout,Salvelinus,namaycush,45.0,950.1,M,ADS,1.0,2017-09-06,2017,Lake Ontario,Central Basin L Ontario,43.91667,-78.16667,ON,WHA,"Chlorinated Alkanes, SC (C10-C13), Total ",50.0,L,1,2023-10-26,Chlorinated Alkane,Short Chain Chlorinated Alkanes (C10-13) Total,Total Short Chain Chlorinated Alkanes (C10-13),NG/G wet,5.0,,NLET,B_ChlorinatedAlkanes_ISO
437,63662,Lake Trout,Salvelinus,namaycush,44.0,914.0,M,ADS,1.0,2017-09-06,2017,Lake Ontario,Central Basin L Ontario,43.91667,-78.16667,ON,WHA,"13C10-1,5,5,6,6,10-hexachlorodecane      ",101.0,,1,2023-10-26,Chlorinated Alkane,"13C10-1,5,5,6,6,10-hexachlorodecane","13C10-1,5,5,6,6,10-hexachlorodecane",PCT,,,NLET,B_ChlorinatedAlkanes_ISO
438,63662,Lake Trout,Salvelinus,namaycush,44.0,914.0,M,ADS,1.0,2017-09-06,2017,Lake Ontario,Central Basin L Ontario,43.91667,-78.16667,ON,WHA,"Chlorinated Alkanes, SC (C10-C13), Total ",50.0,L,1,2023-10-26,Chlorinated Alkane,Short Chain Chlorinated Alkanes (C10-13) Total,Total Short Chain Chlorinated Alkanes (C10-13),NG/G wet,5.0,,NLET,B_ChlorinatedAlkanes_ISO
439,64048,Lake Trout,Salvelinus,namaycush,68.0,3333.0,M,ADS,1.0,2018-08-20,2018,Lake Ontario,Niagara Basin,43.3333,-79.08333,ON,WHA,"13C10-1,5,5,6,6,10-hexachlorodecane      ",111.0,,1,2023-10-25,Chlorinated Alkane,"13C10-1,5,5,6,6,10-hexachlorodecane","13C10-1,5,5,6,6,10-hexachlorodecane",PCT,,,NLET,B_ChlorinatedAlkanes_ISO
440,64048,Lake Trout,Salvelinus,namaycush,68.0,3333.0,M,ADS,1.0,2018-08-20,2018,Lake Ontario,Niagara Basin,43.3333,-79.08333,ON,WHA,"Chlorinated Alkanes, SC (C10-C13), Total ",50.0,L,1,2023-10-25,Chlorinated Alkane,Short Chain Chlorinated Alkanes (C10-13) Total,Total Short Chain Chlorinated Alkanes (C10-13),NG/G wet,5.0,,NLET,B_ChlorinatedAlkanes_ISO
441,64050,Lake Trout,Salvelinus,namaycush,67.5,4487.0,F,ADS,1.0,2018-08-20,2018,Lake Ontario,Niagara Basin,43.3333,-79.08333,ON,WHA,"13C10-1,5,5,6,6,10-hexachlorodecane      ",149.0,,1,2023-10-25,Chlorinated Alkane,"13C10-1,5,5,6,6,10-hexachlorodecane","13C10-1,5,5,6,6,10-hexachlorodecane",PCT,,,NLET,B_ChlorinatedAlkanes_ISO
442,64050,Lake Trout,Salvelinus,namaycush,67.5,4487.0,F,ADS,1.0,2018-08-20,2018,Lake Ontario,Niagara Basin,43.3333,-79.08333,ON,WHA,"Chlorinated Alkanes, SC (C10-C13), Total ",50.0,L,1,2023-10-25,Chlorinated Alkane,Short Chain Chlorinated Alkanes (C10-13) Total,Total Short Chain Chlorinated Alkanes (C10-13),NG/G wet,5.0,,NLET,B_ChlorinatedAlkanes_ISO
443,64054,Lake Trout,Salvelinus,namaycush,41.5,786.0,M,ADS,1.0,2018-08-20,2018,Lake Ontario,Niagara Basin,43.3333,-79.08333,ON,WHA,"13C10-1,5,5,6,6,10-hexachlorodecane      ",107.0,,1,2023-10-25,Chlorinated Alkane,"13C10-1,5,5,6,6,10-hexachlorodecane","13C10-1,5,5,6,6,10-hexachlorodecane",PCT,,,NLET,B_ChlorinatedAlkanes_ISO
444,64054,Lake Trout,Salvelinus,namaycush,41.5,786.0,M,ADS,1.0,2018-08-20,2018,Lake Ontario,Niagara Basin,43.3333,-79.08333,ON,WHA,"Chlorinated Alkanes, SC (C10-C13), Total ",50.0,L,1,2023-10-25,Chlorinated Alkane,Short Chain Chlorinated Alkanes (C10-13) Total,Total Short Chain Chlorinated Alkanes (C10-13),NG/G wet,5.0,,NLET,B_ChlorinatedAlkanes_ISO
445,64058,Lake Trout,Salvelinus,namaycush,65.8,3193.0,F,ADS,1.0,2018-08-20,2018,Lake Ontario,Niagara Basin,43.3333,-79.08333,ON,WHA,"13C10-1,5,5,6,6,10-hexachlorodecane      ",132.0,,1,2023-10-25,Chlorinated Alkane,"13C10-1,5,5,6,6,10-hexachlorodecane","13C10-1,5,5,6,6,10-hexachlorodecane",PCT,,,NLET,B_ChlorinatedAlkanes_ISO
446,64058,Lake Trout,Salvelinus,namaycush,65.8,3193.0,F,ADS,1.0,2018-08-20,2018,Lake Ontario,Niagara Basin,43.3333,-79.08333,ON,WHA,"Chlorinated Alkanes, SC (C10-C13), Total ",50.0,L,1,2023-10-25,Chlorinated Alkane,Short Chain Chlorinated Alkanes (C10-13) Total,Total Short Chain Chlorinated Alkanes (C10-13),NG/G wet,5.0,,NLET,B_ChlorinatedAlkanes_ISO
447,64061,Lake Trout,Salvelinus,namaycush,66.0,3486.0,M,ADS,1.0,2018-08-20,2018,Lake Ontario,Niagara Basin,43.3333,-79.08333,ON,WHA,"13C10-1,5,5,6,6,10-hexachlorodecane      ",119.0,,1,2023-10-25,Chlorinated Alkane,"13C10-1,5,5,6,6,10-hexachlorodecane","13C10-1,5,5,6,6,10-hexachlorodecane",PCT,,,NLET,B_ChlorinatedAlkanes_ISO
448,64061,Lake Trout,Salvelinus,namaycush,66.0,3486.0,M,ADS,1.0,2018-08-20,2018,Lake Ontario,Niagara Basin,43.3333,-79.08333,ON,WHA,"Chlorinated Alkanes, SC (C10-C13), Total ",62.5,,1,2023-10-25,Chlorinated Alkane,Short Chain Chlorinated Alkanes (C10-13) Total,Total Short Chain Chlorinated Alkanes (C10-13),NG/G wet,5.0,,NLET,B_ChlorinatedAlkanes_ISO
449,64067,Lake Trout,Salvelinus,namaycush,61.0,2512.1,F,ADS,1.0,2018-08-20,2018,Lake Ontario,Niagara Basin,43.3333,-79.08333,ON,WHA,"13C10-1,5,5,6,6,10-hexachlorodecane      ",88.8,,1,2023-10-25,Chlorinated Alkane,"13C10-1,5,5,6,6,10-hexachlorodecane","13C10-1,5,5,6,6,10-hexachlorodecane",PCT,,,NLET,B_ChlorinatedAlkanes_ISO
450,64067,Lake Trout,Salvelinus,namaycush,61.0,2512.1,F,ADS,1.0,2018-08-20,2018,Lake Ontario,Niagara Basin,43.3333,-79.08333,ON,WHA,"Chlorinated Alkanes, SC (C10-C13), Total ",50.0,L,1,2023-10-25,Chlorinated Alkane,Short Chain Chlorinated Alkanes (C10-13) Total,Total Short Chain Chlorinated Alkanes (C10-13),NG/G wet,5.0,,NLET,B_ChlorinatedAlkanes_ISO
451,64073,Lake Trout,Salvelinus,namaycush,69.0,3952.9,F,ADS,1.0,2018-08-20,2018,Lake Ontario,Niagara Basin,43.3333,-79.08333,ON,WHA,"13C10-1,5,5,6,6,10-hexachlorodecane      ",128.0,,1,2023-10-25,Chlorinated Alkane,"13C10-1,5,5,6,6,10-hexachlorodecane","13C10-1,5,5,6,6,10-hexachlorodecane",PCT,,,NLET,B_ChlorinatedAlkanes_ISO
452,64073,Lake Trout,Salvelinus,namaycush,69.0,3952.9,F,ADS,1.0,2018-08-20,2018,Lake Ontario,Niagara Basin,43.3333,-79.08333,ON,WHA,"Chlorinated Alkanes, SC (C10-C13), Total ",50.0,L,1,2023-10-25,Chlorinated Alkane,Short Chain Chlorinated Alkanes (C10-13) Total,Total Short Chain Chlorinated Alkanes (C10-13),NG/G wet,5.0,,NLET,B_ChlorinatedAlkanes_ISO
453,64082,Lake Trout,Salvelinus,namaycush,59.0,2588.0,M,ADS,1.0,2018-08-20,2018,Lake Ontario,Niagara Basin,43.3333,-79.08333,ON,WHA,"13C10-1,5,5,6,6,10-hexachlorodecane      ",107.0,,1,2023-10-25,Chlorinated Alkane,"13C10-1,5,5,6,6,10-hexachlorodecane","13C10-1,5,5,6,6,10-hexachlorodecane",PCT,,,NLET,B_ChlorinatedAlkanes_ISO
454,64082,Lake Trout,Salvelinus,namaycush,59.0,2588.0,M,ADS,1.0,2018-08-20,2018,Lake Ontario,Niagara Basin,43.3333,-79.08333,ON,WHA,"Chlorinated Alkanes, SC (C10-C13), Total ",50.0,L,1,2023-10-25,Chlorinated Alkane,Short Chain Chlorinated Alkanes (C10-13) Total,Total Short Chain Chlorinated Alkanes (C10-13),NG/G wet,5.0,,NLET,B_ChlorinatedAlkanes_ISO
455,64094,Lake Trout,Salvelinus,namaycush,67.0,3585.0,M,ADS,1.0,2018-08-20,2018,Lake Ontario,Niagara Basin,43.3333,-79.08333,ON,WHA,"13C10-1,5,5,6,6,10-hexachlorodecane      ",113.0,,1,2023-10-25,Chlorinated Alkane,"13C10-1,5,5,6,6,10-hexachlorodecane","13C10-1,5,5,6,6,10-hexachlorodecane",PCT,,,NLET,B_ChlorinatedAlkanes_ISO
456,64094,Lake Trout,Salvelinus,namaycush,67.0,3585.0,M,ADS,1.0,2018-08-20,2018,Lake Ontario,Niagara Basin,43.3333,-79.08333,ON,WHA,"Chlorinated Alkanes, SC (C10-C13), Total ",50.0,L,1,2023-10-25,Chlorinated Alkane,Short Chain Chlorinated Alkanes (C10-13) Total,Total Short Chain Chlorinated Alkanes (C10-13),NG/G wet,5.0,,NLET,B_ChlorinatedAlkanes_ISO
457,64099,Lake Trout,Salvelinus,namaycush,40.0,711.0,F,ADS,1.0,2018-08-20,2018,Lake Ontario,Niagara Basin,43.3333,-79.08333,ON,WHA,"13C10-1,5,5,6,6,10-hexachlorodecane      ",134.0,,1,2023-10-25,Chlorinated Alkane,"13C10-1,5,5,6,6,10-hexachlorodecane","13C10-1,5,5,6,6,10-hexachlorodecane",PCT,,,NLET,B_ChlorinatedAlkanes_ISO
458,64099,Lake Trout,Salvelinus,namaycush,40.0,711.0,F,ADS,1.0,2018-08-20,2018,Lake Ontario,Niagara Basin,43.3333,-79.08333,ON,WHA,"Chlorinated Alkanes, SC (C10-C13), Total ",50.0,L,1,2023-10-25,Chlorinated Alkane,Short Chain Chlorinated Alkanes (C10-13) Total,Total Short Chain Chlorinated Alkanes (C10-13),NG/G wet,5.0,,NLET,B_ChlorinatedAlkanes_ISO
459,64470,Lake Trout,Salvelinus,namaycush,58.0,1849.0,F,ADS,1.0,2019-06-12,2019,Lake Huron,Southern Basin L Huron,43.75,-81.83333,ON,WHA,"13C10-1,5,5,6,6,10-hexachlorodecane      ",111.0,,1,2023-10-26,Chlorinated Alkane,"13C10-1,5,5,6,6,10-hexachlorodecane","13C10-1,5,5,6,6,10-hexachlorodecane",PCT,,,NLET,B_ChlorinatedAlkanes_ISO
460,64470,Lake Trout,Salvelinus,namaycush,58.0,1849.0,F,ADS,1.0,2019-06-12,2019,Lake Huron,Southern Basin L Huron,43.75,-81.83333,ON,WHA,"Chlorinated Alkanes, SC (C10-C13), Total ",50.0,L,1,2023-10-26,Chlorinated Alkane,Short Chain Chlorinated Alkanes (C10-13) Total,Total Short Chain Chlorinated Alkanes (C10-13),NG/G wet,5.0,,NLET,B_ChlorinatedAlkanes_ISO
461,64471,Lake Trout,Salvelinus,namaycush,52.0,1400.0,F,ADS,1.0,2019-06-12,2019,Lake Huron,Southern Basin L Huron,43.75,-81.83333,ON,WHA,"13C10-1,5,5,6,6,10-hexachlorodecane      ",105.0,,1,2023-10-26,Chlorinated Alkane,"13C10-1,5,5,6,6,10-hexachlorodecane","13C10-1,5,5,6,6,10-hexachlorodecane",PCT,,,NLET,B_ChlorinatedAlkanes_ISO
462,64471,Lake Trout,Salvelinus,namaycush,52.0,1400.0,F,ADS,1.0,2019-06-12,2019,Lake Huron,Southern Basin L Huron,43.75,-81.83333,ON,WHA,"Chlorinated Alkanes, SC (C10-C13), Total ",50.0,L,1,2023-10-26,Chlorinated Alkane,Short Chain Chlorinated Alkanes (C10-13) Total,Total Short Chain Chlorinated Alkanes (C10-13),NG/G wet,5.0,,NLET,B_ChlorinatedAlkanes_ISO
463,64472,Lake Trout,Salvelinus,namaycush,54.1,1696.0,M,ADS,1.0,2019-06-12,2019,Lake Huron,Southern Basin L Huron,43.75,-81.83333,ON,WHA,"13C10-1,5,5,6,6,10-hexachlorodecane      ",105.0,,1,2023-10-26,Chlorinated Alkane,"13C10-1,5,5,6,6,10-hexachlorodecane","13C10-1,5,5,6,6,10-hexachlorodecane",PCT,,,NLET,B_ChlorinatedAlkanes_ISO
464,64472,Lake Trout,Salvelinus,namaycush,54.1,1696.0,M,ADS,1.0,2019-06-12,2019,Lake Huron,Southern Basin L Huron,43.75,-81.83333,ON,WHA,"Chlorinated Alkanes, SC (C10-C13), Total ",50.0,L,1,2023-10-26,Chlorinated Alkane,Short Chain Chlorinated Alkanes (C10-13) Total,Total Short Chain Chlorinated Alkanes (C10-13),NG/G wet,5.0,,NLET,B_ChlorinatedAlkanes_ISO
465,64473,Lake Trout,Salvelinus,namaycush,39.0,558.2,M,ADS,1.0,2019-06-12,2019,Lake Huron,Southern Basin L Huron,43.75,-81.83333,ON,WHA,"13C10-1,5,5,6,6,10-hexachlorodecane      ",107.0,,1,2023-10-26,Chlorinated Alkane,"13C10-1,5,5,6,6,10-hexachlorodecane","13C10-1,5,5,6,6,10-hexachlorodecane",PCT,,,NLET,B_ChlorinatedAlkanes_ISO
466,64473,Lake Trout,Salvelinus,namaycush,39.0,558.2,M,ADS,1.0,2019-06-12,2019,Lake Huron,Southern Basin L Huron,43.75,-81.83333,ON,WHA,"Chlorinated Alkanes, SC (C10-C13), Total ",50.0,L,1,2023-10-26,Chlorinated Alkane,Short Chain Chlorinated Alkanes (C10-13) Total,Total Short Chain Chlorinated Alkanes (C10-13),NG/G wet,5.0,,NLET,B_ChlorinatedAlkanes_ISO
467,64691,Lake Trout,Salvelinus,namaycush,62.0,2346.5,M,ADS,1.0,2019-10-04,2019,Lake Ontario,Central Basin L Ontario,43.91667,-78.16667,ON,WHA,"13C10-1,5,5,6,6,10-hexachlorodecane      ",86.6,,1,2023-10-26,Chlorinated Alkane,"13C10-1,5,5,6,6,10-hexachlorodecane","13C10-1,5,5,6,6,10-hexachlorodecane",PCT,,,NLET,B_ChlorinatedAlkanes_ISO
468,64691,Lake Trout,Salvelinus,namaycush,62.0,2346.5,M,ADS,1.0,2019-10-04,2019,Lake Ontario,Central Basin L Ontario,43.91667,-78.16667,ON,WHA,"Chlorinated Alkanes, SC (C10-C13), Total ",50.0,L,1,2023-10-26,Chlorinated Alkane,Short Chain Chlorinated Alkanes (C10-13) Total,Total Short Chain Chlorinated Alkanes (C10-13),NG/G wet,5.0,,NLET,B_ChlorinatedAlkanes_ISO
469,64701,Lake Trout,Salvelinus,namaycush,59.0,2399.0,F,ADS,1.0,2019-10-04,2019,Lake Ontario,Central Basin L Ontario,43.91667,-78.16667,ON,WHA,"13C10-1,5,5,6,6,10-hexachlorodecane      ",88.9,,1,2023-10-26,Chlorinated Alkane,"13C10-1,5,5,6,6,10-hexachlorodecane","13C10-1,5,5,6,6,10-hexachlorodecane",PCT,,,NLET,B_ChlorinatedAlkanes_ISO
470,64701,Lake Trout,Salvelinus,namaycush,59.0,2399.0,F,ADS,1.0,2019-10-04,2019,Lake Ontario,Central Basin L Ontario,43.91667,-78.16667,ON,WHA,"Chlorinated Alkanes, SC (C10-C13), Total ",50.0,L,1,2023-10-26,Chlorinated Alkane,Short Chain Chlorinated Alkanes (C10-13) Total,Total Short Chain Chlorinated Alkanes (C10-13),NG/G wet,5.0,,NLET,B_ChlorinatedAlkanes_ISO
471,64707,Lake Trout,Salvelinus,namaycush,60.5,2356.8,M,ADS,1.0,2019-10-04,2019,Lake Ontario,Central Basin L Ontario,43.91667,-78.16667,ON,WHA,"13C10-1,5,5,6,6,10-hexachlorodecane      ",77.7,,1,2023-10-26,Chlorinated Alkane,"13C10-1,5,5,6,6,10-hexachlorodecane","13C10-1,5,5,6,6,10-hexachlorodecane",PCT,,,NLET,B_ChlorinatedAlkanes_ISO
472,64707,Lake Trout,Salvelinus,namaycush,60.5,2356.8,M,ADS,1.0,2019-10-04,2019,Lake Ontario,Central Basin L Ontario,43.91667,-78.16667,ON,WHA,"Chlorinated Alkanes, SC (C10-C13), Total ",50.0,L,1,2023-10-26,Chlorinated Alkane,Short Chain Chlorinated Alkanes (C10-13) Total,Total Short Chain Chlorinated Alkanes (C10-13),NG/G wet,5.0,,NLET,B_ChlorinatedAlkanes_ISO
473,64713,Lake Trout,Salvelinus,namaycush,64.5,3308.0,F,ADS,1.0,2019-10-04,2019,Lake Ontario,Central Basin L Ontario,43.91667,-78.16667,ON,WHA,"13C10-1,5,5,6,6,10-hexachlorodecane      ",77.1,,1,2023-10-26,Chlorinated Alkane,"13C10-1,5,5,6,6,10-hexachlorodecane","13C10-1,5,5,6,6,10-hexachlorodecane",PCT,,,NLET,B_ChlorinatedAlkanes_ISO
474,64713,Lake Trout,Salvelinus,namaycush,64.5,3308.0,F,ADS,1.0,2019-10-04,2019,Lake Ontario,Central Basin L Ontario,43.91667,-78.16667,ON,WHA,"Chlorinated Alkanes, SC (C10-C13), Total ",50.0,L,1,2023-10-26,Chlorinated Alkane,Short Chain Chlorinated Alkanes (C10-13) Total,Total Short Chain Chlorinated Alkanes (C10-13),NG/G wet,5.0,,NLET,B_ChlorinatedAlkanes_ISO
475,64717,Lake Trout,Salvelinus,namaycush,60.0,2018.5,M,ADS,1.0,2019-10-04,2019,Lake Ontario,Central Basin L Ontario,43.91667,-78.16667,ON,WHA,"13C10-1,5,5,6,6,10-hexachlorodecane      ",135.0,,1,2023-10-26,Chlorinated Alkane,"13C10-1,5,5,6,6,10-hexachlorodecane","13C10-1,5,5,6,6,10-hexachlorodecane",PCT,,,NLET,B_ChlorinatedAlkanes_ISO
476,64717,Lake Trout,Salvelinus,namaycush,60.0,2018.5,M,ADS,1.0,2019-10-04,2019,Lake Ontario,Central Basin L Ontario,43.91667,-78.16667,ON,WHA,"Chlorinated Alkanes, SC (C10-C13), Total ",50.0,L,1,2023-10-26,Chlorinated Alkane,Short Chain Chlorinated Alkanes (C10-13) Total,Total Short Chain Chlorinated Alkanes (C10-13),NG/G wet,5.0,,NLET,B_ChlorinatedAlkanes_ISO
477,64832,Lake Trout,Salvelinus,namaycush,56.5,2021.0,F,ADS,1.0,2019-12-31,2019,Cold Lake,Cold Lake,54.46333,-110.0281,SK,WHA,"13C10-1,5,5,6,6,10-hexachlorodecane",120.0,,1,2024-02-20,Chlorinated Alkane,"13C10-1,5,5,6,6,10-hexachlorodecane","13C10-1,5,5,6,6,10-hexachlorodecane",PCT,,,NLET,B_ChlorinatedAlkanes_ISO
478,64832,Lake Trout,Salvelinus,namaycush,56.5,2021.0,F,ADS,1.0,2019-12-31,2019,Cold Lake,Cold Lake,54.46333,-110.0281,SK,WHA,"Chlorinated Alkanes, SC (C10-C13), Total",50.0,L,1,2024-02-20,Chlorinated Alkane,Short Chain Chlorinated Alkanes (C10-13) Total,Total Short Chain Chlorinated Alkanes (C10-13),NG/G wet,5.0,,NLET,B_ChlorinatedAlkanes_ISO
479,64833,Lake Trout,Salvelinus,namaycush,61.0,2332.5,M,ADS,1.0,2019-12-31,2019,Cold Lake,Cold Lake,54.46333,-110.0281,SK,WHA,"13C10-1,5,5,6,6,10-hexachlorodecane",79.9,,1,2024-02-20,Chlorinated Alkane,"13C10-1,5,5,6,6,10-hexachlorodecane","13C10-1,5,5,6,6,10-hexachlorodecane",PCT,,,NLET,B_ChlorinatedAlkanes_ISO
480,64833,Lake Trout,Salvelinus,namaycush,61.0,2332.5,M,ADS,1.0,2019-12-31,2019,Cold Lake,Cold Lake,54.46333,-110.0281,SK,WHA,"Chlorinated Alkanes, SC (C10-C13), Total",50.0,L,1,2024-02-20,Chlorinated Alkane,Short Chain Chlorinated Alkanes (C10-13) Total,Total Short Chain Chlorinated Alkanes (C10-13),NG/G wet,5.0,,NLET,B_ChlorinatedAlkanes_ISO
481,64835,Lake Trout,Salvelinus,namaycush,59.5,2154.0,F,ADS,1.0,2019-12-31,2019,Cold Lake,Cold Lake,54.46333,-110.0281,SK,WHA,"13C10-1,5,5,6,6,10-hexachlorodecane",68.0,,1,2024-02-20,Chlorinated Alkane,"13C10-1,5,5,6,6,10-hexachlorodecane","13C10-1,5,5,6,6,10-hexachlorodecane",PCT,,,NLET,B_ChlorinatedAlkanes_ISO
482,64835,Lake Trout,Salvelinus,namaycush,59.5,2154.0,F,ADS,1.0,2019-12-31,2019,Cold Lake,Cold Lake,54.46333,-110.0281,SK,WHA,"Chlorinated Alkanes, SC (C10-C13), Total",50.0,L,1,2024-02-20,Chlorinated Alkane,Short Chain Chlorinated Alkanes (C10-13) Total,Total Short Chain Chlorinated Alkanes (C10-13),NG/G wet,5.0,,NLET,B_ChlorinatedAlkanes_ISO
483,64837,Lake Trout,Salvelinus,namaycush,64.0,2433.5,F,ADS,1.0,2019-12-31,2019,Cold Lake,Cold Lake,54.46333,-110.0281,SK,WHA,"13C10-1,5,5,6,6,10-hexachlorodecane",67.8,,1,2024-02-20,Chlorinated Alkane,"13C10-1,5,5,6,6,10-hexachlorodecane","13C10-1,5,5,6,6,10-hexachlorodecane",PCT,,,NLET,B_ChlorinatedAlkanes_ISO
484,64837,Lake Trout,Salvelinus,namaycush,64.0,2433.5,F,ADS,1.0,2019-12-31,2019,Cold Lake,Cold Lake,54.46333,-110.0281,SK,WHA,"Chlorinated Alkanes, SC (C10-C13), Total",50.0,L,1,2024-02-20,Chlorinated Alkane,Short Chain Chlorinated Alkanes (C10-13) Total,Total Short Chain Chlorinated Alkanes (C10-13),NG/G wet,5.0,,NLET,B_ChlorinatedAlkanes_ISO
485,64838,Lake Trout,Salvelinus,namaycush,54.0,1888.0,M,ADS,1.0,2019-12-31,2019,Cold Lake,Cold Lake,54.46333,-110.0281,SK,WHA,"13C10-1,5,5,6,6,10-hexachlorodecane",80.2,,1,2024-02-20,Chlorinated Alkane,"13C10-1,5,5,6,6,10-hexachlorodecane","13C10-1,5,5,6,6,10-hexachlorodecane",PCT,,,NLET,B_ChlorinatedAlkanes_ISO
486,64838,Lake Trout,Salvelinus,namaycush,54.0,1888.0,M,ADS,1.0,2019-12-31,2019,Cold Lake,Cold Lake,54.46333,-110.0281,SK,WHA,"Chlorinated Alkanes, SC (C10-C13), Total",50.0,L,1,2024-02-20,Chlorinated Alkane,Short Chain Chlorinated Alkanes (C10-13) Total,Total Short Chain Chlorinated Alkanes (C10-13),NG/G wet,5.0,,NLET,B_ChlorinatedAlkanes_ISO
487,65068,Lake Trout,Salvelinus,namaycush,62.0,1866.0,F,ADS,1.0,2019-12-31,2019,Lake Athabasca,Lake Athabasca,59.279265,-106.031857,SK,WHA,"13C10-1,5,5,6,6,10-hexachlorodecane      ",104.0,,1,2023-12-20,Chlorinated Alkane,"13C10-1,5,5,6,6,10-hexachlorodecane","13C10-1,5,5,6,6,10-hexachlorodecane",PCT,,,NLET,B_ChlorinatedAlkanes_ISO
488,65068,Lake Trout,Salvelinus,namaycush,62.0,1866.0,F,ADS,1.0,2019-12-31,2019,Lake Athabasca,Lake Athabasca,59.279265,-106.031857,SK,WHA,"Chlorinated Alkanes, SC (C10-C13), Total ",50.0,L,1,2023-12-20,Chlorinated Alkane,Short Chain Chlorinated Alkanes (C10-13) Total,Total Short Chain Chlorinated Alkanes (C10-13),NG/G wet,5.0,,NLET,B_ChlorinatedAlkanes_ISO
489,65070,Lake Trout,Salvelinus,namaycush,65.0,2164.0,M,ADS,1.0,2019-12-31,2019,Lake Athabasca,Lake Athabasca,59.279265,-106.031857,SK,WHA,"13C10-1,5,5,6,6,10-hexachlorodecane      ",110.0,,1,2023-12-20,Chlorinated Alkane,"13C10-1,5,5,6,6,10-hexachlorodecane","13C10-1,5,5,6,6,10-hexachlorodecane",PCT,,,NLET,B_ChlorinatedAlkanes_ISO
490,65070,Lake Trout,Salvelinus,namaycush,65.0,2164.0,M,ADS,1.0,2019-12-31,2019,Lake Athabasca,Lake Athabasca,59.279265,-106.031857,SK,WHA,"Chlorinated Alkanes, SC (C10-C13), Total ",50.0,L,1,2023-12-20,Chlorinated Alkane,Short Chain Chlorinated Alkanes (C10-13) Total,Total Short Chain Chlorinated Alkanes (C10-13),NG/G wet,5.0,,NLET,B_ChlorinatedAlkanes_ISO
491,65071,Lake Trout,Salvelinus,namaycush,60.0,1412.0,M,ADS,1.0,2019-12-31,2019,Lake Athabasca,Lake Athabasca,59.279265,-106.031857,SK,WHA,"13C10-1,5,5,6,6,10-hexachlorodecane      ",106.0,,1,2023-12-20,Chlorinated Alkane,"13C10-1,5,5,6,6,10-hexachlorodecane","13C10-1,5,5,6,6,10-hexachlorodecane",PCT,,,NLET,B_ChlorinatedAlkanes_ISO
492,65071,Lake Trout,Salvelinus,namaycush,60.0,1412.0,M,ADS,1.0,2019-12-31,2019,Lake Athabasca,Lake Athabasca,59.279265,-106.031857,SK,WHA,"Chlorinated Alkanes, SC (C10-C13), Total ",50.0,L,1,2023-12-20,Chlorinated Alkane,Short Chain Chlorinated Alkanes (C10-13) Total,Total Short Chain Chlorinated Alkanes (C10-13),NG/G wet,5.0,,NLET,B_ChlorinatedAlkanes_ISO
493,65072,Lake Trout,Salvelinus,namaycush,61.0,1742.0,M,ADS,1.0,2019-12-31,2019,Lake Athabasca,Lake Athabasca,59.279265,-106.031857,SK,WHA,"13C10-1,5,5,6,6,10-hexachlorodecane      ",97.5,,1,2023-12-20,Chlorinated Alkane,"13C10-1,5,5,6,6,10-hexachlorodecane","13C10-1,5,5,6,6,10-hexachlorodecane",PCT,,,NLET,B_ChlorinatedAlkanes_ISO
494,65072,Lake Trout,Salvelinus,namaycush,61.0,1742.0,M,ADS,1.0,2019-12-31,2019,Lake Athabasca,Lake Athabasca,59.279265,-106.031857,SK,WHA,"Chlorinated Alkanes, SC (C10-C13), Total ",50.0,L,1,2023-12-20,Chlorinated Alkane,Short Chain Chlorinated Alkanes (C10-13) Total,Total Short Chain Chlorinated Alkanes (C10-13),NG/G wet,5.0,,NLET,B_ChlorinatedAlkanes_ISO
495,65074,Lake Trout,Salvelinus,namaycush,58.0,1455.0,M,ADS,1.0,2019-12-31,2019,Lake Athabasca,Lake Athabasca,59.279265,-106.031857,SK,WHA,"13C10-1,5,5,6,6,10-hexachlorodecane      ",103.0,,1,2023-12-20,Chlorinated Alkane,"13C10-1,5,5,6,6,10-hexachlorodecane","13C10-1,5,5,6,6,10-hexachlorodecane",PCT,,,NLET,B_ChlorinatedAlkanes_ISO
496,65074,Lake Trout,Salvelinus,namaycush,58.0,1455.0,M,ADS,1.0,2019-12-31,2019,Lake Athabasca,Lake Athabasca,59.279265,-106.031857,SK,WHA,"Chlorinated Alkanes, SC (C10-C13), Total ",50.0,L,1,2023-12-20,Chlorinated Alkane,Short Chain Chlorinated Alkanes (C10-13) Total,Total Short Chain Chlorinated Alkanes (C10-13),NG/G wet,5.0,,NLET,B_ChlorinatedAlkanes_ISO
497,65079,Lake Trout,Salvelinus,namaycush,64.0,2387.1,F,ADS,1.0,2019-12-31,2019,Lake Athabasca,Lake Athabasca,59.279265,-106.031857,SK,WHA,"13C10-1,5,5,6,6,10-hexachlorodecane      ",87.7,,1,2023-12-20,Chlorinated Alkane,"13C10-1,5,5,6,6,10-hexachlorodecane","13C10-1,5,5,6,6,10-hexachlorodecane",PCT,,,NLET,B_ChlorinatedAlkanes_ISO
498,65079,Lake Trout,Salvelinus,namaycush,64.0,2387.1,F,ADS,1.0,2019-12-31,2019,Lake Athabasca,Lake Athabasca,59.279265,-106.031857,SK,WHA,"Chlorinated Alkanes, SC (C10-C13), Total ",50.0,L,1,2023-12-20,Chlorinated Alkane,Short Chain Chlorinated Alkanes (C10-13) Total,Total Short Chain Chlorinated Alkanes (C10-13),NG/G wet,5.0,,NLET,B_ChlorinatedAlkanes_ISO
499,65080,Lake Trout,Salvelinus,namaycush,74.0,3563.5,F,ADS,1.0,2019-12-31,2019,Lake Athabasca,Lake Athabasca,59.279265,-106.031857,SK,WHA,"13C10-1,5,5,6,6,10-hexachlorodecane      ",93.1,,1,2023-12-20,Chlorinated Alkane,"13C10-1,5,5,6,6,10-hexachlorodecane","13C10-1,5,5,6,6,10-hexachlorodecane",PCT,,,NLET,B_ChlorinatedAlkanes_ISO
500,65080,Lake Trout,Salvelinus,namaycush,74.0,3563.5,F,ADS,1.0,2019-12-31,2019,Lake Athabasca,Lake Athabasca,59.279265,-106.031857,SK,WHA,"Chlorinated Alkanes, SC (C10-C13), Total ",50.0,L,1,2023-12-20,Chlorinated Alkane,Short Chain Chlorinated Alkanes (C10-13) Total,Total Short Chain Chlorinated Alkanes (C10-13),NG/G wet,5.0,,NLET,B_ChlorinatedAlkanes_ISO
501,65083,Lake Trout,Salvelinus,namaycush,60.0,1877.1,M,ADS,1.0,2019-12-31,2019,Lake Athabasca,Lake Athabasca,59.279265,-106.031857,SK,WHA,"13C10-1,5,5,6,6,10-hexachlorodecane      ",101.0,,1,2023-12-20,Chlorinated Alkane,"13C10-1,5,5,6,6,10-hexachlorodecane","13C10-1,5,5,6,6,10-hexachlorodecane",PCT,,,NLET,B_ChlorinatedAlkanes_ISO
502,65083,Lake Trout,Salvelinus,namaycush,60.0,1877.1,M,ADS,1.0,2019-12-31,2019,Lake Athabasca,Lake Athabasca,59.279265,-106.031857,SK,WHA,"Chlorinated Alkanes, SC (C10-C13), Total ",50.0,L,1,2023-12-20,Chlorinated Alkane,Short Chain Chlorinated Alkanes (C10-13) Total,Total Short Chain Chlorinated Alkanes (C10-13),NG/G wet,5.0,,NLET,B_ChlorinatedAlkanes_ISO
503,65084,Lake Trout,Salvelinus,namaycush,62.0,1770.0,F,ADS,1.0,2019-12-31,2019,Lake Athabasca,Lake Athabasca,59.279265,-106.031857,SK,WHA,"13C10-1,5,5,6,6,10-hexachlorodecane      ",108.0,,1,2023-12-20,Chlorinated Alkane,"13C10-1,5,5,6,6,10-hexachlorodecane","13C10-1,5,5,6,6,10-hexachlorodecane",PCT,,,NLET,B_ChlorinatedAlkanes_ISO
504,65084,Lake Trout,Salvelinus,namaycush,62.0,1770.0,F,ADS,1.0,2019-12-31,2019,Lake Athabasca,Lake Athabasca,59.279265,-106.031857,SK,WHA,"Chlorinated Alkanes, SC (C10-C13), Total ",50.0,L,1,2023-12-20,Chlorinated Alkane,Short Chain Chlorinated Alkanes (C10-13) Total,Total Short Chain Chlorinated Alkanes (C10-13),NG/G wet,5.0,,NLET,B_ChlorinatedAlkanes_ISO
505,65085,Lake Trout,Salvelinus,namaycush,62.0,2304.4,M,ADS,1.0,2019-12-31,2019,Lake Athabasca,Lake Athabasca,59.279265,-106.031857,SK,WHA,"13C10-1,5,5,6,6,10-hexachlorodecane      ",98.8,,1,2023-12-20,Chlorinated Alkane,"13C10-1,5,5,6,6,10-hexachlorodecane","13C10-1,5,5,6,6,10-hexachlorodecane",PCT,,,NLET,B_ChlorinatedAlkanes_ISO
506,65085,Lake Trout,Salvelinus,namaycush,62.0,2304.4,M,ADS,1.0,2019-12-31,2019,Lake Athabasca,Lake Athabasca,59.279265,-106.031857,SK,WHA,"Chlorinated Alkanes, SC (C10-C13), Total ",50.0,L,1,2023-12-20,Chlorinated Alkane,Short Chain Chlorinated Alkanes (C10-13) Total,Total Short Chain Chlorinated Alkanes (C10-13),NG/G wet,5.0,,NLET,B_ChlorinatedAlkanes_ISO
507,65087,Lake Trout,Salvelinus,namaycush,83.0,5274.5,F,ADS,1.0,2019-12-31,2019,Great Bear Lake,Great Bear Lake,66.241197,-123.739014,NWT,WHA,"13C10-1,5,5,6,6,10-hexachlorodecane",67.0,,1,2024-02-20,Chlorinated Alkane,"13C10-1,5,5,6,6,10-hexachlorodecane","13C10-1,5,5,6,6,10-hexachlorodecane",PCT,,,NLET,B_ChlorinatedAlkanes_ISO
508,65087,Lake Trout,Salvelinus,namaycush,83.0,5274.5,F,ADS,1.0,2019-12-31,2019,Great Bear Lake,Great Bear Lake,66.241197,-123.739014,NWT,WHA,"Chlorinated Alkanes, SC (C10-C13), Total",50.0,L,1,2024-02-20,Chlorinated Alkane,Short Chain Chlorinated Alkanes (C10-13) Total,Total Short Chain Chlorinated Alkanes (C10-13),NG/G wet,5.0,,NLET,B_ChlorinatedAlkanes_ISO
509,65088,Lake Trout,Salvelinus,namaycush,56.0,1820.0,M,ADS,1.0,2019-12-31,2019,Great Bear Lake,Great Bear Lake,66.241197,-123.739014,NWT,WHA,"13C10-1,5,5,6,6,10-hexachlorodecane",79.4,,1,2024-02-20,Chlorinated Alkane,"13C10-1,5,5,6,6,10-hexachlorodecane","13C10-1,5,5,6,6,10-hexachlorodecane",PCT,,,NLET,B_ChlorinatedAlkanes_ISO
510,65088,Lake Trout,Salvelinus,namaycush,56.0,1820.0,M,ADS,1.0,2019-12-31,2019,Great Bear Lake,Great Bear Lake,66.241197,-123.739014,NWT,WHA,"Chlorinated Alkanes, SC (C10-C13), Total",50.0,L,1,2024-02-20,Chlorinated Alkane,Short Chain Chlorinated Alkanes (C10-13) Total,Total Short Chain Chlorinated Alkanes (C10-13),NG/G wet,5.0,,NLET,B_ChlorinatedAlkanes_ISO
511,65089,Lake Trout,Salvelinus,namaycush,61.0,2121.6,F,ADS,1.0,2019-12-31,2019,Great Bear Lake,Great Bear Lake,66.241197,-123.739014,NWT,WHA,"13C10-1,5,5,6,6,10-hexachlorodecane",86.6,,1,2024-02-20,Chlorinated Alkane,"13C10-1,5,5,6,6,10-hexachlorodecane","13C10-1,5,5,6,6,10-hexachlorodecane",PCT,,,NLET,B_ChlorinatedAlkanes_ISO
512,65089,Lake Trout,Salvelinus,namaycush,61.0,2121.6,F,ADS,1.0,2019-12-31,2019,Great Bear Lake,Great Bear Lake,66.241197,-123.739014,NWT,WHA,"Chlorinated Alkanes, SC (C10-C13), Total",50.0,L,1,2024-02-20,Chlorinated Alkane,Short Chain Chlorinated Alkanes (C10-13) Total,Total Short Chain Chlorinated Alkanes (C10-13),NG/G wet,5.0,,NLET,B_ChlorinatedAlkanes_ISO
513,65091,Lake Trout,Salvelinus,namaycush,67.0,2817.0,F,ADS,1.0,2019-12-31,2019,Great Bear Lake,Great Bear Lake,66.241197,-123.739014,NWT,WHA,"13C10-1,5,5,6,6,10-hexachlorodecane",83.3,,1,2024-02-20,Chlorinated Alkane,"13C10-1,5,5,6,6,10-hexachlorodecane","13C10-1,5,5,6,6,10-hexachlorodecane",PCT,,,NLET,B_ChlorinatedAlkanes_ISO
514,65091,Lake Trout,Salvelinus,namaycush,67.0,2817.0,F,ADS,1.0,2019-12-31,2019,Great Bear Lake,Great Bear Lake,66.241197,-123.739014,NWT,WHA,"Chlorinated Alkanes, SC (C10-C13), Total",50.0,L,1,2024-02-20,Chlorinated Alkane,Short Chain Chlorinated Alkanes (C10-13) Total,Total Short Chain Chlorinated Alkanes (C10-13),NG/G wet,5.0,,NLET,B_ChlorinatedAlkanes_ISO
515,65094,Lake Trout,Salvelinus,namaycush,77.0,4683.7,F,ADS,1.0,2019-12-31,2019,Great Bear Lake,Great Bear Lake,66.241197,-123.739014,NWT,WHA,"13C10-1,5,5,6,6,10-hexachlorodecane",95.3,,1,2024-02-20,Chlorinated Alkane,"13C10-1,5,5,6,6,10-hexachlorodecane","13C10-1,5,5,6,6,10-hexachlorodecane",PCT,,,NLET,B_ChlorinatedAlkanes_ISO
516,65094,Lake Trout,Salvelinus,namaycush,77.0,4683.7,F,ADS,1.0,2019-12-31,2019,Great Bear Lake,Great Bear Lake,66.241197,-123.739014,NWT,WHA,"Chlorinated Alkanes, SC (C10-C13), Total",50.0,L,1,2024-02-20,Chlorinated Alkane,Short Chain Chlorinated Alkanes (C10-13) Total,Total Short Chain Chlorinated Alkanes (C10-13),NG/G wet,5.0,,NLET,B_ChlorinatedAlkanes_ISO
517,65172,Lake Trout,Salvelinus,namaycush,43.0,722.1,M,ADS,1.0,2020-06-15,2020,Kusawa Lake,Kusawa Lake,60.416492,-136.209119,YT,WHA,"13C10-1,5,5,6,6,10-hexachlorodecane      ",92.1,,1,2023-12-20,Chlorinated Alkane,"13C10-1,5,5,6,6,10-hexachlorodecane","13C10-1,5,5,6,6,10-hexachlorodecane",PCT,,,NLET,B_ChlorinatedAlkanes_ISO
518,65172,Lake Trout,Salvelinus,namaycush,43.0,722.1,M,ADS,1.0,2020-06-15,2020,Kusawa Lake,Kusawa Lake,60.416492,-136.209119,YT,WHA,"Chlorinated Alkanes, SC (C10-C13), Total ",50.0,L,1,2023-12-20,Chlorinated Alkane,Short Chain Chlorinated Alkanes (C10-13) Total,Total Short Chain Chlorinated Alkanes (C10-13),NG/G wet,5.0,,NLET,B_ChlorinatedAlkanes_ISO
519,65173,Lake Trout,Salvelinus,namaycush,44.0,922.5,M,ADS,1.0,2020-06-15,2020,Kusawa Lake,Kusawa Lake,60.416492,-136.209119,YT,WHA,"13C10-1,5,5,6,6,10-hexachlorodecane      ",76.1,,1,2023-12-20,Chlorinated Alkane,"13C10-1,5,5,6,6,10-hexachlorodecane","13C10-1,5,5,6,6,10-hexachlorodecane",PCT,,,NLET,B_ChlorinatedAlkanes_ISO
520,65173,Lake Trout,Salvelinus,namaycush,44.0,922.5,M,ADS,1.0,2020-06-15,2020,Kusawa Lake,Kusawa Lake,60.416492,-136.209119,YT,WHA,"Chlorinated Alkanes, SC (C10-C13), Total ",50.0,L,1,2023-12-20,Chlorinated Alkane,Short Chain Chlorinated Alkanes (C10-13) Total,Total Short Chain Chlorinated Alkanes (C10-13),NG/G wet,5.0,,NLET,B_ChlorinatedAlkanes_ISO
521,65175,Lake Trout,Salvelinus,namaycush,53.5,1703.0,F,ADS,1.0,2020-06-15,2020,Kusawa Lake,Kusawa Lake,60.416492,-136.209119,YT,WHA,"13C10-1,5,5,6,6,10-hexachlorodecane      ",98.9,,1,2023-12-20,Chlorinated Alkane,"13C10-1,5,5,6,6,10-hexachlorodecane","13C10-1,5,5,6,6,10-hexachlorodecane",PCT,,,NLET,B_ChlorinatedAlkanes_ISO
522,65175,Lake Trout,Salvelinus,namaycush,53.5,1703.0,F,ADS,1.0,2020-06-15,2020,Kusawa Lake,Kusawa Lake,60.416492,-136.209119,YT,WHA,"Chlorinated Alkanes, SC (C10-C13), Total ",50.0,L,1,2023-12-20,Chlorinated Alkane,Short Chain Chlorinated Alkanes (C10-13) Total,Total Short Chain Chlorinated Alkanes (C10-13),NG/G wet,5.0,,NLET,B_ChlorinatedAlkanes_ISO
523,65176,Lake Trout,Salvelinus,namaycush,43.0,737.0,M,ADS,1.0,2020-06-15,2020,Kusawa Lake,Kusawa Lake,60.416492,-136.209119,YT,WHA,"13C10-1,5,5,6,6,10-hexachlorodecane      ",93.6,,1,2023-12-20,Chlorinated Alkane,"13C10-1,5,5,6,6,10-hexachlorodecane","13C10-1,5,5,6,6,10-hexachlorodecane",PCT,,,NLET,B_ChlorinatedAlkanes_ISO
524,65176,Lake Trout,Salvelinus,namaycush,43.0,737.0,M,ADS,1.0,2020-06-15,2020,Kusawa Lake,Kusawa Lake,60.416492,-136.209119,YT,WHA,"Chlorinated Alkanes, SC (C10-C13), Total ",50.0,L,1,2023-12-20,Chlorinated Alkane,Short Chain Chlorinated Alkanes (C10-13) Total,Total Short Chain Chlorinated Alkanes (C10-13),NG/G wet,5.0,,NLET,B_ChlorinatedAlkanes_ISO
525,65179,Lake Trout,Salvelinus,namaycush,40.5,645.0,M,ADS,1.0,2020-06-15,2020,Kusawa Lake,Kusawa Lake,60.416492,-136.209119,YT,WHA,"13C10-1,5,5,6,6,10-hexachlorodecane      ",85.2,,1,2023-12-20,Chlorinated Alkane,"13C10-1,5,5,6,6,10-hexachlorodecane","13C10-1,5,5,6,6,10-hexachlorodecane",PCT,,,NLET,B_ChlorinatedAlkanes_ISO
526,65179,Lake Trout,Salvelinus,namaycush,40.5,645.0,M,ADS,1.0,2020-06-15,2020,Kusawa Lake,Kusawa Lake,60.416492,-136.209119,YT,WHA,"Chlorinated Alkanes, SC (C10-C13), Total ",50.0,L,1,2023-12-20,Chlorinated Alkane,Short Chain Chlorinated Alkanes (C10-13) Total,Total Short Chain Chlorinated Alkanes (C10-13),NG/G wet,5.0,,NLET,B_ChlorinatedAlkanes_ISO
527,65182,Lake Trout,Salvelinus,namaycush,42.5,671.0,M,ADS,1.0,2020-06-15,2020,Kusawa Lake,Kusawa Lake,60.416492,-136.209119,YT,WHA,"13C10-1,5,5,6,6,10-hexachlorodecane      ",81.3,,1,2023-12-20,Chlorinated Alkane,"13C10-1,5,5,6,6,10-hexachlorodecane","13C10-1,5,5,6,6,10-hexachlorodecane",PCT,,,NLET,B_ChlorinatedAlkanes_ISO
528,65182,Lake Trout,Salvelinus,namaycush,42.5,671.0,M,ADS,1.0,2020-06-15,2020,Kusawa Lake,Kusawa Lake,60.416492,-136.209119,YT,WHA,"Chlorinated Alkanes, SC (C10-C13), Total ",50.0,L,1,2023-12-20,Chlorinated Alkane,Short Chain Chlorinated Alkanes (C10-13) Total,Total Short Chain Chlorinated Alkanes (C10-13),NG/G wet,5.0,,NLET,B_ChlorinatedAlkanes_ISO
529,65186,Lake Trout,Salvelinus,namaycush,41.5,591.7,M,ADS,1.0,2020-06-15,2020,Kusawa Lake,Kusawa Lake,60.416492,-136.209119,YT,WHA,"13C10-1,5,5,6,6,10-hexachlorodecane      ",82.2,,1,2023-12-20,Chlorinated Alkane,"13C10-1,5,5,6,6,10-hexachlorodecane","13C10-1,5,5,6,6,10-hexachlorodecane",PCT,,,NLET,B_ChlorinatedAlkanes_ISO
530,65186,Lake Trout,Salvelinus,namaycush,41.5,591.7,M,ADS,1.0,2020-06-15,2020,Kusawa Lake,Kusawa Lake,60.416492,-136.209119,YT,WHA,"Chlorinated Alkanes, SC (C10-C13), Total ",50.0,L,1,2023-12-20,Chlorinated Alkane,Short Chain Chlorinated Alkanes (C10-13) Total,Total Short Chain Chlorinated Alkanes (C10-13),NG/G wet,5.0,,NLET,B_ChlorinatedAlkanes_ISO
531,65187,Lake Trout,Salvelinus,namaycush,41.0,751.0,M,,1.0,2020-06-15,2020,Kusawa Lake,Kusawa Lake,60.416492,-136.209119,YT,WHA,"13C10-1,5,5,6,6,10-hexachlorodecane      ",86.8,,1,2023-12-20,Chlorinated Alkane,"13C10-1,5,5,6,6,10-hexachlorodecane","13C10-1,5,5,6,6,10-hexachlorodecane",PCT,,,NLET,B_ChlorinatedAlkanes_ISO
532,65187,Lake Trout,Salvelinus,namaycush,41.0,751.0,M,,1.0,2020-06-15,2020,Kusawa Lake,Kusawa Lake,60.416492,-136.209119,YT,WHA,"Chlorinated Alkanes, SC (C10-C13), Total ",50.0,L,1,2023-12-20,Chlorinated Alkane,Short Chain Chlorinated Alkanes (C10-13) Total,Total Short Chain Chlorinated Alkanes (C10-13),NG/G wet,5.0,,NLET,B_ChlorinatedAlkanes_ISO
533,65188,Lake Trout,Salvelinus,namaycush,42.0,788.0,F,,1.0,2020-06-15,2020,Kusawa Lake,Kusawa Lake,60.416492,-136.209119,YT,WHA,"13C10-1,5,5,6,6,10-hexachlorodecane      ",89.8,,1,2023-12-20,Chlorinated Alkane,"13C10-1,5,5,6,6,10-hexachlorodecane","13C10-1,5,5,6,6,10-hexachlorodecane",PCT,,,NLET,B_ChlorinatedAlkanes_ISO
534,65188,Lake Trout,Salvelinus,namaycush,42.0,788.0,F,,1.0,2020-06-15,2020,Kusawa Lake,Kusawa Lake,60.416492,-136.209119,YT,WHA,"Chlorinated Alkanes, SC (C10-C13), Total ",50.0,L,1,2023-12-20,Chlorinated Alkane,Short Chain Chlorinated Alkanes (C10-13) Total,Total Short Chain Chlorinated Alkanes (C10-13),NG/G wet,5.0,,NLET,B_ChlorinatedAlkanes_ISO
535,65189,Lake Trout,Salvelinus,namaycush,46.5,1100.8,F,,1.0,2020-06-15,2020,Kusawa Lake,Kusawa Lake,60.416492,-136.209119,YT,WHA,"13C10-1,5,5,6,6,10-hexachlorodecane      ",79.9,,1,2023-12-20,Chlorinated Alkane,"13C10-1,5,5,6,6,10-hexachlorodecane","13C10-1,5,5,6,6,10-hexachlorodecane",PCT,,,NLET,B_ChlorinatedAlkanes_ISO
536,65189,Lake Trout,Salvelinus,namaycush,46.5,1100.8,F,,1.0,2020-06-15,2020,Kusawa Lake,Kusawa Lake,60.416492,-136.209119,YT,WHA,"Chlorinated Alkanes, SC (C10-C13), Total ",50.0,L,1,2023-12-20,Chlorinated Alkane,Short Chain Chlorinated Alkanes (C10-13) Total,Total Short Chain Chlorinated Alkanes (C10-13),NG/G wet,5.0,,NLET,B_ChlorinatedAlkanes_ISO
537,66104,Lake Trout,Salvelinus,namaycush,65.1,2542.7,M,ADS,1.0,2021-12-21,2021,Great Bear Lake,Great Bear Lake,66.241197,-123.739014,NWT,WHA,"13C10-1,5,5,6,6,10-hexachlorodecane      ",97.7,,1,2023-12-20,Chlorinated Alkane,"13C10-1,5,5,6,6,10-hexachlorodecane","13C10-1,5,5,6,6,10-hexachlorodecane",PCT,,,NLET,B_ChlorinatedAlkanes_ISO
538,66104,Lake Trout,Salvelinus,namaycush,65.1,2542.7,M,ADS,1.0,2021-12-21,2021,Great Bear Lake,Great Bear Lake,66.241197,-123.739014,NWT,WHA,"Chlorinated Alkanes, SC (C10-C13), Total ",50.0,L,1,2023-12-20,Chlorinated Alkane,Short Chain Chlorinated Alkanes (C10-13) Total,Total Short Chain Chlorinated Alkanes (C10-13),NG/G wet,5.0,,NLET,B_ChlorinatedAlkanes_ISO
539,66105,Lake Trout,Salvelinus,namaycush,68.7,3429.8,M,ADS,1.0,2021-12-21,2021,Great Bear Lake,Great Bear Lake,66.241197,-123.739014,NWT,WHA,"13C10-1,5,5,6,6,10-hexachlorodecane      ",98.0,,1,2023-12-20,Chlorinated Alkane,"13C10-1,5,5,6,6,10-hexachlorodecane","13C10-1,5,5,6,6,10-hexachlorodecane",PCT,,,NLET,B_ChlorinatedAlkanes_ISO
540,66105,Lake Trout,Salvelinus,namaycush,68.7,3429.8,M,ADS,1.0,2021-12-21,2021,Great Bear Lake,Great Bear Lake,66.241197,-123.739014,NWT,WHA,"Chlorinated Alkanes, SC (C10-C13), Total ",50.0,L,1,2023-12-20,Chlorinated Alkane,Short Chain Chlorinated Alkanes (C10-13) Total,Total Short Chain Chlorinated Alkanes (C10-13),NG/G wet,5.0,,NLET,B_ChlorinatedAlkanes_ISO
541,66105,Lake Trout,Salvelinus,namaycush,68.7,3429.8,M,ADS,1.0,2021-12-21,2021,Great Bear Lake,Great Bear Lake,66.241197,-123.739014,NWT,WHA,13C12-Beta-Hexabromocyclododecane,58.6,,1,2026-01-26,Chlorinated Alkane,Chlorinated alkane surrogate,13C12-Beta-Hexabromocyclododecane,PCT,,,NLET,B_ChlorinatedAlkanes_MC_Biota
542,66105,Lake Trout,Salvelinus,namaycush,68.7,3429.8,M,ADS,1.0,2021-12-21,2021,Great Bear Lake,Great Bear Lake,66.241197,-123.739014,NWT,WHA,"Chlorinated Alkanes, LC (C18-C20), Total",4.28,ND,1,2026-01-26,Chlorinated Alkane,"Long Chain Chlorinated Alkanes (C18-C20), Total","Long Chain Chlorinated Alkanes (C18-C20), Total",NG/G wet,,,NLET,B_ChlorinatedAlkanes_MC_Biota
543,66105,Lake Trout,Salvelinus,namaycush,68.7,3429.8,M,ADS,1.0,2021-12-21,2021,Great Bear Lake,Great Bear Lake,66.241197,-123.739014,NWT,WHA,"Chlorinated Alkanes, MC (C14-C17), Total",3.7,ND,1,2026-01-26,Chlorinated Alkane,Medium Chain Chlorinated Paraffins (C14-17) Total,Medium Chain Chlorinated Paraffins (C14-17) Total,NG/G wet,,,NLET,B_ChlorinatedAlkanes_MC_Biota
544,66106,Lake Trout,Salvelinus,namaycush,63.0,2834.1,F,ADS,1.0,2021-12-21,2021,Great Bear Lake,Great Bear Lake,66.241197,-123.739014,NWT,WHA,"13C10-1,5,5,6,6,10-hexachlorodecane      ",107.0,,1,2023-12-20,Chlorinated Alkane,"13C10-1,5,5,6,6,10-hexachlorodecane","13C10-1,5,5,6,6,10-hexachlorodecane",PCT,,,NLET,B_ChlorinatedAlkanes_ISO
545,66106,Lake Trout,Salvelinus,namaycush,63.0,2834.1,F,ADS,1.0,2021-12-21,2021,Great Bear Lake,Great Bear Lake,66.241197,-123.739014,NWT,WHA,"Chlorinated Alkanes, SC (C10-C13), Total ",50.0,L,1,2023-12-20,Chlorinated Alkane,Short Chain Chlorinated Alkanes (C10-13) Total,Total Short Chain Chlorinated Alkanes (C10-13),NG/G wet,5.0,,NLET,B_ChlorinatedAlkanes_ISO
546,66107,Lake Trout,Salvelinus,namaycush,70.5,3096.4,M,ADS,1.0,2021-12-21,2021,Great Bear Lake,Great Bear Lake,66.241197,-123.739014,NWT,WHA,"13C10-1,5,5,6,6,10-hexachlorodecane      ",102.0,,1,2023-12-20,Chlorinated Alkane,"13C10-1,5,5,6,6,10-hexachlorodecane","13C10-1,5,5,6,6,10-hexachlorodecane",PCT,,,NLET,B_ChlorinatedAlkanes_ISO
547,66107,Lake Trout,Salvelinus,namaycush,70.5,3096.4,M,ADS,1.0,2021-12-21,2021,Great Bear Lake,Great Bear Lake,66.241197,-123.739014,NWT,WHA,"Chlorinated Alkanes, SC (C10-C13), Total ",50.0,L,1,2023-12-20,Chlorinated Alkane,Short Chain Chlorinated Alkanes (C10-13) Total,Total Short Chain Chlorinated Alkanes (C10-13),NG/G wet,5.0,,NLET,B_ChlorinatedAlkanes_ISO
548,66108,Lake Trout,Salvelinus,namaycush,66.6,2912.4,M,ADS,1.0,2021-12-21,2021,Great Bear Lake,Great Bear Lake,66.241197,-123.739014,NWT,WHA,"13C10-1,5,5,6,6,10-hexachlorodecane      ",99.2,,1,2023-12-20,Chlorinated Alkane,"13C10-1,5,5,6,6,10-hexachlorodecane","13C10-1,5,5,6,6,10-hexachlorodecane",PCT,,,NLET,B_ChlorinatedAlkanes_ISO
549,66108,Lake Trout,Salvelinus,namaycush,66.6,2912.4,M,ADS,1.0,2021-12-21,2021,Great Bear Lake,Great Bear Lake,66.241197,-123.739014,NWT,WHA,"Chlorinated Alkanes, SC (C10-C13), Total ",50.0,L,1,2023-12-20,Chlorinated Alkane,Short Chain Chlorinated Alkanes (C10-13) Total,Total Short Chain Chlorinated Alkanes (C10-13),NG/G wet,5.0,,NLET,B_ChlorinatedAlkanes_ISO
550,66109,Lake Trout,Salvelinus,namaycush,67.5,2720.2,M,ADS,1.0,2021-12-21,2021,Great Bear Lake,Great Bear Lake,66.241197,-123.739014,NWT,WHA,13C12-Beta-Hexabromocyclododecane,68.6,,1,2026-01-26,Chlorinated Alkane,Chlorinated alkane surrogate,13C12-Beta-Hexabromocyclododecane,PCT,,,NLET,B_ChlorinatedAlkanes_MC_Biota
551,66109,Lake Trout,Salvelinus,namaycush,67.5,2720.2,M,ADS,1.0,2021-12-21,2021,Great Bear Lake,Great Bear Lake,66.241197,-123.739014,NWT,WHA,"Chlorinated Alkanes, LC (C18-C20), Total",4.25,ND,1,2026-01-26,Chlorinated Alkane,"Long Chain Chlorinated Alkanes (C18-C20), Total","Long Chain Chlorinated Alkanes (C18-C20), Total",NG/G wet,,,NLET,B_ChlorinatedAlkanes_MC_Biota
552,66109,Lake Trout,Salvelinus,namaycush,67.5,2720.2,M,ADS,1.0,2021-12-21,2021,Great Bear Lake,Great Bear Lake,66.241197,-123.739014,NWT,WHA,"Chlorinated Alkanes, MC (C14-C17), Total",3.67,ND,1,2026-01-26,Chlorinated Alkane,Medium Chain Chlorinated Paraffins (C14-17) Total,Medium Chain Chlorinated Paraffins (C14-17) Total,NG/G wet,,,NLET,B_ChlorinatedAlkanes_MC_Biota
553,66110,Lake Trout,Salvelinus,namaycush,66.0,2778.0,F,ADS,1.0,2021-12-21,2021,Great Bear Lake,Great Bear Lake,66.241197,-123.739014,NWT,WHA,"13C10-1,5,5,6,6,10-hexachlorodecane      ",97.4,,1,2023-12-20,Chlorinated Alkane,"13C10-1,5,5,6,6,10-hexachlorodecane","13C10-1,5,5,6,6,10-hexachlorodecane",PCT,,,NLET,B_ChlorinatedAlkanes_ISO
554,66110,Lake Trout,Salvelinus,namaycush,66.0,2778.0,F,ADS,1.0,2021-12-21,2021,Great Bear Lake,Great Bear Lake,66.241197,-123.739014,NWT,WHA,"Chlorinated Alkanes, SC (C10-C13), Total ",50.0,L,1,2023-12-20,Chlorinated Alkane,Short Chain Chlorinated Alkanes (C10-13) Total,Total Short Chain Chlorinated Alkanes (C10-13),NG/G wet,5.0,,NLET,B_ChlorinatedAlkanes_ISO
555,66112,Lake Trout,Salvelinus,namaycush,69.9,3434.6,F,ADS,1.0,2021-12-21,2021,Great Bear Lake,Great Bear Lake,66.241197,-123.739014,NWT,WHA,"13C10-1,5,5,6,6,10-hexachlorodecane      ",98.3,,1,2023-12-20,Chlorinated Alkane,"13C10-1,5,5,6,6,10-hexachlorodecane","13C10-1,5,5,6,6,10-hexachlorodecane",PCT,,,NLET,B_ChlorinatedAlkanes_ISO
556,66112,Lake Trout,Salvelinus,namaycush,69.9,3434.6,F,ADS,1.0,2021-12-21,2021,Great Bear Lake,Great Bear Lake,66.241197,-123.739014,NWT,WHA,"Chlorinated Alkanes, SC (C10-C13), Total ",50.0,L,1,2023-12-20,Chlorinated Alkane,Short Chain Chlorinated Alkanes (C10-13) Total,Total Short Chain Chlorinated Alkanes (C10-13),NG/G wet,5.0,,NLET,B_ChlorinatedAlkanes_ISO
557,66112,Lake Trout,Salvelinus,namaycush,69.9,3434.6,F,ADS,1.0,2021-12-21,2021,Great Bear Lake,Great Bear Lake,66.241197,-123.739014,NWT,WHA,13C12-Beta-Hexabromocyclododecane,65.7,,1,2026-01-26,Chlorinated Alkane,Chlorinated alkane surrogate,13C12-Beta-Hexabromocyclododecane,PCT,,,NLET,B_ChlorinatedAlkanes_MC_Biota
558,66112,Lake Trout,Salvelinus,namaycush,69.9,3434.6,F,ADS,1.0,2021-12-21,2021,Great Bear Lake,Great Bear Lake,66.241197,-123.739014,NWT,WHA,"Chlorinated Alkanes, LC (C18-C20), Total",4.35,ND,1,2026-01-26,Chlorinated Alkane,"Long Chain Chlorinated Alkanes (C18-C20), Total","Long Chain Chlorinated Alkanes (C18-C20), Total",NG/G wet,,,NLET,B_ChlorinatedAlkanes_MC_Biota
559,66112,Lake Trout,Salvelinus,namaycush,69.9,3434.6,F,ADS,1.0,2021-12-21,2021,Great Bear Lake,Great Bear Lake,66.241197,-123.739014,NWT,WHA,"Chlorinated Alkanes, MC (C14-C17), Total",3.75,ND,1,2026-01-26,Chlorinated Alkane,Medium Chain Chlorinated Paraffins (C14-17) Total,Medium Chain Chlorinated Paraffins (C14-17) Total,NG/G wet,,,NLET,B_ChlorinatedAlkanes_MC_Biota
560,66113,Lake Trout,Salvelinus,namaycush,70.0,3140.1,M,ADS,1.0,2021-12-21,2021,Great Bear Lake,Great Bear Lake,66.241197,-123.739014,NWT,WHA,"13C10-1,5,5,6,6,10-hexachlorodecane      ",97.0,,1,2023-12-20,Chlorinated Alkane,"13C10-1,5,5,6,6,10-hexachlorodecane","13C10-1,5,5,6,6,10-hexachlorodecane",PCT,,,NLET,B_ChlorinatedAlkanes_ISO
561,66113,Lake Trout,Salvelinus,namaycush,70.0,3140.1,M,ADS,1.0,2021-12-21,2021,Great Bear Lake,Great Bear Lake,66.241197,-123.739014,NWT,WHA,"Chlorinated Alkanes, SC (C10-C13), Total ",50.0,L,1,2023-12-20,Chlorinated Alkane,Short Chain Chlorinated Alkanes (C10-13) Total,Total Short Chain Chlorinated Alkanes (C10-13),NG/G wet,5.0,,NLET,B_ChlorinatedAlkanes_ISO
562,66113,Lake Trout,Salvelinus,namaycush,70.0,3140.1,M,ADS,1.0,2021-12-21,2021,Great Bear Lake,Great Bear Lake,66.241197,-123.739014,NWT,WHA,13C12-Beta-Hexabromocyclododecane,61.3,,1,2026-01-26,Chlorinated Alkane,Chlorinated alkane surrogate,13C12-Beta-Hexabromocyclododecane,PCT,,,NLET,B_ChlorinatedAlkanes_MC_Biota
563,66113,Lake Trout,Salvelinus,namaycush,70.0,3140.1,M,ADS,1.0,2021-12-21,2021,Great Bear Lake,Great Bear Lake,66.241197,-123.739014,NWT,WHA,"Chlorinated Alkanes, LC (C18-C20), Total",4.3,ND,1,2026-01-26,Chlorinated Alkane,"Long Chain Chlorinated Alkanes (C18-C20), Total","Long Chain Chlorinated Alkanes (C18-C20), Total",NG/G wet,,,NLET,B_ChlorinatedAlkanes_MC_Biota
564,66113,Lake Trout,Salvelinus,namaycush,70.0,3140.1,M,ADS,1.0,2021-12-21,2021,Great Bear Lake,Great Bear Lake,66.241197,-123.739014,NWT,WHA,"Chlorinated Alkanes, MC (C14-C17), Total",3.71,ND,1,2026-01-26,Chlorinated Alkane,Medium Chain Chlorinated Paraffins (C14-17) Total,Medium Chain Chlorinated Paraffins (C14-17) Total,NG/G wet,,,NLET,B_ChlorinatedAlkanes_MC_Biota
565,66120,Lake Trout,Salvelinus,namaycush,60.5,2124.0,F,ADS,1.0,2021-12-21,2021,Great Bear Lake,Great Bear Lake,66.241197,-123.739014,NWT,WHA,"13C10-1,5,5,6,6,10-hexachlorodecane      ",102.0,,1,2023-12-20,Chlorinated Alkane,"13C10-1,5,5,6,6,10-hexachlorodecane","13C10-1,5,5,6,6,10-hexachlorodecane",PCT,,,NLET,B_ChlorinatedAlkanes_ISO
566,66120,Lake Trout,Salvelinus,namaycush,60.5,2124.0,F,ADS,1.0,2021-12-21,2021,Great Bear Lake,Great Bear Lake,66.241197,-123.739014,NWT,WHA,"Chlorinated Alkanes, SC (C10-C13), Total ",50.0,L,1,2023-12-20,Chlorinated Alkane,Short Chain Chlorinated Alkanes (C10-13) Total,Total Short Chain Chlorinated Alkanes (C10-13),NG/G wet,5.0,,NLET,B_ChlorinatedAlkanes_ISO
567,66122,Lake Trout,Salvelinus,namaycush,74.0,4017.3,M,ADS,1.0,2021-12-21,2021,Great Bear Lake,Great Bear Lake,66.241197,-123.739014,NWT,WHA,"13C10-1,5,5,6,6,10-hexachlorodecane      ",95.1,,1,2023-12-20,Chlorinated Alkane,"13C10-1,5,5,6,6,10-hexachlorodecane","13C10-1,5,5,6,6,10-hexachlorodecane",PCT,,,NLET,B_ChlorinatedAlkanes_ISO
568,66122,Lake Trout,Salvelinus,namaycush,74.0,4017.3,M,ADS,1.0,2021-12-21,2021,Great Bear Lake,Great Bear Lake,66.241197,-123.739014,NWT,WHA,"Chlorinated Alkanes, SC (C10-C13), Total ",50.0,L,1,2023-12-20,Chlorinated Alkane,Short Chain Chlorinated Alkanes (C10-13) Total,Total Short Chain Chlorinated Alkanes (C10-13),NG/G wet,5.0,,NLET,B_ChlorinatedAlkanes_ISO
569,66122,Lake Trout,Salvelinus,namaycush,74.0,4017.3,M,ADS,1.0,2021-12-21,2021,Great Bear Lake,Great Bear Lake,66.241197,-123.739014,NWT,WHA,13C12-Beta-Hexabromocyclododecane,79.2,,1,2026-01-26,Chlorinated Alkane,Chlorinated alkane surrogate,13C12-Beta-Hexabromocyclododecane,PCT,,,NLET,B_ChlorinatedAlkanes_MC_Biota
570,66122,Lake Trout,Salvelinus,namaycush,74.0,4017.3,M,ADS,1.0,2021-12-21,2021,Great Bear Lake,Great Bear Lake,66.241197,-123.739014,NWT,WHA,"Chlorinated Alkanes, LC (C18-C20), Total",4.07,ND,1,2026-01-26,Chlorinated Alkane,"Long Chain Chlorinated Alkanes (C18-C20), Total","Long Chain Chlorinated Alkanes (C18-C20), Total",NG/G wet,,,NLET,B_ChlorinatedAlkanes_MC_Biota
571,66122,Lake Trout,Salvelinus,namaycush,74.0,4017.3,M,ADS,1.0,2021-12-21,2021,Great Bear Lake,Great Bear Lake,66.241197,-123.739014,NWT,WHA,"Chlorinated Alkanes, MC (C14-C17), Total",7.21,,1,2026-01-26,Chlorinated Alkane,Medium Chain Chlorinated Paraffins (C14-17) Total,Medium Chain Chlorinated Paraffins (C14-17) Total,NG/G wet,,,NLET,B_ChlorinatedAlkanes_MC_Biota
572,66217,Lake Trout,Salvelinus,namaycush,60.5,2408.1,F,ADS,1.0,2022-06-21,2022,Lake Huron,North Channel L Huron,45.91666667,-83.5,ON,WHA,13C12-Beta-Hexabromocyclododecane,89.1,,1,2026-02-20,Chlorinated Alkane,Chlorinated alkane surrogate,13C12-Beta-Hexabromocyclododecane,PCT,,,NLET,B_ChlorinatedAlkanes_MC_Biota
573,66217,Lake Trout,Salvelinus,namaycush,60.5,2408.1,F,ADS,1.0,2022-06-21,2022,Lake Huron,North Channel L Huron,45.91666667,-83.5,ON,WHA,"Chlorinated Alkanes, LC (C18-C20), Total",4.44,ND,1,2026-02-20,Chlorinated Alkane,"Long Chain Chlorinated Alkanes (C18-C20), Total","Long Chain Chlorinated Alkanes (C18-C20), Total",NG/G wet,,,NLET,B_ChlorinatedAlkanes_MC_Biota
574,66217,Lake Trout,Salvelinus,namaycush,60.5,2408.1,F,ADS,1.0,2022-06-21,2022,Lake Huron,North Channel L Huron,45.91666667,-83.5,ON,WHA,"Chlorinated Alkanes, MC (C14-C17), Total",3.83,ND,1,2026-02-20,Chlorinated Alkane,Medium Chain Chlorinated Paraffins (C14-17) Total,Medium Chain Chlorinated Paraffins (C14-17) Total,NG/G wet,,,NLET,B_ChlorinatedAlkanes_MC_Biota
575,66231,Lake Trout,Salvelinus,namaycush,50.5,1376.0,F,ADS,1.0,2022-06-21,2022,Lake Huron,North Channel L Huron,45.91666667,-83.5,ON,WHA,13C12-Beta-Hexabromocyclododecane,59.3,,1,2026-02-20,Chlorinated Alkane,Chlorinated alkane surrogate,13C12-Beta-Hexabromocyclododecane,PCT,,,NLET,B_ChlorinatedAlkanes_MC_Biota
576,66231,Lake Trout,Salvelinus,namaycush,50.5,1376.0,F,ADS,1.0,2022-06-21,2022,Lake Huron,North Channel L Huron,45.91666667,-83.5,ON,WHA,"Chlorinated Alkanes, LC (C18-C20), Total",4.38,ND,1,2026-02-20,Chlorinated Alkane,"Long Chain Chlorinated Alkanes (C18-C20), Total","Long Chain Chlorinated Alkanes (C18-C20), Total",NG/G wet,,,NLET,B_ChlorinatedAlkanes_MC_Biota
577,66231,Lake Trout,Salvelinus,namaycush,50.5,1376.0,F,ADS,1.0,2022-06-21,2022,Lake Huron,North Channel L Huron,45.91666667,-83.5,ON,WHA,"Chlorinated Alkanes, MC (C14-C17), Total",3.78,ND,1,2026-02-20,Chlorinated Alkane,Medium Chain Chlorinated Paraffins (C14-17) Total,Medium Chain Chlorinated Paraffins (C14-17) Total,NG/G wet,,,NLET,B_ChlorinatedAlkanes_MC_Biota
578,66237,Lake Trout,Salvelinus,namaycush,47.0,1244.3,UNK,ADS,1.0,2022-06-21,2022,Lake Huron,North Channel L Huron,45.91666667,-83.5,ON,WHA,13C12-Beta-Hexabromocyclododecane,49.3,COM,1,2026-02-20,Chlorinated Alkane,Chlorinated alkane surrogate,13C12-Beta-Hexabromocyclododecane,PCT,,,NLET,B_ChlorinatedAlkanes_MC_Biota
579,66237,Lake Trout,Salvelinus,namaycush,47.0,1244.3,UNK,ADS,1.0,2022-06-21,2022,Lake Huron,North Channel L Huron,45.91666667,-83.5,ON,WHA,"Chlorinated Alkanes, LC (C18-C20), Total",3.95,ND,1,2026-02-20,Chlorinated Alkane,"Long Chain Chlorinated Alkanes (C18-C20), Total","Long Chain Chlorinated Alkanes (C18-C20), Total",NG/G wet,,,NLET,B_ChlorinatedAlkanes_MC_Biota
580,66237,Lake Trout,Salvelinus,namaycush,47.0,1244.3,UNK,ADS,1.0,2022-06-21,2022,Lake Huron,North Channel L Huron,45.91666667,-83.5,ON,WHA,"Chlorinated Alkanes, MC (C14-C17), Total",3.41,ND,1,2026-02-20,Chlorinated Alkane,Medium Chain Chlorinated Paraffins (C14-17) Total,Medium Chain Chlorinated Paraffins (C14-17) Total,NG/G wet,,,NLET,B_ChlorinatedAlkanes_MC_Biota
581,66244,Lake Trout,Salvelinus,namaycush,52.0,1641.2,F,ADS,1.0,2022-06-21,2022,Lake Huron,North Channel L Huron,45.91666667,-83.5,ON,WHA,13C12-Beta-Hexabromocyclododecane,60.4,,1,2026-02-20,Chlorinated Alkane,Chlorinated alkane surrogate,13C12-Beta-Hexabromocyclododecane,PCT,,,NLET,B_ChlorinatedAlkanes_MC_Biota
582,66244,Lake Trout,Salvelinus,namaycush,52.0,1641.2,F,ADS,1.0,2022-06-21,2022,Lake Huron,North Channel L Huron,45.91666667,-83.5,ON,WHA,"Chlorinated Alkanes, LC (C18-C20), Total",3.94,ND,1,2026-02-20,Chlorinated Alkane,"Long Chain Chlorinated Alkanes (C18-C20), Total","Long Chain Chlorinated Alkanes (C18-C20), Total",NG/G wet,,,NLET,B_ChlorinatedAlkanes_MC_Biota
583,66244,Lake Trout,Salvelinus,namaycush,52.0,1641.2,F,ADS,1.0,2022-06-21,2022,Lake Huron,North Channel L Huron,45.91666667,-83.5,ON,WHA,"Chlorinated Alkanes, MC (C14-C17), Total",3.4,ND,1,2026-02-20,Chlorinated Alkane,Medium Chain Chlorinated Paraffins (C14-17) Total,Medium Chain Chlorinated Paraffins (C14-17) Total,NG/G wet,,,NLET,B_ChlorinatedAlkanes_MC_Biota
584,66245,Lake Trout,Salvelinus,namaycush,52.0,1457.9,F,ADS,1.0,2022-06-21,2022,Lake Huron,North Channel L Huron,45.91666667,-83.5,ON,WHA,13C12-Beta-Hexabromocyclododecane,55.2,,1,2026-02-20,Chlorinated Alkane,Chlorinated alkane surrogate,13C12-Beta-Hexabromocyclododecane,PCT,,,NLET,B_ChlorinatedAlkanes_MC_Biota
585,66245,Lake Trout,Salvelinus,namaycush,52.0,1457.9,F,ADS,1.0,2022-06-21,2022,Lake Huron,North Channel L Huron,45.91666667,-83.5,ON,WHA,"Chlorinated Alkanes, LC (C18-C20), Total",4.07,ND,1,2026-02-20,Chlorinated Alkane,"Long Chain Chlorinated Alkanes (C18-C20), Total","Long Chain Chlorinated Alkanes (C18-C20), Total",NG/G wet,,,NLET,B_ChlorinatedAlkanes_MC_Biota
586,66245,Lake Trout,Salvelinus,namaycush,52.0,1457.9,F,ADS,1.0,2022-06-21,2022,Lake Huron,North Channel L Huron,45.91666667,-83.5,ON,WHA,"Chlorinated Alkanes, MC (C14-C17), Total",3.52,ND,1,2026-02-20,Chlorinated Alkane,Medium Chain Chlorinated Paraffins (C14-17) Total,Medium Chain Chlorinated Paraffins (C14-17) Total,NG/G wet,,,NLET,B_ChlorinatedAlkanes_MC_Biota
587,66350,Lake Trout,Salvelinus,namaycush,46.0,1131.5,M,ADS,1.0,2022-07-19,2022,Lake Superior,Whitefish Bay L Superior,46.58333,-84.75,ON,WHA,"13C10-1,5,5,6,6,10-hexachlorodecane      ",102.0,,1,2023-12-20,Chlorinated Alkane,"13C10-1,5,5,6,6,10-hexachlorodecane","13C10-1,5,5,6,6,10-hexachlorodecane",PCT,,,NLET,B_ChlorinatedAlkanes_ISO
588,66350,Lake Trout,Salvelinus,namaycush,46.0,1131.5,M,ADS,1.0,2022-07-19,2022,Lake Superior,Whitefish Bay L Superior,46.58333,-84.75,ON,WHA,"Chlorinated Alkanes, SC (C10-C13), Total ",55.3,,1,2023-12-20,Chlorinated Alkane,Short Chain Chlorinated Alkanes (C10-13) Total,Total Short Chain Chlorinated Alkanes (C10-13),NG/G wet,5.0,,NLET,B_ChlorinatedAlkanes_ISO
589,66351,Lake Trout,Salvelinus,namaycush,51.0,1683.5,F,ADS,1.0,2022-07-19,2022,Lake Superior,Whitefish Bay L Superior,46.58333,-84.75,ON,WHA,"13C10-1,5,5,6,6,10-hexachlorodecane      ",101.0,,1,2023-12-20,Chlorinated Alkane,"13C10-1,5,5,6,6,10-hexachlorodecane","13C10-1,5,5,6,6,10-hexachlorodecane",PCT,,,NLET,B_ChlorinatedAlkanes_ISO
590,66351,Lake Trout,Salvelinus,namaycush,51.0,1683.5,F,ADS,1.0,2022-07-19,2022,Lake Superior,Whitefish Bay L Superior,46.58333,-84.75,ON,WHA,"Chlorinated Alkanes, SC (C10-C13), Total ",50.0,L,1,2023-12-20,Chlorinated Alkane,Short Chain Chlorinated Alkanes (C10-13) Total,Total Short Chain Chlorinated Alkanes (C10-13),NG/G wet,5.0,,NLET,B_ChlorinatedAlkanes_ISO
591,66352,Lake Trout,Salvelinus,namaycush,45.0,1006.5,M,ADS,1.0,2022-07-19,2022,Lake Superior,Whitefish Bay L Superior,46.58333,-84.75,ON,WHA,"13C10-1,5,5,6,6,10-hexachlorodecane      ",122.0,,1,2023-12-20,Chlorinated Alkane,"13C10-1,5,5,6,6,10-hexachlorodecane","13C10-1,5,5,6,6,10-hexachlorodecane",PCT,,,NLET,B_ChlorinatedAlkanes_ISO
592,66352,Lake Trout,Salvelinus,namaycush,45.0,1006.5,M,ADS,1.0,2022-07-19,2022,Lake Superior,Whitefish Bay L Superior,46.58333,-84.75,ON,WHA,"Chlorinated Alkanes, SC (C10-C13), Total ",50.0,L,1,2023-12-20,Chlorinated Alkane,Short Chain Chlorinated Alkanes (C10-13) Total,Total Short Chain Chlorinated Alkanes (C10-13),NG/G wet,5.0,,NLET,B_ChlorinatedAlkanes_ISO
593,66353,Lake Trout,Salvelinus,namaycush,54.0,1363.3,F,ADS,1.0,2022-07-19,2022,Lake Superior,Whitefish Bay L Superior,46.58333,-84.75,ON,WHA,"13C10-1,5,5,6,6,10-hexachlorodecane      ",134.0,,1,2023-12-20,Chlorinated Alkane,"13C10-1,5,5,6,6,10-hexachlorodecane","13C10-1,5,5,6,6,10-hexachlorodecane",PCT,,,NLET,B_ChlorinatedAlkanes_ISO
594,66353,Lake Trout,Salvelinus,namaycush,54.0,1363.3,F,ADS,1.0,2022-07-19,2022,Lake Superior,Whitefish Bay L Superior,46.58333,-84.75,ON,WHA,"Chlorinated Alkanes, SC (C10-C13), Total ",50.0,L,1,2023-12-20,Chlorinated Alkane,Short Chain Chlorinated Alkanes (C10-13) Total,Total Short Chain Chlorinated Alkanes (C10-13),NG/G wet,5.0,,NLET,B_ChlorinatedAlkanes_ISO
595,66360,Lake Trout,Salvelinus,namaycush,52.5,1647.5,F,ADS,1.0,2022-07-19,2022,Lake Superior,Whitefish Bay L Superior,46.58333,-84.75,ON,WHA,"13C10-1,5,5,6,6,10-hexachlorodecane      ",107.0,,1,2023-12-20,Chlorinated Alkane,"13C10-1,5,5,6,6,10-hexachlorodecane","13C10-1,5,5,6,6,10-hexachlorodecane",PCT,,,NLET,B_ChlorinatedAlkanes_ISO
596,66360,Lake Trout,Salvelinus,namaycush,52.5,1647.5,F,ADS,1.0,2022-07-19,2022,Lake Superior,Whitefish Bay L Superior,46.58333,-84.75,ON,WHA,"Chlorinated Alkanes, SC (C10-C13), Total ",50.0,L,1,2023-12-20,Chlorinated Alkane,Short Chain Chlorinated Alkanes (C10-13) Total,Total Short Chain Chlorinated Alkanes (C10-13),NG/G wet,5.0,,NLET,B_ChlorinatedAlkanes_ISO
597,66366,Lake Trout,Salvelinus,namaycush,51.0,1219.5,M,ADS,1.0,2022-07-19,2022,Lake Superior,Whitefish Bay L Superior,46.58333,-84.75,ON,WHA,"13C10-1,5,5,6,6,10-hexachlorodecane      ",100.0,,1,2023-12-20,Chlorinated Alkane,"13C10-1,5,5,6,6,10-hexachlorodecane","13C10-1,5,5,6,6,10-hexachlorodecane",PCT,,,NLET,B_ChlorinatedAlkanes_ISO
598,66366,Lake Trout,Salvelinus,namaycush,51.0,1219.5,M,ADS,1.0,2022-07-19,2022,Lake Superior,Whitefish Bay L Superior,46.58333,-84.75,ON,WHA,"Chlorinated Alkanes, SC (C10-C13), Total ",50.0,L,1,2023-12-20,Chlorinated Alkane,Short Chain Chlorinated Alkanes (C10-13) Total,Total Short Chain Chlorinated Alkanes (C10-13),NG/G wet,5.0,,NLET,B_ChlorinatedAlkanes_ISO
599,66367,Lake Trout,Salvelinus,namaycush,43.5,830.4,M,ADS,1.0,2022-07-19,2022,Lake Superior,Whitefish Bay L Superior,46.58333,-84.75,ON,WHA,"13C10-1,5,5,6,6,10-hexachlorodecane      ",142.0,,1,2023-12-20,Chlorinated Alkane,"13C10-1,5,5,6,6,10-hexachlorodecane","13C10-1,5,5,6,6,10-hexachlorodecane",PCT,,,NLET,B_ChlorinatedAlkanes_ISO
600,66367,Lake Trout,Salvelinus,namaycush,43.5,830.4,M,ADS,1.0,2022-07-19,2022,Lake Superior,Whitefish Bay L Superior,46.58333,-84.75,ON,WHA,"Chlorinated Alkanes, SC (C10-C13), Total ",50.0,L,1,2023-12-20,Chlorinated Alkane,Short Chain Chlorinated Alkanes (C10-13) Total,Total Short Chain Chlorinated Alkanes (C10-13),NG/G wet,5.0,,NLET,B_ChlorinatedAlkanes_ISO
601,66368,Lake Trout,Salvelinus,namaycush,43.5,922.1,M,ADS,1.0,2022-07-19,2022,Lake Superior,Whitefish Bay L Superior,46.58333,-84.75,ON,WHA,"13C10-1,5,5,6,6,10-hexachlorodecane      ",95.9,,1,2023-12-20,Chlorinated Alkane,"13C10-1,5,5,6,6,10-hexachlorodecane","13C10-1,5,5,6,6,10-hexachlorodecane",PCT,,,NLET,B_ChlorinatedAlkanes_ISO
602,66368,Lake Trout,Salvelinus,namaycush,43.5,922.1,M,ADS,1.0,2022-07-19,2022,Lake Superior,Whitefish Bay L Superior,46.58333,-84.75,ON,WHA,"Chlorinated Alkanes, SC (C10-C13), Total ",50.0,L,1,2023-12-20,Chlorinated Alkane,Short Chain Chlorinated Alkanes (C10-13) Total,Total Short Chain Chlorinated Alkanes (C10-13),NG/G wet,5.0,,NLET,B_ChlorinatedAlkanes_ISO
603,66369,Lake Trout,Salvelinus,namaycush,47.0,1208.8,M,ADS,1.0,2022-07-19,2022,Lake Superior,Whitefish Bay L Superior,46.58333,-84.75,ON,WHA,"13C10-1,5,5,6,6,10-hexachlorodecane      ",100.0,,1,2023-12-20,Chlorinated Alkane,"13C10-1,5,5,6,6,10-hexachlorodecane","13C10-1,5,5,6,6,10-hexachlorodecane",PCT,,,NLET,B_ChlorinatedAlkanes_ISO
604,66369,Lake Trout,Salvelinus,namaycush,47.0,1208.8,M,ADS,1.0,2022-07-19,2022,Lake Superior,Whitefish Bay L Superior,46.58333,-84.75,ON,WHA,"Chlorinated Alkanes, SC (C10-C13), Total ",50.0,L,1,2023-12-20,Chlorinated Alkane,Short Chain Chlorinated Alkanes (C10-13) Total,Total Short Chain Chlorinated Alkanes (C10-13),NG/G wet,5.0,,NLET,B_ChlorinatedAlkanes_ISO
605,66371,Lake Trout,Salvelinus,namaycush,47.0,1239.8,M,ADS,1.0,2022-07-19,2022,Lake Superior,Whitefish Bay L Superior,46.58333,-84.75,ON,WHA,"13C10-1,5,5,6,6,10-hexachlorodecane      ",88.6,,1,2023-12-20,Chlorinated Alkane,"13C10-1,5,5,6,6,10-hexachlorodecane","13C10-1,5,5,6,6,10-hexachlorodecane",PCT,,,NLET,B_ChlorinatedAlkanes_ISO
606,66371,Lake Trout,Salvelinus,namaycush,47.0,1239.8,M,ADS,1.0,2022-07-19,2022,Lake Superior,Whitefish Bay L Superior,46.58333,-84.75,ON,WHA,"Chlorinated Alkanes, SC (C10-C13), Total ",50.0,L,1,2023-12-20,Chlorinated Alkane,Short Chain Chlorinated Alkanes (C10-13) Total,Total Short Chain Chlorinated Alkanes (C10-13),NG/G wet,5.0,,NLET,B_ChlorinatedAlkanes_ISO
607,66696,Lake Trout,Salvelinus,namaycush,59.0,2118.7,F,ADS,1.0,2022-12-31,2022,Cold Lake,Cold Lake,54.63639,-109.985,AB,WHA,13C12-Beta-Hexabromocyclododecane,71.7,,1,2026-01-29,Chlorinated Alkane,Chlorinated alkane surrogate,13C12-Beta-Hexabromocyclododecane,PCT,,,NLET,B_ChlorinatedAlkanes_MC_Biota
608,66696,Lake Trout,Salvelinus,namaycush,59.0,2118.7,F,ADS,1.0,2022-12-31,2022,Cold Lake,Cold Lake,54.63639,-109.985,AB,WHA,"Chlorinated Alkanes, LC (C18-C20), Total",4.33,ND,1,2026-01-29,Chlorinated Alkane,"Long Chain Chlorinated Alkanes (C18-C20), Total","Long Chain Chlorinated Alkanes (C18-C20), Total",NG/G wet,,,NLET,B_ChlorinatedAlkanes_MC_Biota
609,66696,Lake Trout,Salvelinus,namaycush,59.0,2118.7,F,ADS,1.0,2022-12-31,2022,Cold Lake,Cold Lake,54.63639,-109.985,AB,WHA,"Chlorinated Alkanes, MC (C14-C17), Total",3.73,ND,1,2026-01-29,Chlorinated Alkane,Medium Chain Chlorinated Paraffins (C14-17) Total,Medium Chain Chlorinated Paraffins (C14-17) Total,NG/G wet,,,NLET,B_ChlorinatedAlkanes_MC_Biota
610,66698,Lake Trout,Salvelinus,namaycush,58.0,1939.3,M,ADS,1.0,2022-12-31,2022,Cold Lake,Cold Lake,54.63639,-109.985,AB,WHA,13C12-Beta-Hexabromocyclododecane,61.7,,1,2026-01-29,Chlorinated Alkane,Chlorinated alkane surrogate,13C12-Beta-Hexabromocyclododecane,PCT,,,NLET,B_ChlorinatedAlkanes_MC_Biota
611,66698,Lake Trout,Salvelinus,namaycush,58.0,1939.3,M,ADS,1.0,2022-12-31,2022,Cold Lake,Cold Lake,54.63639,-109.985,AB,WHA,"Chlorinated Alkanes, LC (C18-C20), Total",4.21,ND,1,2026-01-29,Chlorinated Alkane,"Long Chain Chlorinated Alkanes (C18-C20), Total","Long Chain Chlorinated Alkanes (C18-C20), Total",NG/G wet,,,NLET,B_ChlorinatedAlkanes_MC_Biota
612,66698,Lake Trout,Salvelinus,namaycush,58.0,1939.3,M,ADS,1.0,2022-12-31,2022,Cold Lake,Cold Lake,54.63639,-109.985,AB,WHA,"Chlorinated Alkanes, MC (C14-C17), Total",3.63,ND,1,2026-01-29,Chlorinated Alkane,Medium Chain Chlorinated Paraffins (C14-17) Total,Medium Chain Chlorinated Paraffins (C14-17) Total,NG/G wet,,,NLET,B_ChlorinatedAlkanes_MC_Biota
613,66699,Lake Trout,Salvelinus,namaycush,60.0,2078.0,M,ADS,1.0,2022-12-31,2022,Cold Lake,Cold Lake,54.63639,-109.985,AB,WHA,13C12-Beta-Hexabromocyclododecane,63.8,,1,2026-01-29,Chlorinated Alkane,Chlorinated alkane surrogate,13C12-Beta-Hexabromocyclododecane,PCT,,,NLET,B_ChlorinatedAlkanes_MC_Biota
614,66699,Lake Trout,Salvelinus,namaycush,60.0,2078.0,M,ADS,1.0,2022-12-31,2022,Cold Lake,Cold Lake,54.63639,-109.985,AB,WHA,"Chlorinated Alkanes, LC (C18-C20), Total",4.22,ND,1,2026-01-29,Chlorinated Alkane,"Long Chain Chlorinated Alkanes (C18-C20), Total","Long Chain Chlorinated Alkanes (C18-C20), Total",NG/G wet,,,NLET,B_ChlorinatedAlkanes_MC_Biota
615,66699,Lake Trout,Salvelinus,namaycush,60.0,2078.0,M,ADS,1.0,2022-12-31,2022,Cold Lake,Cold Lake,54.63639,-109.985,AB,WHA,"Chlorinated Alkanes, MC (C14-C17), Total",3.64,ND,1,2026-01-29,Chlorinated Alkane,Medium Chain Chlorinated Paraffins (C14-17) Total,Medium Chain Chlorinated Paraffins (C14-17) Total,NG/G wet,,,NLET,B_ChlorinatedAlkanes_MC_Biota
616,66709,Lake Trout,Salvelinus,namaycush,63.5,2073.0,M,ADS,1.0,2022-12-31,2022,Cold Lake,Cold Lake,54.63639,-109.985,AB,WHA,13C12-Beta-Hexabromocyclododecane,55.9,,1,2026-01-29,Chlorinated Alkane,Chlorinated alkane surrogate,13C12-Beta-Hexabromocyclododecane,PCT,,,NLET,B_ChlorinatedAlkanes_MC_Biota
617,66709,Lake Trout,Salvelinus,namaycush,63.5,2073.0,M,ADS,1.0,2022-12-31,2022,Cold Lake,Cold Lake,54.63639,-109.985,AB,WHA,"Chlorinated Alkanes, LC (C18-C20), Total",4.13,ND,1,2026-01-29,Chlorinated Alkane,"Long Chain Chlorinated Alkanes (C18-C20), Total","Long Chain Chlorinated Alkanes (C18-C20), Total",NG/G wet,,,NLET,B_ChlorinatedAlkanes_MC_Biota
618,66709,Lake Trout,Salvelinus,namaycush,63.5,2073.0,M,ADS,1.0,2022-12-31,2022,Cold Lake,Cold Lake,54.63639,-109.985,AB,WHA,"Chlorinated Alkanes, MC (C14-C17), Total",3.56,ND,1,2026-01-29,Chlorinated Alkane,Medium Chain Chlorinated Paraffins (C14-17) Total,Medium Chain Chlorinated Paraffins (C14-17) Total,NG/G wet,,,NLET,B_ChlorinatedAlkanes_MC_Biota
619,66714,Lake Trout,Salvelinus,namaycush,63.0,2607.0,F,ADS,1.0,2022-12-31,2022,Reindeer Lake,Reindeer Lake,57.492804,-102.381592,SK,WHA,"13C10-1,5,5,6,6,10-hexachlorodecane",151.0,,1,2025-09-17,Chlorinated Alkane,"13C10-1,5,5,6,6,10-hexachlorodecane","13C10-1,5,5,6,6,10-hexachlorodecane",PCT,,,NLET,B_ChlorinatedAlkanes_ISO
620,66714,Lake Trout,Salvelinus,namaycush,63.0,2607.0,F,ADS,1.0,2022-12-31,2022,Reindeer Lake,Reindeer Lake,57.492804,-102.381592,SK,WHA,"Chlorinated Alkanes, SC (C10-C13), Total",50.0,BDL,1,2025-09-17,Chlorinated Alkane,Short Chain Chlorinated Alkanes (C10-13) Total,Total Short Chain Chlorinated Alkanes (C10-13),NG/G wet,5.0,,NLET,B_ChlorinatedAlkanes_ISO
621,66714,Lake Trout,Salvelinus,namaycush,63.0,2607.0,F,ADS,1.0,2022-12-31,2022,Reindeer Lake,Reindeer Lake,57.492804,-102.381592,SK,WHA,13C12-Beta-Hexabromocyclododecane,63.9,,1,2026-01-29,Chlorinated Alkane,Chlorinated alkane surrogate,13C12-Beta-Hexabromocyclododecane,PCT,,,NLET,B_ChlorinatedAlkanes_MC_Biota
622,66714,Lake Trout,Salvelinus,namaycush,63.0,2607.0,F,ADS,1.0,2022-12-31,2022,Reindeer Lake,Reindeer Lake,57.492804,-102.381592,SK,WHA,"Chlorinated Alkanes, LC (C18-C20), Total",4.28,ND,1,2026-01-29,Chlorinated Alkane,"Long Chain Chlorinated Alkanes (C18-C20), Total","Long Chain Chlorinated Alkanes (C18-C20), Total",NG/G wet,,,NLET,B_ChlorinatedAlkanes_MC_Biota
623,66714,Lake Trout,Salvelinus,namaycush,63.0,2607.0,F,ADS,1.0,2022-12-31,2022,Reindeer Lake,Reindeer Lake,57.492804,-102.381592,SK,WHA,"Chlorinated Alkanes, MC (C14-C17), Total",3.69,ND,1,2026-01-29,Chlorinated Alkane,Medium Chain Chlorinated Paraffins (C14-17) Total,Medium Chain Chlorinated Paraffins (C14-17) Total,NG/G wet,,,NLET,B_ChlorinatedAlkanes_MC_Biota
624,66726,Lake Trout,Salvelinus,namaycush,58.0,2182.0,F,ADS,1.0,2022-12-31,2022,Reindeer Lake,Reindeer Lake,57.492804,-102.381592,SK,WHA,"13C10-1,5,5,6,6,10-hexachlorodecane",149.0,,1,2025-09-17,Chlorinated Alkane,"13C10-1,5,5,6,6,10-hexachlorodecane","13C10-1,5,5,6,6,10-hexachlorodecane",PCT,,,NLET,B_ChlorinatedAlkanes_ISO
625,66726,Lake Trout,Salvelinus,namaycush,58.0,2182.0,F,ADS,1.0,2022-12-31,2022,Reindeer Lake,Reindeer Lake,57.492804,-102.381592,SK,WHA,"Chlorinated Alkanes, SC (C10-C13), Total",50.0,BDL,1,2025-09-17,Chlorinated Alkane,Short Chain Chlorinated Alkanes (C10-13) Total,Total Short Chain Chlorinated Alkanes (C10-13),NG/G wet,5.0,,NLET,B_ChlorinatedAlkanes_ISO
626,66726,Lake Trout,Salvelinus,namaycush,58.0,2182.0,F,ADS,1.0,2022-12-31,2022,Reindeer Lake,Reindeer Lake,57.492804,-102.381592,SK,WHA,13C12-Beta-Hexabromocyclododecane,63.4,,1,2026-01-29,Chlorinated Alkane,Chlorinated alkane surrogate,13C12-Beta-Hexabromocyclododecane,PCT,,,NLET,B_ChlorinatedAlkanes_MC_Biota
627,66726,Lake Trout,Salvelinus,namaycush,58.0,2182.0,F,ADS,1.0,2022-12-31,2022,Reindeer Lake,Reindeer Lake,57.492804,-102.381592,SK,WHA,"Chlorinated Alkanes, LC (C18-C20), Total",4.24,ND,1,2026-01-29,Chlorinated Alkane,"Long Chain Chlorinated Alkanes (C18-C20), Total","Long Chain Chlorinated Alkanes (C18-C20), Total",NG/G wet,,,NLET,B_ChlorinatedAlkanes_MC_Biota
628,66726,Lake Trout,Salvelinus,namaycush,58.0,2182.0,F,ADS,1.0,2022-12-31,2022,Reindeer Lake,Reindeer Lake,57.492804,-102.381592,SK,WHA,"Chlorinated Alkanes, MC (C14-C17), Total",3.66,ND,1,2026-01-29,Chlorinated Alkane,Medium Chain Chlorinated Paraffins (C14-17) Total,Medium Chain Chlorinated Paraffins (C14-17) Total,NG/G wet,,,NLET,B_ChlorinatedAlkanes_MC_Biota
629,66728,Lake Trout,Salvelinus,namaycush,66.8,3749.1,F,ADS,1.0,2022-12-31,2022,Reindeer Lake,Reindeer Lake,57.492804,-102.381592,SK,WHA,"13C10-1,5,5,6,6,10-hexachlorodecane",150.0,,1,2025-09-17,Chlorinated Alkane,"13C10-1,5,5,6,6,10-hexachlorodecane","13C10-1,5,5,6,6,10-hexachlorodecane",PCT,,,NLET,B_ChlorinatedAlkanes_ISO
630,66728,Lake Trout,Salvelinus,namaycush,66.8,3749.1,F,ADS,1.0,2022-12-31,2022,Reindeer Lake,Reindeer Lake,57.492804,-102.381592,SK,WHA,"Chlorinated Alkanes, SC (C10-C13), Total",50.0,BDL,1,2025-09-17,Chlorinated Alkane,Short Chain Chlorinated Alkanes (C10-13) Total,Total Short Chain Chlorinated Alkanes (C10-13),NG/G wet,5.0,,NLET,B_ChlorinatedAlkanes_ISO
631,66728,Lake Trout,Salvelinus,namaycush,66.8,3749.1,F,ADS,1.0,2022-12-31,2022,Reindeer Lake,Reindeer Lake,57.492804,-102.381592,SK,WHA,13C12-Beta-Hexabromocyclododecane,68.5,,1,2026-01-29,Chlorinated Alkane,Chlorinated alkane surrogate,13C12-Beta-Hexabromocyclododecane,PCT,,,NLET,B_ChlorinatedAlkanes_MC_Biota
632,66728,Lake Trout,Salvelinus,namaycush,66.8,3749.1,F,ADS,1.0,2022-12-31,2022,Reindeer Lake,Reindeer Lake,57.492804,-102.381592,SK,WHA,"Chlorinated Alkanes, LC (C18-C20), Total",4.01,ND,1,2026-01-29,Chlorinated Alkane,"Long Chain Chlorinated Alkanes (C18-C20), Total","Long Chain Chlorinated Alkanes (C18-C20), Total",NG/G wet,,,NLET,B_ChlorinatedAlkanes_MC_Biota
633,66728,Lake Trout,Salvelinus,namaycush,66.8,3749.1,F,ADS,1.0,2022-12-31,2022,Reindeer Lake,Reindeer Lake,57.492804,-102.381592,SK,WHA,"Chlorinated Alkanes, MC (C14-C17), Total",3.46,ND,1,2026-01-29,Chlorinated Alkane,Medium Chain Chlorinated Paraffins (C14-17) Total,Medium Chain Chlorinated Paraffins (C14-17) Total,NG/G wet,,,NLET,B_ChlorinatedAlkanes_MC_Biota
634,66729,Lake Trout,Salvelinus,namaycush,73.0,4733.1,F,ADS,1.0,2022-12-31,2022,Reindeer Lake,Reindeer Lake,57.492804,-102.381592,SK,WHA,"13C10-1,5,5,6,6,10-hexachlorodecane",144.0,,1,2025-09-17,Chlorinated Alkane,"13C10-1,5,5,6,6,10-hexachlorodecane","13C10-1,5,5,6,6,10-hexachlorodecane",PCT,,,NLET,B_ChlorinatedAlkanes_ISO
635,66729,Lake Trout,Salvelinus,namaycush,73.0,4733.1,F,ADS,1.0,2022-12-31,2022,Reindeer Lake,Reindeer Lake,57.492804,-102.381592,SK,WHA,"Chlorinated Alkanes, SC (C10-C13), Total",50.0,BDL,1,2025-09-17,Chlorinated Alkane,Short Chain Chlorinated Alkanes (C10-13) Total,Total Short Chain Chlorinated Alkanes (C10-13),NG/G wet,5.0,,NLET,B_ChlorinatedAlkanes_ISO
636,66729,Lake Trout,Salvelinus,namaycush,73.0,4733.1,F,ADS,1.0,2022-12-31,2022,Reindeer Lake,Reindeer Lake,57.492804,-102.381592,SK,WHA,13C12-Beta-Hexabromocyclododecane,72.1,,1,2026-01-29,Chlorinated Alkane,Chlorinated alkane surrogate,13C12-Beta-Hexabromocyclododecane,PCT,,,NLET,B_ChlorinatedAlkanes_MC_Biota
637,66729,Lake Trout,Salvelinus,namaycush,73.0,4733.1,F,ADS,1.0,2022-12-31,2022,Reindeer Lake,Reindeer Lake,57.492804,-102.381592,SK,WHA,"Chlorinated Alkanes, LC (C18-C20), Total",4.19,ND,1,2026-01-29,Chlorinated Alkane,"Long Chain Chlorinated Alkanes (C18-C20), Total","Long Chain Chlorinated Alkanes (C18-C20), Total",NG/G wet,,,NLET,B_ChlorinatedAlkanes_MC_Biota
638,66729,Lake Trout,Salvelinus,namaycush,73.0,4733.1,F,ADS,1.0,2022-12-31,2022,Reindeer Lake,Reindeer Lake,57.492804,-102.381592,SK,WHA,"Chlorinated Alkanes, MC (C14-C17), Total",3.62,ND,1,2026-01-29,Chlorinated Alkane,Medium Chain Chlorinated Paraffins (C14-17) Total,Medium Chain Chlorinated Paraffins (C14-17) Total,NG/G wet,,,NLET,B_ChlorinatedAlkanes_MC_Biota
639,66730,Lake Trout,Salvelinus,namaycush,74.0,4789.9,F,ADS,1.0,2022-12-31,2022,Reindeer Lake,Reindeer Lake,57.492804,-102.381592,SK,WHA,"13C10-1,5,5,6,6,10-hexachlorodecane",148.0,,1,2025-09-17,Chlorinated Alkane,"13C10-1,5,5,6,6,10-hexachlorodecane","13C10-1,5,5,6,6,10-hexachlorodecane",PCT,,,NLET,B_ChlorinatedAlkanes_ISO
640,66730,Lake Trout,Salvelinus,namaycush,74.0,4789.9,F,ADS,1.0,2022-12-31,2022,Reindeer Lake,Reindeer Lake,57.492804,-102.381592,SK,WHA,"Chlorinated Alkanes, SC (C10-C13), Total",50.0,BDL,1,2025-09-17,Chlorinated Alkane,Short Chain Chlorinated Alkanes (C10-13) Total,Total Short Chain Chlorinated Alkanes (C10-13),NG/G wet,5.0,,NLET,B_ChlorinatedAlkanes_ISO
641,66730,Lake Trout,Salvelinus,namaycush,74.0,4789.9,F,ADS,1.0,2022-12-31,2022,Reindeer Lake,Reindeer Lake,57.492804,-102.381592,SK,WHA,13C12-Beta-Hexabromocyclododecane,65.7,,1,2026-01-29,Chlorinated Alkane,Chlorinated alkane surrogate,13C12-Beta-Hexabromocyclododecane,PCT,,,NLET,B_ChlorinatedAlkanes_MC_Biota
642,66730,Lake Trout,Salvelinus,namaycush,74.0,4789.9,F,ADS,1.0,2022-12-31,2022,Reindeer Lake,Reindeer Lake,57.492804,-102.381592,SK,WHA,"Chlorinated Alkanes, LC (C18-C20), Total",3.97,ND,1,2026-01-29,Chlorinated Alkane,"Long Chain Chlorinated Alkanes (C18-C20), Total","Long Chain Chlorinated Alkanes (C18-C20), Total",NG/G wet,,,NLET,B_ChlorinatedAlkanes_MC_Biota
643,66730,Lake Trout,Salvelinus,namaycush,74.0,4789.9,F,ADS,1.0,2022-12-31,2022,Reindeer Lake,Reindeer Lake,57.492804,-102.381592,SK,WHA,"Chlorinated Alkanes, MC (C14-C17), Total",3.43,ND,1,2026-01-29,Chlorinated Alkane,Medium Chain Chlorinated Paraffins (C14-17) Total,Medium Chain Chlorinated Paraffins (C14-17) Total,NG/G wet,,,NLET,B_ChlorinatedAlkanes_MC_Biota
644,66731,Lake Trout,Salvelinus,namaycush,65.0,1987.5,F,ADS,1.0,2022-12-31,2022,Cold Lake,Cold Lake,54.63639,-109.985,AB,WHA,13C12-Beta-Hexabromocyclododecane,50.0,,1,2026-01-29,Chlorinated Alkane,Chlorinated alkane surrogate,13C12-Beta-Hexabromocyclododecane,PCT,,,NLET,B_ChlorinatedAlkanes_MC_Biota
645,66731,Lake Trout,Salvelinus,namaycush,65.0,1987.5,F,ADS,1.0,2022-12-31,2022,Cold Lake,Cold Lake,54.63639,-109.985,AB,WHA,"Chlorinated Alkanes, LC (C18-C20), Total",4.23,ND,1,2026-01-29,Chlorinated Alkane,"Long Chain Chlorinated Alkanes (C18-C20), Total","Long Chain Chlorinated Alkanes (C18-C20), Total",NG/G wet,,,NLET,B_ChlorinatedAlkanes_MC_Biota
646,66731,Lake Trout,Salvelinus,namaycush,65.0,1987.5,F,ADS,1.0,2022-12-31,2022,Cold Lake,Cold Lake,54.63639,-109.985,AB,WHA,"Chlorinated Alkanes, MC (C14-C17), Total",3.65,ND,1,2026-01-29,Chlorinated Alkane,Medium Chain Chlorinated Paraffins (C14-17) Total,Medium Chain Chlorinated Paraffins (C14-17) Total,NG/G wet,,,NLET,B_ChlorinatedAlkanes_MC_Biota
647,66736,Lake Trout,Salvelinus,namaycush,60.0,2118.0,F,ADS,1.0,2022-12-31,2022,Lake Athabasca,Lake Athabasca,59.279265,-106.031857,SK,WHA,13C12-Beta-Hexabromocyclododecane,61.8,,1,2026-01-29,Chlorinated Alkane,Chlorinated alkane surrogate,13C12-Beta-Hexabromocyclododecane,PCT,,,NLET,B_ChlorinatedAlkanes_MC_Biota
648,66736,Lake Trout,Salvelinus,namaycush,60.0,2118.0,F,ADS,1.0,2022-12-31,2022,Lake Athabasca,Lake Athabasca,59.279265,-106.031857,SK,WHA,"Chlorinated Alkanes, LC (C18-C20), Total",4.23,ND,1,2026-01-29,Chlorinated Alkane,"Long Chain Chlorinated Alkanes (C18-C20), Total","Long Chain Chlorinated Alkanes (C18-C20), Total",NG/G wet,,,NLET,B_ChlorinatedAlkanes_MC_Biota
649,66736,Lake Trout,Salvelinus,namaycush,60.0,2118.0,F,ADS,1.0,2022-12-31,2022,Lake Athabasca,Lake Athabasca,59.279265,-106.031857,SK,WHA,"Chlorinated Alkanes, MC (C14-C17), Total",3.65,ND,1,2026-01-29,Chlorinated Alkane,Medium Chain Chlorinated Paraffins (C14-17) Total,Medium Chain Chlorinated Paraffins (C14-17) Total,NG/G wet,,,NLET,B_ChlorinatedAlkanes_MC_Biota
650,66738,Lake Trout,Salvelinus,namaycush,61.0,2248.5,M,ADS,1.0,2022-12-31,2022,Lake Athabasca,Lake Athabasca,59.279265,-106.031857,SK,WHA,13C12-Beta-Hexabromocyclododecane,71.0,,1,2026-01-29,Chlorinated Alkane,Chlorinated alkane surrogate,13C12-Beta-Hexabromocyclododecane,PCT,,,NLET,B_ChlorinatedAlkanes_MC_Biota
651,66738,Lake Trout,Salvelinus,namaycush,61.0,2248.5,M,ADS,1.0,2022-12-31,2022,Lake Athabasca,Lake Athabasca,59.279265,-106.031857,SK,WHA,"Chlorinated Alkanes, LC (C18-C20), Total",4.27,ND,1,2026-01-29,Chlorinated Alkane,"Long Chain Chlorinated Alkanes (C18-C20), Total","Long Chain Chlorinated Alkanes (C18-C20), Total",NG/G wet,,,NLET,B_ChlorinatedAlkanes_MC_Biota
652,66738,Lake Trout,Salvelinus,namaycush,61.0,2248.5,M,ADS,1.0,2022-12-31,2022,Lake Athabasca,Lake Athabasca,59.279265,-106.031857,SK,WHA,"Chlorinated Alkanes, MC (C14-C17), Total",3.68,ND,1,2026-01-29,Chlorinated Alkane,Medium Chain Chlorinated Paraffins (C14-17) Total,Medium Chain Chlorinated Paraffins (C14-17) Total,NG/G wet,,,NLET,B_ChlorinatedAlkanes_MC_Biota
653,66739,Lake Trout,Salvelinus,namaycush,67.5,2642.1,F,ADS,1.0,2022-12-31,2022,Lake Athabasca,Lake Athabasca,59.279265,-106.031857,SK,WHA,13C12-Beta-Hexabromocyclododecane,68.1,,1,2026-01-29,Chlorinated Alkane,Chlorinated alkane surrogate,13C12-Beta-Hexabromocyclododecane,PCT,,,NLET,B_ChlorinatedAlkanes_MC_Biota
654,66739,Lake Trout,Salvelinus,namaycush,67.5,2642.1,F,ADS,1.0,2022-12-31,2022,Lake Athabasca,Lake Athabasca,59.279265,-106.031857,SK,WHA,13C12-Beta-Hexabromocyclododecane,69.6,,2,2026-01-29,Chlorinated Alkane,Chlorinated alkane surrogate,13C12-Beta-Hexabromocyclododecane,PCT,,,NLET,B_ChlorinatedAlkanes_MC_Biota
655,66739,Lake Trout,Salvelinus,namaycush,67.5,2642.1,F,ADS,1.0,2022-12-31,2022,Lake Athabasca,Lake Athabasca,59.279265,-106.031857,SK,WHA,"Chlorinated Alkanes, LC (C18-C20), Total",3.94,ND,1,2026-01-29,Chlorinated Alkane,"Long Chain Chlorinated Alkanes (C18-C20), Total","Long Chain Chlorinated Alkanes (C18-C20), Total",NG/G wet,,,NLET,B_ChlorinatedAlkanes_MC_Biota
656,66739,Lake Trout,Salvelinus,namaycush,67.5,2642.1,F,ADS,1.0,2022-12-31,2022,Lake Athabasca,Lake Athabasca,59.279265,-106.031857,SK,WHA,"Chlorinated Alkanes, LC (C18-C20), Total",4.33,ND,2,2026-01-29,Chlorinated Alkane,"Long Chain Chlorinated Alkanes (C18-C20), Total","Long Chain Chlorinated Alkanes (C18-C20), Total",NG/G wet,,,NLET,B_ChlorinatedAlkanes_MC_Biota
657,66739,Lake Trout,Salvelinus,namaycush,67.5,2642.1,F,ADS,1.0,2022-12-31,2022,Lake Athabasca,Lake Athabasca,59.279265,-106.031857,SK,WHA,"Chlorinated Alkanes, MC (C14-C17), Total",3.4,ND,1,2026-01-29,Chlorinated Alkane,Medium Chain Chlorinated Paraffins (C14-17) Total,Medium Chain Chlorinated Paraffins (C14-17) Total,NG/G wet,,,NLET,B_ChlorinatedAlkanes_MC_Biota
658,66739,Lake Trout,Salvelinus,namaycush,67.5,2642.1,F,ADS,1.0,2022-12-31,2022,Lake Athabasca,Lake Athabasca,59.279265,-106.031857,SK,WHA,"Chlorinated Alkanes, MC (C14-C17), Total",3.73,ND,2,2026-01-29,Chlorinated Alkane,Medium Chain Chlorinated Paraffins (C14-17) Total,Medium Chain Chlorinated Paraffins (C14-17) Total,NG/G wet,,,NLET,B_ChlorinatedAlkanes_MC_Biota
659,66744,Lake Trout,Salvelinus,namaycush,58.5,2108.0,F,ADS,1.0,2022-12-31,2022,Lake Athabasca,Lake Athabasca,59.279265,-106.031857,SK,WHA,13C12-Beta-Hexabromocyclododecane,63.7,,1,2026-02-04,Chlorinated Alkane,Chlorinated alkane surrogate,13C12-Beta-Hexabromocyclododecane,PCT,,,NLET,B_ChlorinatedAlkanes_MC_Biota
660,66744,Lake Trout,Salvelinus,namaycush,58.5,2108.0,F,ADS,1.0,2022-12-31,2022,Lake Athabasca,Lake Athabasca,59.279265,-106.031857,SK,WHA,"Chlorinated Alkanes, LC (C18-C20), Total",4.26,ND,1,2026-02-04,Chlorinated Alkane,"Long Chain Chlorinated Alkanes (C18-C20), Total","Long Chain Chlorinated Alkanes (C18-C20), Total",NG/G wet,,,NLET,B_ChlorinatedAlkanes_MC_Biota
661,66744,Lake Trout,Salvelinus,namaycush,58.5,2108.0,F,ADS,1.0,2022-12-31,2022,Lake Athabasca,Lake Athabasca,59.279265,-106.031857,SK,WHA,"Chlorinated Alkanes, MC (C14-C17), Total",3.68,ND,1,2026-02-04,Chlorinated Alkane,Medium Chain Chlorinated Paraffins (C14-17) Total,Medium Chain Chlorinated Paraffins (C14-17) Total,NG/G wet,,,NLET,B_ChlorinatedAlkanes_MC_Biota
662,66746,Lake Trout,Salvelinus,namaycush,62.5,2234.7,M,ADS,1.0,2022-12-31,2022,Lake Athabasca,Lake Athabasca,59.279265,-106.031857,SK,WHA,13C12-Beta-Hexabromocyclododecane,67.5,,1,2026-02-04,Chlorinated Alkane,Chlorinated alkane surrogate,13C12-Beta-Hexabromocyclododecane,PCT,,,NLET,B_ChlorinatedAlkanes_MC_Biota
663,66746,Lake Trout,Salvelinus,namaycush,62.5,2234.7,M,ADS,1.0,2022-12-31,2022,Lake Athabasca,Lake Athabasca,59.279265,-106.031857,SK,WHA,"Chlorinated Alkanes, LC (C18-C20), Total",3.99,ND,1,2026-02-04,Chlorinated Alkane,"Long Chain Chlorinated Alkanes (C18-C20), Total","Long Chain Chlorinated Alkanes (C18-C20), Total",NG/G wet,,,NLET,B_ChlorinatedAlkanes_MC_Biota
664,66746,Lake Trout,Salvelinus,namaycush,62.5,2234.7,M,ADS,1.0,2022-12-31,2022,Lake Athabasca,Lake Athabasca,59.279265,-106.031857,SK,WHA,"Chlorinated Alkanes, MC (C14-C17), Total",3.45,ND,1,2026-02-04,Chlorinated Alkane,Medium Chain Chlorinated Paraffins (C14-17) Total,Medium Chain Chlorinated Paraffins (C14-17) Total,NG/G wet,,,NLET,B_ChlorinatedAlkanes_MC_Biota
665,66929,Lake Trout,Salvelinus,namaycush,37.0,444.2,M,ADS,1.0,2023-06-08,2023,Lake Huron,Southern Basin L Huron,43.75,-81.83333,ON,WHA,"13C10-1,5,5,6,6,10-hexachlorodecane",116.0,,1,2025-09-17,Chlorinated Alkane,"13C10-1,5,5,6,6,10-hexachlorodecane","13C10-1,5,5,6,6,10-hexachlorodecane",PCT,,,NLET,B_ChlorinatedAlkanes_ISO
666,66929,Lake Trout,Salvelinus,namaycush,37.0,444.2,M,ADS,1.0,2023-06-08,2023,Lake Huron,Southern Basin L Huron,43.75,-81.83333,ON,WHA,"Chlorinated Alkanes, SC (C10-C13), Total",50.0,BDL,1,2025-09-17,Chlorinated Alkane,Short Chain Chlorinated Alkanes (C10-13) Total,Total Short Chain Chlorinated Alkanes (C10-13),NG/G wet,5.0,,NLET,B_ChlorinatedAlkanes_ISO
667,66929,Lake Trout,Salvelinus,namaycush,37.0,444.2,M,ADS,1.0,2023-06-08,2023,Lake Huron,Southern Basin L Huron,43.75,-81.83333,ON,WHA,13C12-Beta-Hexabromocyclododecane,59.7,,1,2026-02-04,Chlorinated Alkane,Chlorinated alkane surrogate,13C12-Beta-Hexabromocyclododecane,PCT,,,NLET,B_ChlorinatedAlkanes_MC_Biota
668,66929,Lake Trout,Salvelinus,namaycush,37.0,444.2,M,ADS,1.0,2023-06-08,2023,Lake Huron,Southern Basin L Huron,43.75,-81.83333,ON,WHA,"Chlorinated Alkanes, LC (C18-C20), Total",4.11,ND,1,2026-02-04,Chlorinated Alkane,"Long Chain Chlorinated Alkanes (C18-C20), Total","Long Chain Chlorinated Alkanes (C18-C20), Total",NG/G wet,,,NLET,B_ChlorinatedAlkanes_MC_Biota
669,66929,Lake Trout,Salvelinus,namaycush,37.0,444.2,M,ADS,1.0,2023-06-08,2023,Lake Huron,Southern Basin L Huron,43.75,-81.83333,ON,WHA,"Chlorinated Alkanes, MC (C14-C17), Total",3.55,ND,1,2026-02-04,Chlorinated Alkane,Medium Chain Chlorinated Paraffins (C14-17) Total,Medium Chain Chlorinated Paraffins (C14-17) Total,NG/G wet,,,NLET,B_ChlorinatedAlkanes_MC_Biota
670,66930,Lake Trout,Salvelinus,namaycush,42.0,653.0,M,ADS,1.0,2023-06-08,2023,Lake Huron,Southern Basin L Huron,43.75,-81.83333,ON,WHA,"13C10-1,5,5,6,6,10-hexachlorodecane",127.0,,1,2025-09-17,Chlorinated Alkane,"13C10-1,5,5,6,6,10-hexachlorodecane","13C10-1,5,5,6,6,10-hexachlorodecane",PCT,,,NLET,B_ChlorinatedAlkanes_ISO
671,66930,Lake Trout,Salvelinus,namaycush,42.0,653.0,M,ADS,1.0,2023-06-08,2023,Lake Huron,Southern Basin L Huron,43.75,-81.83333,ON,WHA,"Chlorinated Alkanes, SC (C10-C13), Total",50.0,BDL,1,2025-09-17,Chlorinated Alkane,Short Chain Chlorinated Alkanes (C10-13) Total,Total Short Chain Chlorinated Alkanes (C10-13),NG/G wet,5.0,,NLET,B_ChlorinatedAlkanes_ISO
672,66930,Lake Trout,Salvelinus,namaycush,42.0,653.0,M,ADS,1.0,2023-06-08,2023,Lake Huron,Southern Basin L Huron,43.75,-81.83333,ON,WHA,13C12-Beta-Hexabromocyclododecane,63.6,,1,2026-02-04,Chlorinated Alkane,Chlorinated alkane surrogate,13C12-Beta-Hexabromocyclododecane,PCT,,,NLET,B_ChlorinatedAlkanes_MC_Biota
673,66930,Lake Trout,Salvelinus,namaycush,42.0,653.0,M,ADS,1.0,2023-06-08,2023,Lake Huron,Southern Basin L Huron,43.75,-81.83333,ON,WHA,"Chlorinated Alkanes, LC (C18-C20), Total",4.04,ND,1,2026-02-04,Chlorinated Alkane,"Long Chain Chlorinated Alkanes (C18-C20), Total","Long Chain Chlorinated Alkanes (C18-C20), Total",NG/G wet,,,NLET,B_ChlorinatedAlkanes_MC_Biota
674,66930,Lake Trout,Salvelinus,namaycush,42.0,653.0,M,ADS,1.0,2023-06-08,2023,Lake Huron,Southern Basin L Huron,43.75,-81.83333,ON,WHA,"Chlorinated Alkanes, MC (C14-C17), Total",3.49,ND,1,2026-02-04,Chlorinated Alkane,Medium Chain Chlorinated Paraffins (C14-17) Total,Medium Chain Chlorinated Paraffins (C14-17) Total,NG/G wet,,,NLET,B_ChlorinatedAlkanes_MC_Biota
675,66931,Lake Trout,Salvelinus,namaycush,43.0,721.0,F,ADS,1.0,2023-06-08,2023,Lake Huron,Southern Basin L Huron,43.75,-81.83333,ON,WHA,"13C10-1,5,5,6,6,10-hexachlorodecane",138.0,,1,2025-09-17,Chlorinated Alkane,"13C10-1,5,5,6,6,10-hexachlorodecane","13C10-1,5,5,6,6,10-hexachlorodecane",PCT,,,NLET,B_ChlorinatedAlkanes_ISO
676,66931,Lake Trout,Salvelinus,namaycush,43.0,721.0,F,ADS,1.0,2023-06-08,2023,Lake Huron,Southern Basin L Huron,43.75,-81.83333,ON,WHA,"Chlorinated Alkanes, SC (C10-C13), Total",50.0,BDL,1,2025-09-17,Chlorinated Alkane,Short Chain Chlorinated Alkanes (C10-13) Total,Total Short Chain Chlorinated Alkanes (C10-13),NG/G wet,5.0,,NLET,B_ChlorinatedAlkanes_ISO
677,66931,Lake Trout,Salvelinus,namaycush,43.0,721.0,F,ADS,1.0,2023-06-08,2023,Lake Huron,Southern Basin L Huron,43.75,-81.83333,ON,WHA,13C12-Beta-Hexabromocyclododecane,71.1,,1,2026-02-04,Chlorinated Alkane,Chlorinated alkane surrogate,13C12-Beta-Hexabromocyclododecane,PCT,,,NLET,B_ChlorinatedAlkanes_MC_Biota
678,66931,Lake Trout,Salvelinus,namaycush,43.0,721.0,F,ADS,1.0,2023-06-08,2023,Lake Huron,Southern Basin L Huron,43.75,-81.83333,ON,WHA,"Chlorinated Alkanes, LC (C18-C20), Total",4.02,ND,1,2026-02-04,Chlorinated Alkane,"Long Chain Chlorinated Alkanes (C18-C20), Total","Long Chain Chlorinated Alkanes (C18-C20), Total",NG/G wet,,,NLET,B_ChlorinatedAlkanes_MC_Biota
679,66931,Lake Trout,Salvelinus,namaycush,43.0,721.0,F,ADS,1.0,2023-06-08,2023,Lake Huron,Southern Basin L Huron,43.75,-81.83333,ON,WHA,"Chlorinated Alkanes, MC (C14-C17), Total",3.47,ND,1,2026-02-04,Chlorinated Alkane,Medium Chain Chlorinated Paraffins (C14-17) Total,Medium Chain Chlorinated Paraffins (C14-17) Total,NG/G wet,,,NLET,B_ChlorinatedAlkanes_MC_Biota
680,66932,Lake Trout,Salvelinus,namaycush,36.0,428.6,M,ADS,1.0,2023-06-08,2023,Lake Huron,Southern Basin L Huron,43.75,-81.83333,ON,WHA,"13C10-1,5,5,6,6,10-hexachlorodecane",130.0,,1,2025-09-17,Chlorinated Alkane,"13C10-1,5,5,6,6,10-hexachlorodecane","13C10-1,5,5,6,6,10-hexachlorodecane",PCT,,,NLET,B_ChlorinatedAlkanes_ISO
681,66932,Lake Trout,Salvelinus,namaycush,36.0,428.6,M,ADS,1.0,2023-06-08,2023,Lake Huron,Southern Basin L Huron,43.75,-81.83333,ON,WHA,"Chlorinated Alkanes, SC (C10-C13), Total",50.0,BDL,1,2025-09-17,Chlorinated Alkane,Short Chain Chlorinated Alkanes (C10-13) Total,Total Short Chain Chlorinated Alkanes (C10-13),NG/G wet,5.0,,NLET,B_ChlorinatedAlkanes_ISO
682,66932,Lake Trout,Salvelinus,namaycush,36.0,428.6,M,ADS,1.0,2023-06-08,2023,Lake Huron,Southern Basin L Huron,43.75,-81.83333,ON,WHA,13C12-Beta-Hexabromocyclododecane,63.2,,1,2026-02-04,Chlorinated Alkane,Chlorinated alkane surrogate,13C12-Beta-Hexabromocyclododecane,PCT,,,NLET,B_ChlorinatedAlkanes_MC_Biota
683,66932,Lake Trout,Salvelinus,namaycush,36.0,428.6,M,ADS,1.0,2023-06-08,2023,Lake Huron,Southern Basin L Huron,43.75,-81.83333,ON,WHA,"Chlorinated Alkanes, LC (C18-C20), Total",4.15,ND,1,2026-02-04,Chlorinated Alkane,"Long Chain Chlorinated Alkanes (C18-C20), Total","Long Chain Chlorinated Alkanes (C18-C20), Total",NG/G wet,,,NLET,B_ChlorinatedAlkanes_MC_Biota
684,66932,Lake Trout,Salvelinus,namaycush,36.0,428.6,M,ADS,1.0,2023-06-08,2023,Lake Huron,Southern Basin L Huron,43.75,-81.83333,ON,WHA,"Chlorinated Alkanes, MC (C14-C17), Total",3.58,ND,1,2026-02-04,Chlorinated Alkane,Medium Chain Chlorinated Paraffins (C14-17) Total,Medium Chain Chlorinated Paraffins (C14-17) Total,NG/G wet,,,NLET,B_ChlorinatedAlkanes_MC_Biota
685,66936,Lake Trout,Salvelinus,namaycush,39.0,617.1,F,ADS,1.0,2023-06-08,2023,Lake Huron,Southern Basin L Huron,43.75,-81.83333,ON,WHA,"13C10-1,5,5,6,6,10-hexachlorodecane",137.0,,1,2025-09-17,Chlorinated Alkane,"13C10-1,5,5,6,6,10-hexachlorodecane","13C10-1,5,5,6,6,10-hexachlorodecane",PCT,,,NLET,B_ChlorinatedAlkanes_ISO
686,66936,Lake Trout,Salvelinus,namaycush,39.0,617.1,F,ADS,1.0,2023-06-08,2023,Lake Huron,Southern Basin L Huron,43.75,-81.83333,ON,WHA,"Chlorinated Alkanes, SC (C10-C13), Total",50.0,BDL,1,2025-09-17,Chlorinated Alkane,Short Chain Chlorinated Alkanes (C10-13) Total,Total Short Chain Chlorinated Alkanes (C10-13),NG/G wet,5.0,,NLET,B_ChlorinatedAlkanes_ISO
687,66936,Lake Trout,Salvelinus,namaycush,39.0,617.1,F,ADS,1.0,2023-06-08,2023,Lake Huron,Southern Basin L Huron,43.75,-81.83333,ON,WHA,13C12-Beta-Hexabromocyclododecane,50.5,,1,2026-02-04,Chlorinated Alkane,Chlorinated alkane surrogate,13C12-Beta-Hexabromocyclododecane,PCT,,,NLET,B_ChlorinatedAlkanes_MC_Biota
688,66936,Lake Trout,Salvelinus,namaycush,39.0,617.1,F,ADS,1.0,2023-06-08,2023,Lake Huron,Southern Basin L Huron,43.75,-81.83333,ON,WHA,"Chlorinated Alkanes, LC (C18-C20), Total",4.24,ND,1,2026-02-04,Chlorinated Alkane,"Long Chain Chlorinated Alkanes (C18-C20), Total","Long Chain Chlorinated Alkanes (C18-C20), Total",NG/G wet,,,NLET,B_ChlorinatedAlkanes_MC_Biota
689,66936,Lake Trout,Salvelinus,namaycush,39.0,617.1,F,ADS,1.0,2023-06-08,2023,Lake Huron,Southern Basin L Huron,43.75,-81.83333,ON,WHA,"Chlorinated Alkanes, MC (C14-C17), Total",3.66,ND,1,2026-02-04,Chlorinated Alkane,Medium Chain Chlorinated Paraffins (C14-17) Total,Medium Chain Chlorinated Paraffins (C14-17) Total,NG/G wet,,,NLET,B_ChlorinatedAlkanes_MC_Biota
690,67050,Lake Trout,Salvelinus,namaycush,55.0,2099.7,F,ADS,1.0,2023-08-09,2023,Lake Superior,Whitefish Bay L Superior,46.58333,-84.75,ON,WHA,13C12-Beta-Hexabromocyclododecane,68.9,,1,2026-02-20,Chlorinated Alkane,Chlorinated alkane surrogate,13C12-Beta-Hexabromocyclododecane,PCT,,,NLET,B_ChlorinatedAlkanes_MC_Biota
691,67050,Lake Trout,Salvelinus,namaycush,55.0,2099.7,F,ADS,1.0,2023-08-09,2023,Lake Superior,Whitefish Bay L Superior,46.58333,-84.75,ON,WHA,"Chlorinated Alkanes, LC (C18-C20), Total",4.36,ND,1,2026-02-20,Chlorinated Alkane,"Long Chain Chlorinated Alkanes (C18-C20), Total","Long Chain Chlorinated Alkanes (C18-C20), Total",NG/G wet,,,NLET,B_ChlorinatedAlkanes_MC_Biota
692,67050,Lake Trout,Salvelinus,namaycush,55.0,2099.7,F,ADS,1.0,2023-08-09,2023,Lake Superior,Whitefish Bay L Superior,46.58333,-84.75,ON,WHA,"Chlorinated Alkanes, MC (C14-C17), Total",3.76,ND,1,2026-02-20,Chlorinated Alkane,Medium Chain Chlorinated Paraffins (C14-17) Total,Medium Chain Chlorinated Paraffins (C14-17) Total,NG/G wet,,,NLET,B_ChlorinatedAlkanes_MC_Biota
693,67055,Lake Trout,Salvelinus,namaycush,53.0,1709.5,M,ADS,1.0,2023-08-09,2023,Lake Superior,Whitefish Bay L Superior,46.58333,-84.75,ON,WHA,13C12-Beta-Hexabromocyclododecane,73.9,,1,2026-02-20,Chlorinated Alkane,Chlorinated alkane surrogate,13C12-Beta-Hexabromocyclododecane,PCT,,,NLET,B_ChlorinatedAlkanes_MC_Biota
694,67055,Lake Trout,Salvelinus,namaycush,53.0,1709.5,M,ADS,1.0,2023-08-09,2023,Lake Superior,Whitefish Bay L Superior,46.58333,-84.75,ON,WHA,"Chlorinated Alkanes, LC (C18-C20), Total",4.17,ND,1,2026-02-20,Chlorinated Alkane,"Long Chain Chlorinated Alkanes (C18-C20), Total","Long Chain Chlorinated Alkanes (C18-C20), Total",NG/G wet,,,NLET,B_ChlorinatedAlkanes_MC_Biota
695,67055,Lake Trout,Salvelinus,namaycush,53.0,1709.5,M,ADS,1.0,2023-08-09,2023,Lake Superior,Whitefish Bay L Superior,46.58333,-84.75,ON,WHA,"Chlorinated Alkanes, MC (C14-C17), Total",3.6,ND,1,2026-02-20,Chlorinated Alkane,Medium Chain Chlorinated Paraffins (C14-17) Total,Medium Chain Chlorinated Paraffins (C14-17) Total,NG/G wet,,,NLET,B_ChlorinatedAlkanes_MC_Biota
696,67056,Lake Trout,Salvelinus,namaycush,52.8,1495.3,M,ADS,1.0,2023-08-09,2023,Lake Superior,Whitefish Bay L Superior,46.58333,-84.75,ON,WHA,13C12-Beta-Hexabromocyclododecane,64.8,,1,2026-02-20,Chlorinated Alkane,Chlorinated alkane surrogate,13C12-Beta-Hexabromocyclododecane,PCT,,,NLET,B_ChlorinatedAlkanes_MC_Biota
697,67056,Lake Trout,Salvelinus,namaycush,52.8,1495.3,M,ADS,1.0,2023-08-09,2023,Lake Superior,Whitefish Bay L Superior,46.58333,-84.75,ON,WHA,"Chlorinated Alkanes, LC (C18-C20), Total",4.29,ND,1,2026-02-20,Chlorinated Alkane,"Long Chain Chlorinated Alkanes (C18-C20), Total","Long Chain Chlorinated Alkanes (C18-C20), Total",NG/G wet,,,NLET,B_ChlorinatedAlkanes_MC_Biota
698,67056,Lake Trout,Salvelinus,namaycush,52.8,1495.3,M,ADS,1.0,2023-08-09,2023,Lake Superior,Whitefish Bay L Superior,46.58333,-84.75,ON,WHA,"Chlorinated Alkanes, MC (C14-C17), Total",3.7,ND,1,2026-02-20,Chlorinated Alkane,Medium Chain Chlorinated Paraffins (C14-17) Total,Medium Chain Chlorinated Paraffins (C14-17) Total,NG/G wet,,,NLET,B_ChlorinatedAlkanes_MC_Biota
699,67058,Lake Trout,Salvelinus,namaycush,55.0,2134.4,M,ADS,1.0,2023-08-09,2023,Lake Superior,Whitefish Bay L Superior,46.58333,-84.75,ON,WHA,13C12-Beta-Hexabromocyclododecane,42.8,COM,1,2026-02-20,Chlorinated Alkane,Chlorinated alkane surrogate,13C12-Beta-Hexabromocyclododecane,PCT,,,NLET,B_ChlorinatedAlkanes_MC_Biota
700,67058,Lake Trout,Salvelinus,namaycush,55.0,2134.4,M,ADS,1.0,2023-08-09,2023,Lake Superior,Whitefish Bay L Superior,46.58333,-84.75,ON,WHA,"Chlorinated Alkanes, LC (C18-C20), Total",4.12,ND,1,2026-02-20,Chlorinated Alkane,"Long Chain Chlorinated Alkanes (C18-C20), Total","Long Chain Chlorinated Alkanes (C18-C20), Total",NG/G wet,,,NLET,B_ChlorinatedAlkanes_MC_Biota
701,67058,Lake Trout,Salvelinus,namaycush,55.0,2134.4,M,ADS,1.0,2023-08-09,2023,Lake Superior,Whitefish Bay L Superior,46.58333,-84.75,ON,WHA,"Chlorinated Alkanes, MC (C14-C17), Total",3.56,ND,1,2026-02-20,Chlorinated Alkane,Medium Chain Chlorinated Paraffins (C14-17) Total,Medium Chain Chlorinated Paraffins (C14-17) Total,NG/G wet,,,NLET,B_ChlorinatedAlkanes_MC_Biota
702,67065,Lake Trout,Salvelinus,namaycush,52.0,2014.7,F,ADS,1.0,2023-08-09,2023,Lake Superior,Whitefish Bay L Superior,46.58333,-84.75,ON,WHA,13C12-Beta-Hexabromocyclododecane,80.6,,1,2026-02-20,Chlorinated Alkane,Chlorinated alkane surrogate,13C12-Beta-Hexabromocyclododecane,PCT,,,NLET,B_ChlorinatedAlkanes_MC_Biota
703,67065,Lake Trout,Salvelinus,namaycush,52.0,2014.7,F,ADS,1.0,2023-08-09,2023,Lake Superior,Whitefish Bay L Superior,46.58333,-84.75,ON,WHA,"Chlorinated Alkanes, LC (C18-C20), Total",4.05,ND,1,2026-02-20,Chlorinated Alkane,"Long Chain Chlorinated Alkanes (C18-C20), Total","Long Chain Chlorinated Alkanes (C18-C20), Total",NG/G wet,,,NLET,B_ChlorinatedAlkanes_MC_Biota
704,67065,Lake Trout,Salvelinus,namaycush,52.0,2014.7,F,ADS,1.0,2023-08-09,2023,Lake Superior,Whitefish Bay L Superior,46.58333,-84.75,ON,WHA,"Chlorinated Alkanes, MC (C14-C17), Total",3.5,ND,1,2026-02-20,Chlorinated Alkane,Medium Chain Chlorinated Paraffins (C14-17) Total,Medium Chain Chlorinated Paraffins (C14-17) Total,NG/G wet,,,NLET,B_ChlorinatedAlkanes_MC_Biota
705,67108,Lake Trout,Salvelinus,namaycush,49.0,1098.0,M,ADS,1.0,2023-07-08,2023,Kusawa Lake,Kusawa Lake,60.416492,-136.209119,YT,WHA,13C12-Beta-Hexabromocyclododecane,74.1,,1,2026-02-20,Chlorinated Alkane,Chlorinated alkane surrogate,13C12-Beta-Hexabromocyclododecane,PCT,,,NLET,B_ChlorinatedAlkanes_MC_Biota
706,67108,Lake Trout,Salvelinus,namaycush,49.0,1098.0,M,ADS,1.0,2023-07-08,2023,Kusawa Lake,Kusawa Lake,60.416492,-136.209119,YT,WHA,"Chlorinated Alkanes, LC (C18-C20), Total",4.5,ND,1,2026-02-20,Chlorinated Alkane,"Long Chain Chlorinated Alkanes (C18-C20), Total","Long Chain Chlorinated Alkanes (C18-C20), Total",NG/G wet,,,NLET,B_ChlorinatedAlkanes_MC_Biota
707,67108,Lake Trout,Salvelinus,namaycush,49.0,1098.0,M,ADS,1.0,2023-07-08,2023,Kusawa Lake,Kusawa Lake,60.416492,-136.209119,YT,WHA,"Chlorinated Alkanes, MC (C14-C17), Total",3.88,ND,1,2026-02-20,Chlorinated Alkane,Medium Chain Chlorinated Paraffins (C14-17) Total,Medium Chain Chlorinated Paraffins (C14-17) Total,NG/G wet,,,NLET,B_ChlorinatedAlkanes_MC_Biota
708,67111,Lake Trout,Salvelinus,namaycush,56.0,1626.1,F,ADS,1.0,2023-07-08,2023,Kusawa Lake,Kusawa Lake,60.416492,-136.209119,YT,WHA,13C12-Beta-Hexabromocyclododecane,57.0,,1,2026-02-20,Chlorinated Alkane,Chlorinated alkane surrogate,13C12-Beta-Hexabromocyclododecane,PCT,,,NLET,B_ChlorinatedAlkanes_MC_Biota
709,67111,Lake Trout,Salvelinus,namaycush,56.0,1626.1,F,ADS,1.0,2023-07-08,2023,Kusawa Lake,Kusawa Lake,60.416492,-136.209119,YT,WHA,"Chlorinated Alkanes, LC (C18-C20), Total",4.19,ND,1,2026-02-20,Chlorinated Alkane,"Long Chain Chlorinated Alkanes (C18-C20), Total","Long Chain Chlorinated Alkanes (C18-C20), Total",NG/G wet,,,NLET,B_ChlorinatedAlkanes_MC_Biota
710,67111,Lake Trout,Salvelinus,namaycush,56.0,1626.1,F,ADS,1.0,2023-07-08,2023,Kusawa Lake,Kusawa Lake,60.416492,-136.209119,YT,WHA,"Chlorinated Alkanes, MC (C14-C17), Total",3.62,ND,1,2026-02-20,Chlorinated Alkane,Medium Chain Chlorinated Paraffins (C14-17) Total,Medium Chain Chlorinated Paraffins (C14-17) Total,NG/G wet,,,NLET,B_ChlorinatedAlkanes_MC_Biota
711,67113,Lake Trout,Salvelinus,namaycush,52.0,1300.0,F,ADS,1.0,2023-07-08,2023,Kusawa Lake,Kusawa Lake,60.416492,-136.209119,YT,WHA,13C12-Beta-Hexabromocyclododecane,63.3,,1,2026-02-20,Chlorinated Alkane,Chlorinated alkane surrogate,13C12-Beta-Hexabromocyclododecane,PCT,,,NLET,B_ChlorinatedAlkanes_MC_Biota
712,67113,Lake Trout,Salvelinus,namaycush,52.0,1300.0,F,ADS,1.0,2023-07-08,2023,Kusawa Lake,Kusawa Lake,60.416492,-136.209119,YT,WHA,"Chlorinated Alkanes, LC (C18-C20), Total",4.01,ND,1,2026-02-20,Chlorinated Alkane,"Long Chain Chlorinated Alkanes (C18-C20), Total","Long Chain Chlorinated Alkanes (C18-C20), Total",NG/G wet,,,NLET,B_ChlorinatedAlkanes_MC_Biota
713,67113,Lake Trout,Salvelinus,namaycush,52.0,1300.0,F,ADS,1.0,2023-07-08,2023,Kusawa Lake,Kusawa Lake,60.416492,-136.209119,YT,WHA,"Chlorinated Alkanes, MC (C14-C17), Total",3.46,ND,1,2026-02-20,Chlorinated Alkane,Medium Chain Chlorinated Paraffins (C14-17) Total,Medium Chain Chlorinated Paraffins (C14-17) Total,NG/G wet,,,NLET,B_ChlorinatedAlkanes_MC_Biota
714,67114,Lake Trout,Salvelinus,namaycush,40.0,538.0,F,ADS,1.0,2023-07-08,2023,Kusawa Lake,Kusawa Lake,60.416492,-136.209119,YT,WHA,13C12-Beta-Hexabromocyclododecane,52.9,,1,2026-02-20,Chlorinated Alkane,Chlorinated alkane surrogate,13C12-Beta-Hexabromocyclododecane,PCT,,,NLET,B_ChlorinatedAlkanes_MC_Biota
715,67114,Lake Trout,Salvelinus,namaycush,40.0,538.0,F,ADS,1.0,2023-07-08,2023,Kusawa Lake,Kusawa Lake,60.416492,-136.209119,YT,WHA,"Chlorinated Alkanes, LC (C18-C20), Total",4.39,ND,1,2026-02-20,Chlorinated Alkane,"Long Chain Chlorinated Alkanes (C18-C20), Total","Long Chain Chlorinated Alkanes (C18-C20), Total",NG/G wet,,,NLET,B_ChlorinatedAlkanes_MC_Biota
716,67114,Lake Trout,Salvelinus,namaycush,40.0,538.0,F,ADS,1.0,2023-07-08,2023,Kusawa Lake,Kusawa Lake,60.416492,-136.209119,YT,WHA,"Chlorinated Alkanes, MC (C14-C17), Total",3.78,ND,1,2026-02-20,Chlorinated Alkane,Medium Chain Chlorinated Paraffins (C14-17) Total,Medium Chain Chlorinated Paraffins (C14-17) Total,NG/G wet,,,NLET,B_ChlorinatedAlkanes_MC_Biota
717,67120,Lake Trout,Salvelinus,namaycush,47.0,893.5,M,ADS,1.0,2023-07-08,2023,Kusawa Lake,Kusawa Lake,60.416492,-136.209119,YT,WHA,13C12-Beta-Hexabromocyclododecane,65.8,,1,2026-02-20,Chlorinated Alkane,Chlorinated alkane surrogate,13C12-Beta-Hexabromocyclododecane,PCT,,,NLET,B_ChlorinatedAlkanes_MC_Biota
718,67120,Lake Trout,Salvelinus,namaycush,47.0,893.5,M,ADS,1.0,2023-07-08,2023,Kusawa Lake,Kusawa Lake,60.416492,-136.209119,YT,WHA,13C12-Beta-Hexabromocyclododecane,72.0,,2,2026-02-20,Chlorinated Alkane,Chlorinated alkane surrogate,13C12-Beta-Hexabromocyclododecane,PCT,,,NLET,B_ChlorinatedAlkanes_MC_Biota
719,67120,Lake Trout,Salvelinus,namaycush,47.0,893.5,M,ADS,1.0,2023-07-08,2023,Kusawa Lake,Kusawa Lake,60.416492,-136.209119,YT,WHA,"Chlorinated Alkanes, LC (C18-C20), Total",3.9,ND,1,2026-02-20,Chlorinated Alkane,"Long Chain Chlorinated Alkanes (C18-C20), Total","Long Chain Chlorinated Alkanes (C18-C20), Total",NG/G wet,,,NLET,B_ChlorinatedAlkanes_MC_Biota
720,67120,Lake Trout,Salvelinus,namaycush,47.0,893.5,M,ADS,1.0,2023-07-08,2023,Kusawa Lake,Kusawa Lake,60.416492,-136.209119,YT,WHA,"Chlorinated Alkanes, LC (C18-C20), Total",4.17,ND,2,2026-02-20,Chlorinated Alkane,"Long Chain Chlorinated Alkanes (C18-C20), Total","Long Chain Chlorinated Alkanes (C18-C20), Total",NG/G wet,,,NLET,B_ChlorinatedAlkanes_MC_Biota
721,67120,Lake Trout,Salvelinus,namaycush,47.0,893.5,M,ADS,1.0,2023-07-08,2023,Kusawa Lake,Kusawa Lake,60.416492,-136.209119,YT,WHA,"Chlorinated Alkanes, MC (C14-C17), Total",3.36,ND,1,2026-02-20,Chlorinated Alkane,Medium Chain Chlorinated Paraffins (C14-17) Total,Medium Chain Chlorinated Paraffins (C14-17) Total,NG/G wet,,,NLET,B_ChlorinatedAlkanes_MC_Biota
722,67120,Lake Trout,Salvelinus,namaycush,47.0,893.5,M,ADS,1.0,2023-07-08,2023,Kusawa Lake,Kusawa Lake,60.416492,-136.209119,YT,WHA,"Chlorinated Alkanes, MC (C14-C17), Total",3.6,ND,2,2026-02-20,Chlorinated Alkane,Medium Chain Chlorinated Paraffins (C14-17) Total,Medium Chain Chlorinated Paraffins (C14-17) Total,NG/G wet,,,NLET,B_ChlorinatedAlkanes_MC_Biota
723,67137,Lake Trout,Salvelinus,namaycush,57.5,2145.0,F,ADS,1.0,2023-09-13,2023,Lake Ontario,Western Basin L Ontario,43.5,-79.58333,ON,WHA,13C12-Beta-Hexabromocyclododecane,74.3,,1,2026-02-20,Chlorinated Alkane,Chlorinated alkane surrogate,13C12-Beta-Hexabromocyclododecane,PCT,,,NLET,B_ChlorinatedAlkanes_MC_Biota
724,67137,Lake Trout,Salvelinus,namaycush,57.5,2145.0,F,ADS,1.0,2023-09-13,2023,Lake Ontario,Western Basin L Ontario,43.5,-79.58333,ON,WHA,"Chlorinated Alkanes, LC (C18-C20), Total",4.0,ND,1,2026-02-20,Chlorinated Alkane,"Long Chain Chlorinated Alkanes (C18-C20), Total","Long Chain Chlorinated Alkanes (C18-C20), Total",NG/G wet,,,NLET,B_ChlorinatedAlkanes_MC_Biota
725,67137,Lake Trout,Salvelinus,namaycush,57.5,2145.0,F,ADS,1.0,2023-09-13,2023,Lake Ontario,Western Basin L Ontario,43.5,-79.58333,ON,WHA,"Chlorinated Alkanes, MC (C14-C17), Total",5.42,,1,2026-02-20,Chlorinated Alkane,Medium Chain Chlorinated Paraffins (C14-17) Total,Medium Chain Chlorinated Paraffins (C14-17) Total,NG/G wet,,,NLET,B_ChlorinatedAlkanes_MC_Biota
726,67149,Lake Trout,Salvelinus,namaycush,46.0,1099.9,M,ADS,1.0,2023-09-13,2023,Lake Ontario,Western Basin L Ontario,43.5,-79.58333,ON,WHA,13C12-Beta-Hexabromocyclododecane,59.7,,1,2026-02-20,Chlorinated Alkane,Chlorinated alkane surrogate,13C12-Beta-Hexabromocyclododecane,PCT,,,NLET,B_ChlorinatedAlkanes_MC_Biota
727,67149,Lake Trout,Salvelinus,namaycush,46.0,1099.9,M,ADS,1.0,2023-09-13,2023,Lake Ontario,Western Basin L Ontario,43.5,-79.58333,ON,WHA,"Chlorinated Alkanes, LC (C18-C20), Total",4.3,ND,1,2026-02-20,Chlorinated Alkane,"Long Chain Chlorinated Alkanes (C18-C20), Total","Long Chain Chlorinated Alkanes (C18-C20), Total",NG/G wet,,,NLET,B_ChlorinatedAlkanes_MC_Biota
728,67149,Lake Trout,Salvelinus,namaycush,46.0,1099.9,M,ADS,1.0,2023-09-13,2023,Lake Ontario,Western Basin L Ontario,43.5,-79.58333,ON,WHA,"Chlorinated Alkanes, MC (C14-C17), Total",4.97,,1,2026-02-20,Chlorinated Alkane,Medium Chain Chlorinated Paraffins (C14-17) Total,Medium Chain Chlorinated Paraffins (C14-17) Total,NG/G wet,,,NLET,B_ChlorinatedAlkanes_MC_Biota
729,67155,Lake Trout,Salvelinus,namaycush,56.0,2178.0,M,ADS,1.0,2023-09-13,2023,Lake Ontario,Western Basin L Ontario,43.5,-79.58333,ON,WHA,13C12-Beta-Hexabromocyclododecane,64.4,,1,2026-02-20,Chlorinated Alkane,Chlorinated alkane surrogate,13C12-Beta-Hexabromocyclododecane,PCT,,,NLET,B_ChlorinatedAlkanes_MC_Biota
730,67155,Lake Trout,Salvelinus,namaycush,56.0,2178.0,M,ADS,1.0,2023-09-13,2023,Lake Ontario,Western Basin L Ontario,43.5,-79.58333,ON,WHA,"Chlorinated Alkanes, LC (C18-C20), Total",4.02,ND,1,2026-02-20,Chlorinated Alkane,"Long Chain Chlorinated Alkanes (C18-C20), Total","Long Chain Chlorinated Alkanes (C18-C20), Total",NG/G wet,,,NLET,B_ChlorinatedAlkanes_MC_Biota
731,67155,Lake Trout,Salvelinus,namaycush,56.0,2178.0,M,ADS,1.0,2023-09-13,2023,Lake Ontario,Western Basin L Ontario,43.5,-79.58333,ON,WHA,"Chlorinated Alkanes, MC (C14-C17), Total",3.47,ND,1,2026-02-20,Chlorinated Alkane,Medium Chain Chlorinated Paraffins (C14-17) Total,Medium Chain Chlorinated Paraffins (C14-17) Total,NG/G wet,,,NLET,B_ChlorinatedAlkanes_MC_Biota
732,67171,Lake Trout,Salvelinus,namaycush,53.5,1696.0,M,,1.0,2023-09-13,2023,Lake Ontario,Western Basin L Ontario,43.5,-79.58333,ON,WHA,13C12-Beta-Hexabromocyclododecane,67.1,,1,2026-02-20,Chlorinated Alkane,Chlorinated alkane surrogate,13C12-Beta-Hexabromocyclododecane,PCT,,,NLET,B_ChlorinatedAlkanes_MC_Biota
733,67171,Lake Trout,Salvelinus,namaycush,53.5,1696.0,M,,1.0,2023-09-13,2023,Lake Ontario,Western Basin L Ontario,43.5,-79.58333,ON,WHA,"Chlorinated Alkanes, LC (C18-C20), Total",3.96,ND,1,2026-02-20,Chlorinated Alkane,"Long Chain Chlorinated Alkanes (C18-C20), Total","Long Chain Chlorinated Alkanes (C18-C20), Total",NG/G wet,,,NLET,B_ChlorinatedAlkanes_MC_Biota
734,67171,Lake Trout,Salvelinus,namaycush,53.5,1696.0,M,,1.0,2023-09-13,2023,Lake Ontario,Western Basin L Ontario,43.5,-79.58333,ON,WHA,"Chlorinated Alkanes, MC (C14-C17), Total",3.42,ND,1,2026-02-20,Chlorinated Alkane,Medium Chain Chlorinated Paraffins (C14-17) Total,Medium Chain Chlorinated Paraffins (C14-17) Total,NG/G wet,,,NLET,B_ChlorinatedAlkanes_MC_Biota
735,67173,Lake Trout,Salvelinus,namaycush,48.5,1345.1,M,ADS,1.0,2023-09-13,2023,Lake Ontario,Western Basin L Ontario,43.5,-79.58333,ON,WHA,13C12-Beta-Hexabromocyclododecane,64.9,,1,2026-02-20,Chlorinated Alkane,Chlorinated alkane surrogate,13C12-Beta-Hexabromocyclododecane,PCT,,,NLET,B_ChlorinatedAlkanes_MC_Biota
736,67173,Lake Trout,Salvelinus,namaycush,48.5,1345.1,M,ADS,1.0,2023-09-13,2023,Lake Ontario,Western Basin L Ontario,43.5,-79.58333,ON,WHA,"Chlorinated Alkanes, LC (C18-C20), Total",4.28,ND,1,2026-02-20,Chlorinated Alkane,"Long Chain Chlorinated Alkanes (C18-C20), Total","Long Chain Chlorinated Alkanes (C18-C20), Total",NG/G wet,,,NLET,B_ChlorinatedAlkanes_MC_Biota
737,67173,Lake Trout,Salvelinus,namaycush,48.5,1345.1,M,ADS,1.0,2023-09-13,2023,Lake Ontario,Western Basin L Ontario,43.5,-79.58333,ON,WHA,"Chlorinated Alkanes, MC (C14-C17), Total",3.7,ND,1,2026-02-20,Chlorinated Alkane,Medium Chain Chlorinated Paraffins (C14-17) Total,Medium Chain Chlorinated Paraffins (C14-17) Total,NG/G wet,,,NLET,B_ChlorinatedAlkanes_MC_Biota
738,67475,Lake Trout,Salvelinus,namaycush,78.0,6465.2,M,ADS,,2024-05-01,2024,Lake Erie,Eastern Basin L Erie,42.54222,-79.38167,ON,WHA,13C12-Beta-Hexabromocyclododecane,65.1,,1,2026-02-04,Chlorinated Alkane,Chlorinated alkane surrogate,13C12-Beta-Hexabromocyclododecane,PCT,,,NLET,B_ChlorinatedAlkanes_MC_Biota
739,67475,Lake Trout,Salvelinus,namaycush,78.0,6465.2,M,ADS,,2024-05-01,2024,Lake Erie,Eastern Basin L Erie,42.54222,-79.38167,ON,WHA,"Chlorinated Alkanes, LC (C18-C20), Total",4.14,ND,1,2026-02-04,Chlorinated Alkane,"Long Chain Chlorinated Alkanes (C18-C20), Total","Long Chain Chlorinated Alkanes (C18-C20), Total",NG/G wet,,,NLET,B_ChlorinatedAlkanes_MC_Biota
740,67475,Lake Trout,Salvelinus,namaycush,78.0,6465.2,M,ADS,,2024-05-01,2024,Lake Erie,Eastern Basin L Erie,42.54222,-79.38167,ON,WHA,"Chlorinated Alkanes, MC (C14-C17), Total",3.57,ND,1,2026-02-04,Chlorinated Alkane,Medium Chain Chlorinated Paraffins (C14-17) Total,Medium Chain Chlorinated Paraffins (C14-17) Total,NG/G wet,,,NLET,B_ChlorinatedAlkanes_MC_Biota
741,67476,Lake Trout,Salvelinus,namaycush,72.0,5661.0,F,ADS,,2024-05-01,2024,Lake Erie,Eastern Basin L Erie,42.54222,-79.38167,ON,WHA,"13C10-1,5,5,6,6,10-hexachlorodecane",129.0,,1,2025-09-17,Chlorinated Alkane,"13C10-1,5,5,6,6,10-hexachlorodecane","13C10-1,5,5,6,6,10-hexachlorodecane",PCT,,,NLET,B_ChlorinatedAlkanes_ISO
742,67476,Lake Trout,Salvelinus,namaycush,72.0,5661.0,F,ADS,,2024-05-01,2024,Lake Erie,Eastern Basin L Erie,42.54222,-79.38167,ON,WHA,"Chlorinated Alkanes, SC (C10-C13), Total",50.0,BDL,1,2025-09-17,Chlorinated Alkane,Short Chain Chlorinated Alkanes (C10-13) Total,Total Short Chain Chlorinated Alkanes (C10-13),NG/G wet,5.0,,NLET,B_ChlorinatedAlkanes_ISO
743,67478,Lake Trout,Salvelinus,namaycush,79.0,7094.0,M,ADS,,2024-05-01,2024,Lake Erie,Eastern Basin L Erie,42.54222,-79.38167,ON,WHA,13C12-Beta-Hexabromocyclododecane,67.8,,1,2026-02-04,Chlorinated Alkane,Chlorinated alkane surrogate,13C12-Beta-Hexabromocyclododecane,PCT,,,NLET,B_ChlorinatedAlkanes_MC_Biota
744,67478,Lake Trout,Salvelinus,namaycush,79.0,7094.0,M,ADS,,2024-05-01,2024,Lake Erie,Eastern Basin L Erie,42.54222,-79.38167,ON,WHA,"Chlorinated Alkanes, LC (C18-C20), Total",4.05,ND,1,2026-02-04,Chlorinated Alkane,"Long Chain Chlorinated Alkanes (C18-C20), Total","Long Chain Chlorinated Alkanes (C18-C20), Total",NG/G wet,,,NLET,B_ChlorinatedAlkanes_MC_Biota
745,67478,Lake Trout,Salvelinus,namaycush,79.0,7094.0,M,ADS,,2024-05-01,2024,Lake Erie,Eastern Basin L Erie,42.54222,-79.38167,ON,WHA,"Chlorinated Alkanes, MC (C14-C17), Total",3.5,ND,1,2026-02-04,Chlorinated Alkane,Medium Chain Chlorinated Paraffins (C14-17) Total,Medium Chain Chlorinated Paraffins (C14-17) Total,NG/G wet,,,NLET,B_ChlorinatedAlkanes_MC_Biota
746,67481,Lake Trout,Salvelinus,namaycush,74.5,6504.1,F,ADS,,2024-05-01,2024,Lake Erie,Eastern Basin L Erie,42.54222,-79.38167,ON,WHA,"13C10-1,5,5,6,6,10-hexachlorodecane",134.0,,1,2025-09-17,Chlorinated Alkane,"13C10-1,5,5,6,6,10-hexachlorodecane","13C10-1,5,5,6,6,10-hexachlorodecane",PCT,,,NLET,B_ChlorinatedAlkanes_ISO
747,67481,Lake Trout,Salvelinus,namaycush,74.5,6504.1,F,ADS,,2024-05-01,2024,Lake Erie,Eastern Basin L Erie,42.54222,-79.38167,ON,WHA,"Chlorinated Alkanes, SC (C10-C13), Total",50.0,BDL,1,2025-09-17,Chlorinated Alkane,Short Chain Chlorinated Alkanes (C10-13) Total,Total Short Chain Chlorinated Alkanes (C10-13),NG/G wet,5.0,,NLET,B_ChlorinatedAlkanes_ISO
748,67481,Lake Trout,Salvelinus,namaycush,74.5,6504.1,F,ADS,,2024-05-01,2024,Lake Erie,Eastern Basin L Erie,42.54222,-79.38167,ON,WHA,13C12-Beta-Hexabromocyclododecane,59.1,,1,2026-02-04,Chlorinated Alkane,Chlorinated alkane surrogate,13C12-Beta-Hexabromocyclododecane,PCT,,,NLET,B_ChlorinatedAlkanes_MC_Biota
749,67481,Lake Trout,Salvelinus,namaycush,74.5,6504.1,F,ADS,,2024-05-01,2024,Lake Erie,Eastern Basin L Erie,42.54222,-79.38167,ON,WHA,"Chlorinated Alkanes, LC (C18-C20), Total",4.28,ND,1,2026-02-04,Chlorinated Alkane,"Long Chain Chlorinated Alkanes (C18-C20), Total","Long Chain Chlorinated Alkanes (C18-C20), Total",NG/G wet,,,NLET,B_ChlorinatedAlkanes_MC_Biota
750,67481,Lake Trout,Salvelinus,namaycush,74.5,6504.1,F,ADS,,2024-05-01,2024,Lake Erie,Eastern Basin L Erie,42.54222,-79.38167,ON,WHA,"Chlorinated Alkanes, MC (C14-C17), Total",3.7,ND,1,2026-02-04,Chlorinated Alkane,Medium Chain Chlorinated Paraffins (C14-17) Total,Medium Chain Chlorinated Paraffins (C14-17) Total,NG/G wet,,,NLET,B_ChlorinatedAlkanes_MC_Biota
751,67484,Lake Trout,Salvelinus,namaycush,76.7,6523.3,F,ADS,,2024-05-01,2024,Lake Erie,Eastern Basin L Erie,42.54222,-79.38167,ON,WHA,"13C10-1,5,5,6,6,10-hexachlorodecane",137.0,,1,2025-09-17,Chlorinated Alkane,"13C10-1,5,5,6,6,10-hexachlorodecane","13C10-1,5,5,6,6,10-hexachlorodecane",PCT,,,NLET,B_ChlorinatedAlkanes_ISO
752,67484,Lake Trout,Salvelinus,namaycush,76.7,6523.3,F,ADS,,2024-05-01,2024,Lake Erie,Eastern Basin L Erie,42.54222,-79.38167,ON,WHA,"Chlorinated Alkanes, SC (C10-C13), Total",50.0,BDL,1,2025-09-17,Chlorinated Alkane,Short Chain Chlorinated Alkanes (C10-13) Total,Total Short Chain Chlorinated Alkanes (C10-13),NG/G wet,5.0,,NLET,B_ChlorinatedAlkanes_ISO
753,67484,Lake Trout,Salvelinus,namaycush,76.7,6523.3,F,ADS,,2024-05-01,2024,Lake Erie,Eastern Basin L Erie,42.54222,-79.38167,ON,WHA,13C12-Beta-Hexabromocyclododecane,64.7,,1,2026-02-04,Chlorinated Alkane,Chlorinated alkane surrogate,13C12-Beta-Hexabromocyclododecane,PCT,,,NLET,B_ChlorinatedAlkanes_MC_Biota
754,67484,Lake Trout,Salvelinus,namaycush,76.7,6523.3,F,ADS,,2024-05-01,2024,Lake Erie,Eastern Basin L Erie,42.54222,-79.38167,ON,WHA,"Chlorinated Alkanes, LC (C18-C20), Total",4.01,ND,1,2026-02-04,Chlorinated Alkane,"Long Chain Chlorinated Alkanes (C18-C20), Total","Long Chain Chlorinated Alkanes (C18-C20), Total",NG/G wet,,,NLET,B_ChlorinatedAlkanes_MC_Biota
755,67484,Lake Trout,Salvelinus,namaycush,76.7,6523.3,F,ADS,,2024-05-01,2024,Lake Erie,Eastern Basin L Erie,42.54222,-79.38167,ON,WHA,"Chlorinated Alkanes, MC (C14-C17), Total",3.46,ND,1,2026-02-04,Chlorinated Alkane,Medium Chain Chlorinated Paraffins (C14-17) Total,Medium Chain Chlorinated Paraffins (C14-17) Total,NG/G wet,,,NLET,B_ChlorinatedAlkanes_MC_Biota
756,67487,Lake Trout,Salvelinus,namaycush,82.0,7060.0,F,ADS,,2024-05-01,2024,Lake Erie,Eastern Basin L Erie,42.54222,-79.38167,ON,WHA,"13C10-1,5,5,6,6,10-hexachlorodecane",117.0,,1,2025-09-17,Chlorinated Alkane,"13C10-1,5,5,6,6,10-hexachlorodecane","13C10-1,5,5,6,6,10-hexachlorodecane",PCT,,,NLET,B_ChlorinatedAlkanes_ISO
757,67487,Lake Trout,Salvelinus,namaycush,82.0,7060.0,F,ADS,,2024-05-01,2024,Lake Erie,Eastern Basin L Erie,42.54222,-79.38167,ON,WHA,"Chlorinated Alkanes, SC (C10-C13), Total",50.0,BDL,1,2025-09-17,Chlorinated Alkane,Short Chain Chlorinated Alkanes (C10-13) Total,Total Short Chain Chlorinated Alkanes (C10-13),NG/G wet,5.0,,NLET,B_ChlorinatedAlkanes_ISO
758,67487,Lake Trout,Salvelinus,namaycush,82.0,7060.0,F,ADS,,2024-05-01,2024,Lake Erie,Eastern Basin L Erie,42.54222,-79.38167,ON,WHA,13C12-Beta-Hexabromocyclododecane,71.0,,1,2026-02-04,Chlorinated Alkane,Chlorinated alkane surrogate,13C12-Beta-Hexabromocyclododecane,PCT,,,NLET,B_ChlorinatedAlkanes_MC_Biota
759,67487,Lake Trout,Salvelinus,namaycush,82.0,7060.0,F,ADS,,2024-05-01,2024,Lake Erie,Eastern Basin L Erie,42.54222,-79.38167,ON,WHA,13C12-Beta-Hexabromocyclododecane,75.8,,2,2026-02-04,Chlorinated Alkane,Chlorinated alkane surrogate,13C12-Beta-Hexabromocyclododecane,PCT,,,NLET,B_ChlorinatedAlkanes_MC_Biota
760,67487,Lake Trout,Salvelinus,namaycush,82.0,7060.0,F,ADS,,2024-05-01,2024,Lake Erie,Eastern Basin L Erie,42.54222,-79.38167,ON,WHA,"Chlorinated Alkanes, LC (C18-C20), Total",4.24,ND,1,2026-02-04,Chlorinated Alkane,"Long Chain Chlorinated Alkanes (C18-C20), Total","Long Chain Chlorinated Alkanes (C18-C20), Total",NG/G wet,,,NLET,B_ChlorinatedAlkanes_MC_Biota
761,67487,Lake Trout,Salvelinus,namaycush,82.0,7060.0,F,ADS,,2024-05-01,2024,Lake Erie,Eastern Basin L Erie,42.54222,-79.38167,ON,WHA,"Chlorinated Alkanes, LC (C18-C20), Total",3.8,ND,2,2026-02-04,Chlorinated Alkane,"Long Chain Chlorinated Alkanes (C18-C20), Total","Long Chain Chlorinated Alkanes (C18-C20), Total",NG/G wet,,,NLET,B_ChlorinatedAlkanes_MC_Biota
762,67487,Lake Trout,Salvelinus,namaycush,82.0,7060.0,F,ADS,,2024-05-01,2024,Lake Erie,Eastern Basin L Erie,42.54222,-79.38167,ON,WHA,"Chlorinated Alkanes, MC (C14-C17), Total",5.95,,1,2026-02-04,Chlorinated Alkane,Medium Chain Chlorinated Paraffins (C14-17) Total,Medium Chain Chlorinated Paraffins (C14-17) Total,NG/G wet,,,NLET,B_ChlorinatedAlkanes_MC_Biota
763,67487,Lake Trout,Salvelinus,namaycush,82.0,7060.0,F,ADS,,2024-05-01,2024,Lake Erie,Eastern Basin L Erie,42.54222,-79.38167,ON,WHA,"Chlorinated Alkanes, MC (C14-C17), Total",5.53,,2,2026-02-04,Chlorinated Alkane,Medium Chain Chlorinated Paraffins (C14-17) Total,Medium Chain Chlorinated Paraffins (C14-17) Total,NG/G wet,,,NLET,B_ChlorinatedAlkanes_MC_Biota
764,67488,Lake Trout,Salvelinus,namaycush,78.5,5525.0,F,ADS,,2024-05-01,2024,Lake Erie,Eastern Basin L Erie,42.54222,-79.38167,ON,WHA,"13C10-1,5,5,6,6,10-hexachlorodecane",127.0,,1,2025-09-17,Chlorinated Alkane,"13C10-1,5,5,6,6,10-hexachlorodecane","13C10-1,5,5,6,6,10-hexachlorodecane",PCT,,,NLET,B_ChlorinatedAlkanes_ISO
765,67488,Lake Trout,Salvelinus,namaycush,78.5,5525.0,F,ADS,,2024-05-01,2024,Lake Erie,Eastern Basin L Erie,42.54222,-79.38167,ON,WHA,"Chlorinated Alkanes, SC (C10-C13), Total",50.0,BDL,1,2025-09-17,Chlorinated Alkane,Short Chain Chlorinated Alkanes (C10-13) Total,Total Short Chain Chlorinated Alkanes (C10-13),NG/G wet,5.0,,NLET,B_ChlorinatedAlkanes_ISO
766,66682,Chain Pickerel,Esox,niger,43.0,404.0,M,ADS,1.0,2022-10-03,2022,Kejimkujik Lake,Kejimkujik Lake Basin,44.37611,-65.24167,NS,WHA,"13C10-1,5,5,6,6,10-hexachlorodecane",99.3,,1,2024-02-20,Chlorinated Alkane,"13C10-1,5,5,6,6,10-hexachlorodecane","13C10-1,5,5,6,6,10-hexachlorodecane",PCT,,,NLET,B_ChlorinatedAlkanes_ISO
767,66682,Chain Pickerel,Esox,niger,43.0,404.0,M,ADS,1.0,2022-10-03,2022,Kejimkujik Lake,Kejimkujik Lake Basin,44.37611,-65.24167,NS,WHA,"Chlorinated Alkanes, SC (C10-C13), Total",50.0,L,1,2024-02-20,Chlorinated Alkane,Short Chain Chlorinated Alkanes (C10-13) Total,Total Short Chain Chlorinated Alkanes (C10-13),NG/G wet,5.0,,NLET,B_ChlorinatedAlkanes_ISO
768,66682,Chain Pickerel,Esox,niger,43.0,404.0,M,ADS,1.0,2022-10-03,2022,Kejimkujik Lake,Kejimkujik Lake Basin,44.37611,-65.24167,NS,WHA,13C12-Beta-Hexabromocyclododecane,30.0,COM,1,2026-01-26,Chlorinated Alkane,Chlorinated alkane surrogate,13C12-Beta-Hexabromocyclododecane,PCT,,,NLET,B_ChlorinatedAlkanes_MC_Biota
769,66682,Chain Pickerel,Esox,niger,43.0,404.0,M,ADS,1.0,2022-10-03,2022,Kejimkujik Lake,Kejimkujik Lake Basin,44.37611,-65.24167,NS,WHA,"Chlorinated Alkanes, LC (C18-C20), Total",4.2,ND,1,2026-01-26,Chlorinated Alkane,"Long Chain Chlorinated Alkanes (C18-C20), Total","Long Chain Chlorinated Alkanes (C18-C20), Total",NG/G wet,,,NLET,B_ChlorinatedAlkanes_MC_Biota
770,66682,Chain Pickerel,Esox,niger,43.0,404.0,M,ADS,1.0,2022-10-03,2022,Kejimkujik Lake,Kejimkujik Lake Basin,44.37611,-65.24167,NS,WHA,"Chlorinated Alkanes, MC (C14-C17), Total",3.62,ND,1,2026-01-26,Chlorinated Alkane,Medium Chain Chlorinated Paraffins (C14-17) Total,Medium Chain Chlorinated Paraffins (C14-17) Total,NG/G wet,,,NLET,B_ChlorinatedAlkanes_MC_Biota
771,66683,Chain Pickerel,Esox,niger,51.0,878.5,M,ADS,1.0,2022-10-03,2022,Kejimkujik Lake,Kejimkujik Lake Basin,44.37611,-65.24167,NS,WHA,"13C10-1,5,5,6,6,10-hexachlorodecane",106.0,,1,2024-02-20,Chlorinated Alkane,"13C10-1,5,5,6,6,10-hexachlorodecane","13C10-1,5,5,6,6,10-hexachlorodecane",PCT,,,NLET,B_ChlorinatedAlkanes_ISO
772,66683,Chain Pickerel,Esox,niger,51.0,878.5,M,ADS,1.0,2022-10-03,2022,Kejimkujik Lake,Kejimkujik Lake Basin,44.37611,-65.24167,NS,WHA,"Chlorinated Alkanes, SC (C10-C13), Total",50.0,L,1,2024-02-20,Chlorinated Alkane,Short Chain Chlorinated Alkanes (C10-13) Total,Total Short Chain Chlorinated Alkanes (C10-13),NG/G wet,5.0,,NLET,B_ChlorinatedAlkanes_ISO
773,66683,Chain Pickerel,Esox,niger,51.0,878.5,M,ADS,1.0,2022-10-03,2022,Kejimkujik Lake,Kejimkujik Lake Basin,44.37611,-65.24167,NS,WHA,13C12-Beta-Hexabromocyclododecane,42.8,COM,1,2026-01-26,Chlorinated Alkane,Chlorinated alkane surrogate,13C12-Beta-Hexabromocyclododecane,PCT,,,NLET,B_ChlorinatedAlkanes_MC_Biota
774,66683,Chain Pickerel,Esox,niger,51.0,878.5,M,ADS,1.0,2022-10-03,2022,Kejimkujik Lake,Kejimkujik Lake Basin,44.37611,-65.24167,NS,WHA,13C12-Beta-Hexabromocyclododecane,44.6,COM,2,2026-01-26,Chlorinated Alkane,Chlorinated alkane surrogate,13C12-Beta-Hexabromocyclododecane,PCT,,,NLET,B_ChlorinatedAlkanes_MC_Biota
775,66683,Chain Pickerel,Esox,niger,51.0,878.5,M,ADS,1.0,2022-10-03,2022,Kejimkujik Lake,Kejimkujik Lake Basin,44.37611,-65.24167,NS,WHA,"Chlorinated Alkanes, LC (C18-C20), Total",4.17,ND,1,2026-01-26,Chlorinated Alkane,"Long Chain Chlorinated Alkanes (C18-C20), Total","Long Chain Chlorinated Alkanes (C18-C20), Total",NG/G wet,,,NLET,B_ChlorinatedAlkanes_MC_Biota
776,66683,Chain Pickerel,Esox,niger,51.0,878.5,M,ADS,1.0,2022-10-03,2022,Kejimkujik Lake,Kejimkujik Lake Basin,44.37611,-65.24167,NS,WHA,"Chlorinated Alkanes, LC (C18-C20), Total",4.27,ND,2,2026-01-26,Chlorinated Alkane,"Long Chain Chlorinated Alkanes (C18-C20), Total","Long Chain Chlorinated Alkanes (C18-C20), Total",NG/G wet,,,NLET,B_ChlorinatedAlkanes_MC_Biota
777,66683,Chain Pickerel,Esox,niger,51.0,878.5,M,ADS,1.0,2022-10-03,2022,Kejimkujik Lake,Kejimkujik Lake Basin,44.37611,-65.24167,NS,WHA,"Chlorinated Alkanes, MC (C14-C17), Total",3.6,ND,1,2026-01-26,Chlorinated Alkane,Medium Chain Chlorinated Paraffins (C14-17) Total,Medium Chain Chlorinated Paraffins (C14-17) Total,NG/G wet,,,NLET,B_ChlorinatedAlkanes_MC_Biota
778,66683,Chain Pickerel,Esox,niger,51.0,878.5,M,ADS,1.0,2022-10-03,2022,Kejimkujik Lake,Kejimkujik Lake Basin,44.37611,-65.24167,NS,WHA,"Chlorinated Alkanes, MC (C14-C17), Total",3.69,ND,2,2026-01-26,Chlorinated Alkane,Medium Chain Chlorinated Paraffins (C14-17) Total,Medium Chain Chlorinated Paraffins (C14-17) Total,NG/G wet,,,NLET,B_ChlorinatedAlkanes_MC_Biota
779,66684,Chain Pickerel,Esox,niger,40.0,321.0,IMM,ADS,1.0,2022-10-03,2022,Kejimkujik Lake,Kejimkujik Lake Basin,44.37611,-65.24167,NS,WHA,"13C10-1,5,5,6,6,10-hexachlorodecane",105.0,,1,2024-02-20,Chlorinated Alkane,"13C10-1,5,5,6,6,10-hexachlorodecane","13C10-1,5,5,6,6,10-hexachlorodecane",PCT,,,NLET,B_ChlorinatedAlkanes_ISO
780,66684,Chain Pickerel,Esox,niger,40.0,321.0,IMM,ADS,1.0,2022-10-03,2022,Kejimkujik Lake,Kejimkujik Lake Basin,44.37611,-65.24167,NS,WHA,"Chlorinated Alkanes, SC (C10-C13), Total",50.0,L,1,2024-02-20,Chlorinated Alkane,Short Chain Chlorinated Alkanes (C10-13) Total,Total Short Chain Chlorinated Alkanes (C10-13),NG/G wet,5.0,,NLET,B_ChlorinatedAlkanes_ISO
781,66684,Chain Pickerel,Esox,niger,40.0,321.0,IMM,ADS,1.0,2022-10-03,2022,Kejimkujik Lake,Kejimkujik Lake Basin,44.37611,-65.24167,NS,WHA,13C12-Beta-Hexabromocyclododecane,22.5,COM,1,2026-01-29,Chlorinated Alkane,Chlorinated alkane surrogate,13C12-Beta-Hexabromocyclododecane,PCT,,,NLET,B_ChlorinatedAlkanes_MC_Biota
782,66684,Chain Pickerel,Esox,niger,40.0,321.0,IMM,ADS,1.0,2022-10-03,2022,Kejimkujik Lake,Kejimkujik Lake Basin,44.37611,-65.24167,NS,WHA,"Chlorinated Alkanes, LC (C18-C20), Total",4.08,ND,1,2026-01-29,Chlorinated Alkane,"Long Chain Chlorinated Alkanes (C18-C20), Total","Long Chain Chlorinated Alkanes (C18-C20), Total",NG/G wet,,,NLET,B_ChlorinatedAlkanes_MC_Biota
783,66684,Chain Pickerel,Esox,niger,40.0,321.0,IMM,ADS,1.0,2022-10-03,2022,Kejimkujik Lake,Kejimkujik Lake Basin,44.37611,-65.24167,NS,WHA,"Chlorinated Alkanes, MC (C14-C17), Total",3.52,ND,1,2026-01-29,Chlorinated Alkane,Medium Chain Chlorinated Paraffins (C14-17) Total,Medium Chain Chlorinated Paraffins (C14-17) Total,NG/G wet,,,NLET,B_ChlorinatedAlkanes_MC_Biota
784,66686,Chain Pickerel,Esox,niger,34.5,236.5,IMM,ADS,1.0,2022-10-03,2022,Kejimkujik Lake,Kejimkujik Lake Basin,44.37611,-65.24167,NS,WHA,"13C10-1,5,5,6,6,10-hexachlorodecane",106.0,,1,2024-02-20,Chlorinated Alkane,"13C10-1,5,5,6,6,10-hexachlorodecane","13C10-1,5,5,6,6,10-hexachlorodecane",PCT,,,NLET,B_ChlorinatedAlkanes_ISO
785,66686,Chain Pickerel,Esox,niger,34.5,236.5,IMM,ADS,1.0,2022-10-03,2022,Kejimkujik Lake,Kejimkujik Lake Basin,44.37611,-65.24167,NS,WHA,"Chlorinated Alkanes, SC (C10-C13), Total",50.0,L,1,2024-02-20,Chlorinated Alkane,Short Chain Chlorinated Alkanes (C10-13) Total,Total Short Chain Chlorinated Alkanes (C10-13),NG/G wet,5.0,,NLET,B_ChlorinatedAlkanes_ISO
786,66687,Chain Pickerel,Esox,niger,56.5,1000.1,M,ADS,1.0,2022-10-03,2022,Kejimkujik Lake,Kejimkujik Lake Basin,44.37611,-65.24167,NS,WHA,"13C10-1,5,5,6,6,10-hexachlorodecane",114.0,,1,2024-02-20,Chlorinated Alkane,"13C10-1,5,5,6,6,10-hexachlorodecane","13C10-1,5,5,6,6,10-hexachlorodecane",PCT,,,NLET,B_ChlorinatedAlkanes_ISO
787,66687,Chain Pickerel,Esox,niger,56.5,1000.1,M,ADS,1.0,2022-10-03,2022,Kejimkujik Lake,Kejimkujik Lake Basin,44.37611,-65.24167,NS,WHA,"Chlorinated Alkanes, SC (C10-C13), Total",50.0,L,1,2024-02-20,Chlorinated Alkane,Short Chain Chlorinated Alkanes (C10-13) Total,Total Short Chain Chlorinated Alkanes (C10-13),NG/G wet,5.0,,NLET,B_ChlorinatedAlkanes_ISO
788,66687,Chain Pickerel,Esox,niger,56.5,1000.1,M,ADS,1.0,2022-10-03,2022,Kejimkujik Lake,Kejimkujik Lake Basin,44.37611,-65.24167,NS,WHA,13C12-Beta-Hexabromocyclododecane,33.3,COM,1,2026-01-29,Chlorinated Alkane,Chlorinated alkane surrogate,13C12-Beta-Hexabromocyclododecane,PCT,,,NLET,B_ChlorinatedAlkanes_MC_Biota
789,66687,Chain Pickerel,Esox,niger,56.5,1000.1,M,ADS,1.0,2022-10-03,2022,Kejimkujik Lake,Kejimkujik Lake Basin,44.37611,-65.24167,NS,WHA,"Chlorinated Alkanes, LC (C18-C20), Total",4.22,ND,1,2026-01-29,Chlorinated Alkane,"Long Chain Chlorinated Alkanes (C18-C20), Total","Long Chain Chlorinated Alkanes (C18-C20), Total",NG/G wet,,,NLET,B_ChlorinatedAlkanes_MC_Biota
790,66687,Chain Pickerel,Esox,niger,56.5,1000.1,M,ADS,1.0,2022-10-03,2022,Kejimkujik Lake,Kejimkujik Lake Basin,44.37611,-65.24167,NS,WHA,"Chlorinated Alkanes, MC (C14-C17), Total",3.64,ND,1,2026-01-29,Chlorinated Alkane,Medium Chain Chlorinated Paraffins (C14-17) Total,Medium Chain Chlorinated Paraffins (C14-17) Total,NG/G wet,,,NLET,B_ChlorinatedAlkanes_MC_Biota
791,66689,Chain Pickerel,Esox,niger,33.0,217.0,M,ADS,1.0,2022-10-03,2022,Kejimkujik Lake,Kejimkujik Lake Basin,44.37611,-65.24167,NS,WHA,13C12-Beta-Hexabromocyclododecane,41.7,COM,1,2026-01-29,Chlorinated Alkane,Chlorinated alkane surrogate,13C12-Beta-Hexabromocyclododecane,PCT,,,NLET,B_ChlorinatedAlkanes_MC_Biota
792,66689,Chain Pickerel,Esox,niger,33.0,217.0,M,ADS,1.0,2022-10-03,2022,Kejimkujik Lake,Kejimkujik Lake Basin,44.37611,-65.24167,NS,WHA,"Chlorinated Alkanes, LC (C18-C20), Total",4.12,ND,1,2026-01-29,Chlorinated Alkane,"Long Chain Chlorinated Alkanes (C18-C20), Total","Long Chain Chlorinated Alkanes (C18-C20), Total",NG/G wet,,,NLET,B_ChlorinatedAlkanes_MC_Biota
793,66689,Chain Pickerel,Esox,niger,33.0,217.0,M,ADS,1.0,2022-10-03,2022,Kejimkujik Lake,Kejimkujik Lake Basin,44.37611,-65.24167,NS,WHA,"Chlorinated Alkanes, MC (C14-C17), Total",3.55,ND,1,2026-01-29,Chlorinated Alkane,Medium Chain Chlorinated Paraffins (C14-17) Total,Medium Chain Chlorinated Paraffins (C14-17) Total,NG/G wet,,,NLET,B_ChlorinatedAlkanes_MC_Biota
794,57786,Walleye,Sander,vitreus,40.5,782.9,M,ADS,1.0,2010-10-01,2010,St. Lawrence River,St. Lawrence River,46.741468,-71.294742,QC,WHA,Total_MCCP,2.06784,,1,,Chlorinated Alkane,Medium Chain Chlorinated Paraffins (C14-17) Total,Total Medium Chain Chlorinated Paraffins (C14-17),NG/G wet,0.345,,EC-Basconcillo,
795,57786,Walleye,Sander,vitreus,40.5,782.9,M,ADS,1.0,2010-10-01,2010,St. Lawrence River,St. Lawrence River,46.741468,-71.294742,QC,WHA,Total_SCCP,8.6337,,1,,Chlorinated Alkane,Short Chain Chlorinated Alkanes (C10-13) Total,Total Short Chain Chlorinated Alkanes (C10-13),NG/G wet,0.009,,EC-Basconcillo,
796,57787,Walleye,Sander,vitreus,39.2,650.2,M,ADS,1.0,2010-10-01,2010,St. Lawrence River,St. Lawrence River,46.741468,-71.294742,QC,WHA,Total_MCCP,3.68302,,1,,Chlorinated Alkane,Medium Chain Chlorinated Paraffins (C14-17) Total,Total Medium Chain Chlorinated Paraffins (C14-17),NG/G wet,0.345,,EC-Basconcillo,
797,57787,Walleye,Sander,vitreus,39.2,650.2,M,ADS,1.0,2010-10-01,2010,St. Lawrence River,St. Lawrence River,46.741468,-71.294742,QC,WHA,Total_SCCP,7.05868,,1,,Chlorinated Alkane,Short Chain Chlorinated Alkanes (C10-13) Total,Total Short Chain Chlorinated Alkanes (C10-13),NG/G wet,0.009,,EC-Basconcillo,
798,57788,Walleye,Sander,vitreus,46.0,1009.0,M,ADS,1.0,2010-10-01,2010,St. Lawrence River,St. Lawrence River,46.741468,-71.294742,QC,WHA,Total_MCCP,3.62195,,1,,Chlorinated Alkane,Medium Chain Chlorinated Paraffins (C14-17) Total,Total Medium Chain Chlorinated Paraffins (C14-17),NG/G wet,0.345,,EC-Basconcillo,
799,57788,Walleye,Sander,vitreus,46.0,1009.0,M,ADS,1.0,2010-10-01,2010,St. Lawrence River,St. Lawrence River,46.741468,-71.294742,QC,WHA,Total_SCCP,4.38513,,1,,Chlorinated Alkane,Short Chain Chlorinated Alkanes (C10-13) Total,Total Short Chain Chlorinated Alkanes (C10-13),NG/G wet,0.009,,EC-Basconcillo,
800,57789,Walleye,Sander,vitreus,37.0,579.4,M,ADS,1.0,2010-10-01,2010,St. Lawrence River,St. Lawrence River,46.741468,-71.294742,QC,WHA,Total_MCCP,9.68711,,1,,Chlorinated Alkane,Medium Chain Chlorinated Paraffins (C14-17) Total,Total Medium Chain Chlorinated Paraffins (C14-17),NG/G wet,0.345,,EC-Basconcillo,
801,57789,Walleye,Sander,vitreus,37.0,579.4,M,ADS,1.0,2010-10-01,2010,St. Lawrence River,St. Lawrence River,46.741468,-71.294742,QC,WHA,Total_SCCP,7.986,,1,,Chlorinated Alkane,Short Chain Chlorinated Alkanes (C10-13) Total,Total Short Chain Chlorinated Alkanes (C10-13),NG/G wet,0.009,,EC-Basconcillo,
802,57790,Walleye,Sander,vitreus,38.5,590.5,M,ADS,1.0,2010-10-01,2010,St. Lawrence River,St. Lawrence River,46.741468,-71.294742,QC,WHA,Total_MCCP,20.84537,,1,,Chlorinated Alkane,Medium Chain Chlorinated Paraffins (C14-17) Total,Total Medium Chain Chlorinated Paraffins (C14-17),NG/G wet,0.345,,EC-Basconcillo,
803,57790,Walleye,Sander,vitreus,38.5,590.5,M,ADS,1.0,2010-10-01,2010,St. Lawrence River,St. Lawrence River,46.741468,-71.294742,QC,WHA,Total_SCCP,6.50234,,1,,Chlorinated Alkane,Short Chain Chlorinated Alkanes (C10-13) Total,Total Short Chain Chlorinated Alkanes (C10-13),NG/G wet,0.009,,EC-Basconcillo,
804,57791,Walleye,Sander,vitreus,36.0,422.7,UNK,IMM,1.0,2010-10-01,2010,St. Lawrence River,St. Lawrence River,46.741468,-71.294742,QC,WHA,Total_MCCP,11.42237,,1,,Chlorinated Alkane,Medium Chain Chlorinated Paraffins (C14-17) Total,Total Medium Chain Chlorinated Paraffins (C14-17),NG/G wet,0.345,,EC-Basconcillo,
805,57791,Walleye,Sander,vitreus,36.0,422.7,UNK,IMM,1.0,2010-10-01,2010,St. Lawrence River,St. Lawrence River,46.741468,-71.294742,QC,WHA,Total_SCCP,10.26904,,1,,Chlorinated Alkane,Short Chain Chlorinated Alkanes (C10-13) Total,Total Short Chain Chlorinated Alkanes (C10-13),NG/G wet,0.009,,EC-Basconcillo,
806,57795,Walleye,Sander,vitreus,37.0,504.0,M,ADS,1.0,2010-10-01,2010,St. Lawrence River,St. Lawrence River,46.741468,-71.294742,QC,WHA,Total_MCCP,2.70192,,1,,Chlorinated Alkane,Medium Chain Chlorinated Paraffins (C14-17) Total,Total Medium Chain Chlorinated Paraffins (C14-17),NG/G wet,0.345,,EC-Basconcillo,
807,57795,Walleye,Sander,vitreus,37.0,504.0,M,ADS,1.0,2010-10-01,2010,St. Lawrence River,St. Lawrence River,46.741468,-71.294742,QC,WHA,Total_SCCP,2.70716,,1,,Chlorinated Alkane,Short Chain Chlorinated Alkanes (C10-13) Total,Total Short Chain Chlorinated Alkanes (C10-13),NG/G wet,0.009,,EC-Basconcillo,
808,57797,Walleye,Sander,vitreus,30.5,258.0,UNK,IMM,2.0,2010-10-01,2010,St. Lawrence River,St. Lawrence River,46.741468,-71.294742,QC,WHA,Total_MCCP,2.85411,,1,,Chlorinated Alkane,Medium Chain Chlorinated Paraffins (C14-17) Total,Total Medium Chain Chlorinated Paraffins (C14-17),NG/G wet,0.345,,EC-Basconcillo,
809,57797,Walleye,Sander,vitreus,30.5,258.0,UNK,IMM,2.0,2010-10-01,2010,St. Lawrence River,St. Lawrence River,46.741468,-71.294742,QC,WHA,Total_SCCP,6.7734,,1,,Chlorinated Alkane,Short Chain Chlorinated Alkanes (C10-13) Total,Total Short Chain Chlorinated Alkanes (C10-13),NG/G wet,0.009,,EC-Basconcillo,
810,57798,Walleye,Sander,vitreus,29.0,275.5,UNK,IMM,2.0,2010-10-01,2010,St. Lawrence River,St. Lawrence River,46.741468,-71.294742,QC,WHA,Total_MCCP,3.50551,,1,,Chlorinated Alkane,Medium Chain Chlorinated Paraffins (C14-17) Total,Total Medium Chain Chlorinated Paraffins (C14-17),NG/G wet,0.345,,EC-Basconcillo,
811,57798,Walleye,Sander,vitreus,29.0,275.5,UNK,IMM,2.0,2010-10-01,2010,St. Lawrence River,St. Lawrence River,46.741468,-71.294742,QC,WHA,Total_SCCP,3.71552,,1,,Chlorinated Alkane,Short Chain Chlorinated Alkanes (C10-13) Total,Total Short Chain Chlorinated Alkanes (C10-13),NG/G wet,0.009,,EC-Basconcillo,
812,59001,Walleye,Sander,vitreus,41.4,571.0,M,ADS,1.0,2011-10-26,2011,Columbia River,Columbia River,49.084222,-117.629671,BC,WHA,Total_MCCP,2.47967,,1,,Chlorinated Alkane,Medium Chain Chlorinated Paraffins (C14-17) Total,Total Medium Chain Chlorinated Paraffins (C14-17),NG/G wet,0.345,,EC-Basconcillo,
813,59001,Walleye,Sander,vitreus,41.4,571.0,M,ADS,1.0,2011-10-26,2011,Columbia River,Columbia River,49.084222,-117.629671,BC,WHA,Total_SCCP,1.4554,,1,,Chlorinated Alkane,Short Chain Chlorinated Alkanes (C10-13) Total,Total Short Chain Chlorinated Alkanes (C10-13),NG/G wet,0.009,,EC-Basconcillo,
814,59002,Walleye,Sander,vitreus,31.8,273.0,IMM,ADS,1.0,2011-10-26,2011,Columbia River,Columbia River,49.084222,-117.629671,BC,WHA,Total_MCCP,1.24872,,1,,Chlorinated Alkane,Medium Chain Chlorinated Paraffins (C14-17) Total,Total Medium Chain Chlorinated Paraffins (C14-17),NG/G wet,0.345,,EC-Basconcillo,
815,59002,Walleye,Sander,vitreus,31.8,273.0,IMM,ADS,1.0,2011-10-26,2011,Columbia River,Columbia River,49.084222,-117.629671,BC,WHA,Total_SCCP,0.44954,,1,,Chlorinated Alkane,Short Chain Chlorinated Alkanes (C10-13) Total,Total Short Chain Chlorinated Alkanes (C10-13),NG/G wet,0.009,,EC-Basconcillo,
816,59003,Walleye,Sander,vitreus,34.0,358.0,M,ADS,1.0,2011-10-26,2011,Columbia River,Columbia River,49.084222,-117.629671,BC,WHA,Total_SCCP,0.89733,,1,,Chlorinated Alkane,Short Chain Chlorinated Alkanes (C10-13) Total,Total Short Chain Chlorinated Alkanes (C10-13),NG/G wet,0.009,,EC-Basconcillo,
817,59004,Walleye,Sander,vitreus,34.0,387.0,M,ADS,1.0,2011-10-26,2011,Columbia River,Columbia River,49.084222,-117.629671,BC,WHA,Total_MCCP,0.62893,,1,,Chlorinated Alkane,Medium Chain Chlorinated Paraffins (C14-17) Total,Total Medium Chain Chlorinated Paraffins (C14-17),NG/G wet,0.345,,EC-Basconcillo,
818,59004,Walleye,Sander,vitreus,34.0,387.0,M,ADS,1.0,2011-10-26,2011,Columbia River,Columbia River,49.084222,-117.629671,BC,WHA,Total_SCCP,7.36577,,1,,Chlorinated Alkane,Short Chain Chlorinated Alkanes (C10-13) Total,Total Short Chain Chlorinated Alkanes (C10-13),NG/G wet,0.009,,EC-Basconcillo,
819,59005,Walleye,Sander,vitreus,37.7,531.0,IMM,ADS,1.0,2011-10-26,2011,Columbia River,Columbia River,49.084222,-117.629671,BC,WHA,Total_MCCP,2.27814,,1,,Chlorinated Alkane,Medium Chain Chlorinated Paraffins (C14-17) Total,Total Medium Chain Chlorinated Paraffins (C14-17),NG/G wet,0.345,,EC-Basconcillo,
820,59006,Walleye,Sander,vitreus,40.8,652.0,M,ADS,1.0,2011-10-26,2011,Columbia River,Columbia River,49.084222,-117.629671,BC,WHA,Total_MCCP,1.60352,,1,,Chlorinated Alkane,Medium Chain Chlorinated Paraffins (C14-17) Total,Total Medium Chain Chlorinated Paraffins (C14-17),NG/G wet,0.345,,EC-Basconcillo,
821,59006,Walleye,Sander,vitreus,40.8,652.0,M,ADS,1.0,2011-10-26,2011,Columbia River,Columbia River,49.084222,-117.629671,BC,WHA,Total_SCCP,4.84085,,1,,Chlorinated Alkane,Short Chain Chlorinated Alkanes (C10-13) Total,Total Short Chain Chlorinated Alkanes (C10-13),NG/G wet,0.009,,EC-Basconcillo,
822,59007,Walleye,Sander,vitreus,31.3,300.0,IMM,ADS,1.0,2011-10-26,2011,Columbia River,Columbia River,49.084222,-117.629671,BC,WHA,Total_MCCP,2.94965,,1,,Chlorinated Alkane,Medium Chain Chlorinated Paraffins (C14-17) Total,Total Medium Chain Chlorinated Paraffins (C14-17),NG/G wet,0.345,,EC-Basconcillo,
823,59007,Walleye,Sander,vitreus,31.3,300.0,IMM,ADS,1.0,2011-10-26,2011,Columbia River,Columbia River,49.084222,-117.629671,BC,WHA,Total_SCCP,12.96922,,1,,Chlorinated Alkane,Short Chain Chlorinated Alkanes (C10-13) Total,Total Short Chain Chlorinated Alkanes (C10-13),NG/G wet,0.009,,EC-Basconcillo,
824,59008,Walleye,Sander,vitreus,31.2,270.0,IMM,ADS,1.0,2011-10-26,2011,Columbia River,Columbia River,49.084222,-117.629671,BC,WHA,Total_MCCP,1.45128,,1,,Chlorinated Alkane,Medium Chain Chlorinated Paraffins (C14-17) Total,Total Medium Chain Chlorinated Paraffins (C14-17),NG/G wet,0.345,,EC-Basconcillo,
825,59008,Walleye,Sander,vitreus,31.2,270.0,IMM,ADS,1.0,2011-10-26,2011,Columbia River,Columbia River,49.084222,-117.629671,BC,WHA,Total_SCCP,10.04813,,1,,Chlorinated Alkane,Short Chain Chlorinated Alkanes (C10-13) Total,Total Short Chain Chlorinated Alkanes (C10-13),NG/G wet,0.009,,EC-Basconcillo,
826,59009,Walleye,Sander,vitreus,28.3,199.0,IMM,ADS,1.0,2011-10-26,2011,Columbia River,Columbia River,49.084222,-117.629671,BC,WHA,Total_MCCP,0.76921,,1,,Chlorinated Alkane,Medium Chain Chlorinated Paraffins (C14-17) Total,Total Medium Chain Chlorinated Paraffins (C14-17),NG/G wet,0.345,,EC-Basconcillo,
827,59009,Walleye,Sander,vitreus,28.3,199.0,IMM,ADS,1.0,2011-10-26,2011,Columbia River,Columbia River,49.084222,-117.629671,BC,WHA,Total_SCCP,3.77221,,1,,Chlorinated Alkane,Short Chain Chlorinated Alkanes (C10-13) Total,Total Short Chain Chlorinated Alkanes (C10-13),NG/G wet,0.009,,EC-Basconcillo,
828,59010,Walleye,Sander,vitreus,32.8,300.0,M,ADS,1.0,2011-10-26,2011,Columbia River,Columbia River,49.084222,-117.629671,BC,WHA,Total_MCCP,1.25487,,1,,Chlorinated Alkane,Medium Chain Chlorinated Paraffins (C14-17) Total,Total Medium Chain Chlorinated Paraffins (C14-17),NG/G wet,0.345,,EC-Basconcillo,
829,59010,Walleye,Sander,vitreus,32.8,300.0,M,ADS,1.0,2011-10-26,2011,Columbia River,Columbia River,49.084222,-117.629671,BC,WHA,Total_SCCP,3.88009,,1,,Chlorinated Alkane,Short Chain Chlorinated Alkanes (C10-13) Total,Total Short Chain Chlorinated Alkanes (C10-13),NG/G wet,0.009,,EC-Basconcillo,
830,60090,Walleye,Sander,vitreus,43.5,907.0,F,ADS,1.0,2013-07-01,2013,Lake Winnipeg,Lake Winnipeg North Basin,53.2758,-99.1116,MB,WHA,"13C10-1,5,5,6,6,10-hexachlorodecane",213.0,,1,2018-05-11,Chlorinated Alkane,"13C10-1,5,5,6,6,10-hexachlorodecane","13C10-1,5,5,6,6,10-hexachlorodecane",PCT,,,NLET,B_ChlorinatedAlkanes_ISO
831,60090,Walleye,Sander,vitreus,43.5,907.0,F,ADS,1.0,2013-07-01,2013,Lake Winnipeg,Lake Winnipeg North Basin,53.2758,-99.1116,MB,WHA,"Chlorinated Alkanes, SC (C10-C13), Total",5.93,,1,2018-05-11,Chlorinated Alkane,Short Chain Chlorinated Alkanes (C10-13) Total,Total Short Chain Chlorinated Alkanes (C10-13),NG/G wet,5.0,,NLET,B_ChlorinatedAlkanes_ISO
832,60091,Walleye,Sander,vitreus,53.0,1517.7,F,ADS,1.0,2013-07-01,2013,Lake Winnipeg,Lake Winnipeg North Basin,53.2758,-99.1116,MB,WHA,"13C10-1,5,5,6,6,10-hexachlorodecane",118.0,,1,2018-05-25,Chlorinated Alkane,"13C10-1,5,5,6,6,10-hexachlorodecane","13C10-1,5,5,6,6,10-hexachlorodecane",PCT,,,NLET,B_ChlorinatedAlkanes_ISO
833,60091,Walleye,Sander,vitreus,53.0,1517.7,F,ADS,1.0,2013-07-01,2013,Lake Winnipeg,Lake Winnipeg North Basin,53.2758,-99.1116,MB,WHA,"Chlorinated Alkanes, SC (C10-C13), Total",5.0,BDL,1,2018-05-25,Chlorinated Alkane,Short Chain Chlorinated Alkanes (C10-13) Total,Total Short Chain Chlorinated Alkanes (C10-13),NG/G wet,5.0,,NLET,B_ChlorinatedAlkanes_ISO
834,60093,Walleye,Sander,vitreus,53.0,1807.7,F,ADS,1.0,2013-07-01,2013,Lake Winnipeg,Lake Winnipeg North Basin,53.2758,-99.1116,MB,WHA,"13C10-1,5,5,6,6,10-hexachlorodecane",94.7,,1,2018-02-09,Chlorinated Alkane,"13C10-1,5,5,6,6,10-hexachlorodecane","13C10-1,5,5,6,6,10-hexachlorodecane",PCT,,,NLET,B_ChlorinatedAlkanes_ISO
835,60093,Walleye,Sander,vitreus,53.0,1807.7,F,ADS,1.0,2013-07-01,2013,Lake Winnipeg,Lake Winnipeg North Basin,53.2758,-99.1116,MB,WHA,"Chlorinated Alkanes, SC (C10-C13), Total",5.0,BDL,1,2018-02-09,Chlorinated Alkane,Short Chain Chlorinated Alkanes (C10-13) Total,Total Short Chain Chlorinated Alkanes (C10-13),NG/G wet,5.0,,NLET,B_ChlorinatedAlkanes_ISO
836,60094,Walleye,Sander,vitreus,43.0,822.0,F,ADS,1.0,2013-07-01,2013,Lake Winnipeg,Lake Winnipeg North Basin,53.2758,-99.1116,MB,WHA,"13C10-1,5,5,6,6,10-hexachlorodecane",84.8,,1,2018-02-09,Chlorinated Alkane,"13C10-1,5,5,6,6,10-hexachlorodecane","13C10-1,5,5,6,6,10-hexachlorodecane",PCT,,,NLET,B_ChlorinatedAlkanes_ISO
837,60094,Walleye,Sander,vitreus,43.0,822.0,F,ADS,1.0,2013-07-01,2013,Lake Winnipeg,Lake Winnipeg North Basin,53.2758,-99.1116,MB,WHA,"Chlorinated Alkanes, SC (C10-C13), Total",5.0,BDL,1,2018-02-09,Chlorinated Alkane,Short Chain Chlorinated Alkanes (C10-13) Total,Total Short Chain Chlorinated Alkanes (C10-13),NG/G wet,5.0,,NLET,B_ChlorinatedAlkanes_ISO
838,60095,Walleye,Sander,vitreus,49.0,1282.0,F,ADS,1.0,2013-07-01,2013,Lake Winnipeg,Lake Winnipeg North Basin,53.2758,-99.1116,MB,WHA,"13C10-1,5,5,6,6,10-hexachlorodecane",87.7,,1,2018-05-25,Chlorinated Alkane,"13C10-1,5,5,6,6,10-hexachlorodecane","13C10-1,5,5,6,6,10-hexachlorodecane",PCT,,,NLET,B_ChlorinatedAlkanes_ISO
839,60095,Walleye,Sander,vitreus,49.0,1282.0,F,ADS,1.0,2013-07-01,2013,Lake Winnipeg,Lake Winnipeg North Basin,53.2758,-99.1116,MB,WHA,"Chlorinated Alkanes, SC (C10-C13), Total",5.0,BDL,1,2018-05-25,Chlorinated Alkane,Short Chain Chlorinated Alkanes (C10-13) Total,Total Short Chain Chlorinated Alkanes (C10-13),NG/G wet,5.0,,NLET,B_ChlorinatedAlkanes_ISO
840,60096,Walleye,Sander,vitreus,42.0,844.2,F,ADS,1.0,2013-07-01,2013,Lake Winnipeg,Lake Winnipeg North Basin,53.2758,-99.1116,MB,WHA,"13C10-1,5,5,6,6,10-hexachlorodecane",118.0,,1,2018-05-25,Chlorinated Alkane,"13C10-1,5,5,6,6,10-hexachlorodecane","13C10-1,5,5,6,6,10-hexachlorodecane",PCT,,,NLET,B_ChlorinatedAlkanes_ISO
841,60096,Walleye,Sander,vitreus,42.0,844.2,F,ADS,1.0,2013-07-01,2013,Lake Winnipeg,Lake Winnipeg North Basin,53.2758,-99.1116,MB,WHA,"Chlorinated Alkanes, SC (C10-C13), Total",5.0,BDL,1,2018-05-25,Chlorinated Alkane,Short Chain Chlorinated Alkanes (C10-13) Total,Total Short Chain Chlorinated Alkanes (C10-13),NG/G wet,5.0,,NLET,B_ChlorinatedAlkanes_ISO
842,60097,Walleye,Sander,vitreus,49.5,1450.0,F,ADS,1.0,2013-07-01,2013,Lake Winnipeg,Lake Winnipeg North Basin,53.2758,-99.1116,MB,WHA,"13C10-1,5,5,6,6,10-hexachlorodecane",102.0,,1,2018-05-25,Chlorinated Alkane,"13C10-1,5,5,6,6,10-hexachlorodecane","13C10-1,5,5,6,6,10-hexachlorodecane",PCT,,,NLET,B_ChlorinatedAlkanes_ISO
843,60097,Walleye,Sander,vitreus,49.5,1450.0,F,ADS,1.0,2013-07-01,2013,Lake Winnipeg,Lake Winnipeg North Basin,53.2758,-99.1116,MB,WHA,"Chlorinated Alkanes, SC (C10-C13), Total",5.0,BDL,1,2018-05-25,Chlorinated Alkane,Short Chain Chlorinated Alkanes (C10-13) Total,Total Short Chain Chlorinated Alkanes (C10-13),NG/G wet,5.0,,NLET,B_ChlorinatedAlkanes_ISO
844,60290,Walleye,Sander,vitreus,53.5,1482.0,F,ADS,1.0,2013-10-03,2013,Lake Diefenbaker,Lake Diefenbaker,50.655468,-107.959385,SK,WHA,"13C10-1,5,5,6,6,10-hexachlorodecane      ",79.0,,1,2018-09-13,Chlorinated Alkane,"13C10-1,5,5,6,6,10-hexachlorodecane","13C10-1,5,5,6,6,10-hexachlorodecane",PCT,,,NLET,B_ChlorinatedAlkanes_ISO
845,60290,Walleye,Sander,vitreus,53.5,1482.0,F,ADS,1.0,2013-10-03,2013,Lake Diefenbaker,Lake Diefenbaker,50.655468,-107.959385,SK,WHA,"Chlorinated Alkanes, SC (C10-C13), Total ",5.0,BDL,1,2018-09-13,Chlorinated Alkane,Short Chain Chlorinated Alkanes (C10-13) Total,Total Short Chain Chlorinated Alkanes (C10-13),NG/G wet,5.0,,NLET,B_ChlorinatedAlkanes_ISO
846,60291,Walleye,Sander,vitreus,49.0,1268.0,M,ADS,1.0,2013-10-03,2013,Lake Diefenbaker,Lake Diefenbaker,50.655468,-107.959385,SK,WHA,"13C10-1,5,5,6,6,10-hexachlorodecane      ",75.8,,1,2018-09-13,Chlorinated Alkane,"13C10-1,5,5,6,6,10-hexachlorodecane","13C10-1,5,5,6,6,10-hexachlorodecane",PCT,,,NLET,B_ChlorinatedAlkanes_ISO
847,60291,Walleye,Sander,vitreus,49.0,1268.0,M,ADS,1.0,2013-10-03,2013,Lake Diefenbaker,Lake Diefenbaker,50.655468,-107.959385,SK,WHA,"Chlorinated Alkanes, SC (C10-C13), Total ",5.0,BDL,1,2018-09-13,Chlorinated Alkane,Short Chain Chlorinated Alkanes (C10-13) Total,Total Short Chain Chlorinated Alkanes (C10-13),NG/G wet,5.0,,NLET,B_ChlorinatedAlkanes_ISO
848,60292,Walleye,Sander,vitreus,47.0,1100.0,F,ADS,1.0,2013-10-03,2013,Lake Diefenbaker,Lake Diefenbaker,50.655468,-107.959385,SK,WHA,"13C10-1,5,5,6,6,10-hexachlorodecane      ",143.0,,1,2018-09-13,Chlorinated Alkane,"13C10-1,5,5,6,6,10-hexachlorodecane","13C10-1,5,5,6,6,10-hexachlorodecane",PCT,,,NLET,B_ChlorinatedAlkanes_ISO
849,60292,Walleye,Sander,vitreus,47.0,1100.0,F,ADS,1.0,2013-10-03,2013,Lake Diefenbaker,Lake Diefenbaker,50.655468,-107.959385,SK,WHA,"Chlorinated Alkanes, SC (C10-C13), Total ",32.3,,1,2018-09-13,Chlorinated Alkane,Short Chain Chlorinated Alkanes (C10-13) Total,Total Short Chain Chlorinated Alkanes (C10-13),NG/G wet,5.0,,NLET,B_ChlorinatedAlkanes_ISO
850,60293,Walleye,Sander,vitreus,39.8,651.0,M,ADS,1.0,2013-10-03,2013,Lake Diefenbaker,Lake Diefenbaker,50.655468,-107.959385,SK,WHA,"13C10-1,5,5,6,6,10-hexachlorodecane",94.0,,1,2018-03-13,Chlorinated Alkane,"13C10-1,5,5,6,6,10-hexachlorodecane","13C10-1,5,5,6,6,10-hexachlorodecane",PCT,,,NLET,B_ChlorinatedAlkanes_ISO
851,60293,Walleye,Sander,vitreus,39.8,651.0,M,ADS,1.0,2013-10-03,2013,Lake Diefenbaker,Lake Diefenbaker,50.655468,-107.959385,SK,WHA,"Chlorinated Alkanes, SC (C10-C13), Total",5.0,BDL,1,2018-03-13,Chlorinated Alkane,Short Chain Chlorinated Alkanes (C10-13) Total,Total Short Chain Chlorinated Alkanes (C10-13),NG/G wet,5.0,,NLET,B_ChlorinatedAlkanes_ISO
852,60294,Walleye,Sander,vitreus,66.5,3742.0,F,ADS,1.0,2013-10-03,2013,Lake Diefenbaker,Lake Diefenbaker,50.655468,-107.959385,SK,WHA,"13C10-1,5,5,6,6,10-hexachlorodecane",103.0,,1,2018-03-13,Chlorinated Alkane,"13C10-1,5,5,6,6,10-hexachlorodecane","13C10-1,5,5,6,6,10-hexachlorodecane",PCT,,,NLET,B_ChlorinatedAlkanes_ISO
853,60294,Walleye,Sander,vitreus,66.5,3742.0,F,ADS,1.0,2013-10-03,2013,Lake Diefenbaker,Lake Diefenbaker,50.655468,-107.959385,SK,WHA,"Chlorinated Alkanes, SC (C10-C13), Total",5.0,BDL,1,2018-03-13,Chlorinated Alkane,Short Chain Chlorinated Alkanes (C10-13) Total,Total Short Chain Chlorinated Alkanes (C10-13),NG/G wet,5.0,,NLET,B_ChlorinatedAlkanes_ISO
854,60295,Walleye,Sander,vitreus,67.0,3829.5,F,ADS,1.0,2013-10-03,2013,Lake Diefenbaker,Lake Diefenbaker,50.655468,-107.959385,SK,WHA,"13C10-1,5,5,6,6,10-hexachlorodecane      ",138.0,,1,2018-09-13,Chlorinated Alkane,"13C10-1,5,5,6,6,10-hexachlorodecane","13C10-1,5,5,6,6,10-hexachlorodecane",PCT,,,NLET,B_ChlorinatedAlkanes_ISO
855,60295,Walleye,Sander,vitreus,67.0,3829.5,F,ADS,1.0,2013-10-03,2013,Lake Diefenbaker,Lake Diefenbaker,50.655468,-107.959385,SK,WHA,"Chlorinated Alkanes, SC (C10-C13), Total ",5.0,BDL,1,2018-09-13,Chlorinated Alkane,Short Chain Chlorinated Alkanes (C10-13) Total,Total Short Chain Chlorinated Alkanes (C10-13),NG/G wet,5.0,,NLET,B_ChlorinatedAlkanes_ISO
856,60296,Walleye,Sander,vitreus,54.5,1741.5,F,ADS,1.0,2013-10-03,2013,Lake Diefenbaker,Lake Diefenbaker,50.655468,-107.959385,SK,WHA,"13C10-1,5,5,6,6,10-hexachlorodecane      ",105.0,,1,2018-09-13,Chlorinated Alkane,"13C10-1,5,5,6,6,10-hexachlorodecane","13C10-1,5,5,6,6,10-hexachlorodecane",PCT,,,NLET,B_ChlorinatedAlkanes_ISO
857,60296,Walleye,Sander,vitreus,54.5,1741.5,F,ADS,1.0,2013-10-03,2013,Lake Diefenbaker,Lake Diefenbaker,50.655468,-107.959385,SK,WHA,"Chlorinated Alkanes, SC (C10-C13), Total ",5.0,BDL,1,2018-09-13,Chlorinated Alkane,Short Chain Chlorinated Alkanes (C10-13) Total,Total Short Chain Chlorinated Alkanes (C10-13),NG/G wet,5.0,,NLET,B_ChlorinatedAlkanes_ISO
858,60297,Walleye,Sander,vitreus,47.0,1078.0,M,ADS,1.0,2013-10-03,2013,Lake Diefenbaker,Lake Diefenbaker,50.655468,-107.959385,SK,WHA,"13C10-1,5,5,6,6,10-hexachlorodecane      ",143.0,,1,2018-09-13,Chlorinated Alkane,"13C10-1,5,5,6,6,10-hexachlorodecane","13C10-1,5,5,6,6,10-hexachlorodecane",PCT,,,NLET,B_ChlorinatedAlkanes_ISO
859,60297,Walleye,Sander,vitreus,47.0,1078.0,M,ADS,1.0,2013-10-03,2013,Lake Diefenbaker,Lake Diefenbaker,50.655468,-107.959385,SK,WHA,"Chlorinated Alkanes, SC (C10-C13), Total ",5.0,BDL,1,2018-09-13,Chlorinated Alkane,Short Chain Chlorinated Alkanes (C10-13) Total,Total Short Chain Chlorinated Alkanes (C10-13),NG/G wet,5.0,,NLET,B_ChlorinatedAlkanes_ISO
860,60298,Walleye,Sander,vitreus,43.0,697.0,M,ADS,1.0,2013-10-03,2013,Lake Diefenbaker,Lake Diefenbaker,50.655468,-107.959385,SK,WHA,"13C10-1,5,5,6,6,10-hexachlorodecane      ",102.0,,1,2018-09-13,Chlorinated Alkane,"13C10-1,5,5,6,6,10-hexachlorodecane","13C10-1,5,5,6,6,10-hexachlorodecane",PCT,,,NLET,B_ChlorinatedAlkanes_ISO
861,60298,Walleye,Sander,vitreus,43.0,697.0,M,ADS,1.0,2013-10-03,2013,Lake Diefenbaker,Lake Diefenbaker,50.655468,-107.959385,SK,WHA,"Chlorinated Alkanes, SC (C10-C13), Total ",5.0,BDL,1,2018-09-13,Chlorinated Alkane,Short Chain Chlorinated Alkanes (C10-13) Total,Total Short Chain Chlorinated Alkanes (C10-13),NG/G wet,5.0,,NLET,B_ChlorinatedAlkanes_ISO
862,60300,Walleye,Sander,vitreus,38.0,502.9,M,ADS,1.0,2013-10-03,2013,Lake Diefenbaker,Lake Diefenbaker,50.655468,-107.959385,SK,WHA,"13C10-1,5,5,6,6,10-hexachlorodecane      ",85.6,,1,2023-10-26,Chlorinated Alkane,"13C10-1,5,5,6,6,10-hexachlorodecane","13C10-1,5,5,6,6,10-hexachlorodecane",PCT,,,NLET,B_ChlorinatedAlkanes_ISO
863,60300,Walleye,Sander,vitreus,38.0,502.9,M,ADS,1.0,2013-10-03,2013,Lake Diefenbaker,Lake Diefenbaker,50.655468,-107.959385,SK,WHA,"Chlorinated Alkanes, SC (C10-C13), Total ",50.0,L,1,2023-10-26,Chlorinated Alkane,Short Chain Chlorinated Alkanes (C10-13) Total,Total Short Chain Chlorinated Alkanes (C10-13),NG/G wet,5.0,,NLET,B_ChlorinatedAlkanes_ISO
864,60451,Walleye,Sander,vitreus,57.0,1767.0,F,ADS,1.0,2013-10-15,2013,Lake Winnipeg,Lake Winnipeg South Basin,50.834617,-96.858125,MB,WHA,"13C10-1,5,5,6,6,10-hexachlorodecane      ",139.0,,1,2018-09-17,Chlorinated Alkane,"13C10-1,5,5,6,6,10-hexachlorodecane","13C10-1,5,5,6,6,10-hexachlorodecane",PCT,,,NLET,B_ChlorinatedAlkanes_ISO
865,60451,Walleye,Sander,vitreus,57.0,1767.0,F,ADS,1.0,2013-10-15,2013,Lake Winnipeg,Lake Winnipeg South Basin,50.834617,-96.858125,MB,WHA,"Chlorinated Alkanes, SC (C10-C13), Total ",5.0,BDL,1,2018-09-17,Chlorinated Alkane,Short Chain Chlorinated Alkanes (C10-13) Total,Total Short Chain Chlorinated Alkanes (C10-13),NG/G wet,5.0,,NLET,B_ChlorinatedAlkanes_ISO
866,60452,Walleye,Sander,vitreus,47.0,1109.3,F,ADS,1.0,2013-10-15,2013,Lake Winnipeg,Lake Winnipeg South Basin,50.834617,-96.858125,MB,WHA,"13C10-1,5,5,6,6,10-hexachlorodecane      ",89.4,,1,2018-09-17,Chlorinated Alkane,"13C10-1,5,5,6,6,10-hexachlorodecane","13C10-1,5,5,6,6,10-hexachlorodecane",PCT,,,NLET,B_ChlorinatedAlkanes_ISO
867,60452,Walleye,Sander,vitreus,47.0,1109.3,F,ADS,1.0,2013-10-15,2013,Lake Winnipeg,Lake Winnipeg South Basin,50.834617,-96.858125,MB,WHA,"Chlorinated Alkanes, SC (C10-C13), Total ",5.0,BDL,1,2018-09-17,Chlorinated Alkane,Short Chain Chlorinated Alkanes (C10-13) Total,Total Short Chain Chlorinated Alkanes (C10-13),NG/G wet,5.0,,NLET,B_ChlorinatedAlkanes_ISO
868,60453,Walleye,Sander,vitreus,47.0,1050.0,F,ADS,1.0,2013-10-15,2013,Lake Winnipeg,Lake Winnipeg South Basin,50.834617,-96.858125,MB,WHA,"13C10-1,5,5,6,6,10-hexachlorodecane      ",75.4,,1,2018-09-17,Chlorinated Alkane,"13C10-1,5,5,6,6,10-hexachlorodecane","13C10-1,5,5,6,6,10-hexachlorodecane",PCT,,,NLET,B_ChlorinatedAlkanes_ISO
869,60453,Walleye,Sander,vitreus,47.0,1050.0,F,ADS,1.0,2013-10-15,2013,Lake Winnipeg,Lake Winnipeg South Basin,50.834617,-96.858125,MB,WHA,"Chlorinated Alkanes, SC (C10-C13), Total ",5.0,BDL,1,2018-09-17,Chlorinated Alkane,Short Chain Chlorinated Alkanes (C10-13) Total,Total Short Chain Chlorinated Alkanes (C10-13),NG/G wet,5.0,,NLET,B_ChlorinatedAlkanes_ISO
870,60454,Walleye,Sander,vitreus,48.0,1424.1,F,ADS,1.0,2013-10-15,2013,Lake Winnipeg,Lake Winnipeg South Basin,50.834617,-96.858125,MB,WHA,"13C10-1,5,5,6,6,10-hexachlorodecane      ",111.0,,1,2018-10-01,Chlorinated Alkane,"13C10-1,5,5,6,6,10-hexachlorodecane","13C10-1,5,5,6,6,10-hexachlorodecane",PCT,,,NLET,B_ChlorinatedAlkanes_ISO
871,60454,Walleye,Sander,vitreus,48.0,1424.1,F,ADS,1.0,2013-10-15,2013,Lake Winnipeg,Lake Winnipeg South Basin,50.834617,-96.858125,MB,WHA,"Chlorinated Alkanes, SC (C10-C13), Total ",8.33,,1,2018-10-01,Chlorinated Alkane,Short Chain Chlorinated Alkanes (C10-13) Total,Total Short Chain Chlorinated Alkanes (C10-13),NG/G wet,5.0,,NLET,B_ChlorinatedAlkanes_ISO
872,60455,Walleye,Sander,vitreus,51.0,1440.1,F,ADS,1.0,2013-10-15,2013,Lake Winnipeg,Lake Winnipeg South Basin,50.834617,-96.858125,MB,WHA,"13C10-1,5,5,6,6,10-hexachlorodecane",80.0,,1,2018-03-13,Chlorinated Alkane,"13C10-1,5,5,6,6,10-hexachlorodecane","13C10-1,5,5,6,6,10-hexachlorodecane",PCT,,,NLET,B_ChlorinatedAlkanes_ISO
873,60455,Walleye,Sander,vitreus,51.0,1440.1,F,ADS,1.0,2013-10-15,2013,Lake Winnipeg,Lake Winnipeg South Basin,50.834617,-96.858125,MB,WHA,"Chlorinated Alkanes, SC (C10-C13), Total",5.0,BDL,1,2018-03-13,Chlorinated Alkane,Short Chain Chlorinated Alkanes (C10-13) Total,Total Short Chain Chlorinated Alkanes (C10-13),NG/G wet,5.0,,NLET,B_ChlorinatedAlkanes_ISO
874,60456,Walleye,Sander,vitreus,41.0,698.0,M,ADS,1.0,2013-10-15,2013,Lake Winnipeg,Lake Winnipeg South Basin,50.834617,-96.858125,MB,WHA,"13C10-1,5,5,6,6,10-hexachlorodecane",100.0,,1,2018-03-13,Chlorinated Alkane,"13C10-1,5,5,6,6,10-hexachlorodecane","13C10-1,5,5,6,6,10-hexachlorodecane",PCT,,,NLET,B_ChlorinatedAlkanes_ISO
875,60456,Walleye,Sander,vitreus,41.0,698.0,M,ADS,1.0,2013-10-15,2013,Lake Winnipeg,Lake Winnipeg South Basin,50.834617,-96.858125,MB,WHA,"Chlorinated Alkanes, SC (C10-C13), Total",5.0,BDL,1,2018-03-13,Chlorinated Alkane,Short Chain Chlorinated Alkanes (C10-13) Total,Total Short Chain Chlorinated Alkanes (C10-13),NG/G wet,5.0,,NLET,B_ChlorinatedAlkanes_ISO
876,60457,Walleye,Sander,vitreus,45.0,863.0,M,ADS,1.0,2013-10-15,2013,Lake Winnipeg,Lake Winnipeg South Basin,50.834617,-96.858125,MB,WHA,"13C10-1,5,5,6,6,10-hexachlorodecane      ",102.0,,1,2018-10-01,Chlorinated Alkane,"13C10-1,5,5,6,6,10-hexachlorodecane","13C10-1,5,5,6,6,10-hexachlorodecane",PCT,,,NLET,B_ChlorinatedAlkanes_ISO
877,60457,Walleye,Sander,vitreus,45.0,863.0,M,ADS,1.0,2013-10-15,2013,Lake Winnipeg,Lake Winnipeg South Basin,50.834617,-96.858125,MB,WHA,"Chlorinated Alkanes, SC (C10-C13), Total ",5.0,BDL,1,2018-10-01,Chlorinated Alkane,Short Chain Chlorinated Alkanes (C10-13) Total,Total Short Chain Chlorinated Alkanes (C10-13),NG/G wet,5.0,,NLET,B_ChlorinatedAlkanes_ISO
878,60458,Walleye,Sander,vitreus,49.0,1385.0,F,ADS,1.0,2013-10-15,2013,Lake Winnipeg,Lake Winnipeg South Basin,50.834617,-96.858125,MB,WHA,"13C10-1,5,5,6,6,10-hexachlorodecane      ",127.0,,1,2018-10-01,Chlorinated Alkane,"13C10-1,5,5,6,6,10-hexachlorodecane","13C10-1,5,5,6,6,10-hexachlorodecane",PCT,,,NLET,B_ChlorinatedAlkanes_ISO
879,60458,Walleye,Sander,vitreus,49.0,1385.0,F,ADS,1.0,2013-10-15,2013,Lake Winnipeg,Lake Winnipeg South Basin,50.834617,-96.858125,MB,WHA,"Chlorinated Alkanes, SC (C10-C13), Total ",5.0,BDL,1,2018-10-01,Chlorinated Alkane,Short Chain Chlorinated Alkanes (C10-13) Total,Total Short Chain Chlorinated Alkanes (C10-13),NG/G wet,5.0,,NLET,B_ChlorinatedAlkanes_ISO
880,60459,Walleye,Sander,vitreus,49.0,1565.0,F,ADS,1.0,2013-10-15,2013,Lake Winnipeg,Lake Winnipeg South Basin,50.834617,-96.858125,MB,WHA,"13C10-1,5,5,6,6,10-hexachlorodecane      ",93.8,,1,2018-10-01,Chlorinated Alkane,"13C10-1,5,5,6,6,10-hexachlorodecane","13C10-1,5,5,6,6,10-hexachlorodecane",PCT,,,NLET,B_ChlorinatedAlkanes_ISO
881,60459,Walleye,Sander,vitreus,49.0,1565.0,F,ADS,1.0,2013-10-15,2013,Lake Winnipeg,Lake Winnipeg South Basin,50.834617,-96.858125,MB,WHA,"Chlorinated Alkanes, SC (C10-C13), Total ",5.0,BDL,1,2018-10-01,Chlorinated Alkane,Short Chain Chlorinated Alkanes (C10-13) Total,Total Short Chain Chlorinated Alkanes (C10-13),NG/G wet,5.0,,NLET,B_ChlorinatedAlkanes_ISO
882,60460,Walleye,Sander,vitreus,35.5,447.0,M,ADS,1.0,2013-10-15,2013,Lake Winnipeg,Lake Winnipeg South Basin,50.834617,-96.858125,MB,WHA,"13C10-1,5,5,6,6,10-hexachlorodecane      ",90.6,,1,2018-10-01,Chlorinated Alkane,"13C10-1,5,5,6,6,10-hexachlorodecane","13C10-1,5,5,6,6,10-hexachlorodecane",PCT,,,NLET,B_ChlorinatedAlkanes_ISO
883,60460,Walleye,Sander,vitreus,35.5,447.0,M,ADS,1.0,2013-10-15,2013,Lake Winnipeg,Lake Winnipeg South Basin,50.834617,-96.858125,MB,WHA,"Chlorinated Alkanes, SC (C10-C13), Total ",31.2,,1,2018-10-01,Chlorinated Alkane,Short Chain Chlorinated Alkanes (C10-13) Total,Total Short Chain Chlorinated Alkanes (C10-13),NG/G wet,5.0,,NLET,B_ChlorinatedAlkanes_ISO
884,60516,Walleye,Sander,vitreus,42.0,707.6,F,ADS,1.0,2013-09-20,2013,St. Lawrence River,St. Lawrence River,46.741468,-71.294742,QC,WHA,"13C10-1,5,5,6,6,10-hexachlorodecane",79.2,,1,2018-02-06,Chlorinated Alkane,"13C10-1,5,5,6,6,10-hexachlorodecane","13C10-1,5,5,6,6,10-hexachlorodecane",PCT,,,NLET,B_ChlorinatedAlkanes_ISO
885,60516,Walleye,Sander,vitreus,42.0,707.6,F,ADS,1.0,2013-09-20,2013,St. Lawrence River,St. Lawrence River,46.741468,-71.294742,QC,WHA,"Chlorinated Alkanes, SC (C10-C13), Total",11.6,,1,2018-02-06,Chlorinated Alkane,Short Chain Chlorinated Alkanes (C10-13) Total,Total Short Chain Chlorinated Alkanes (C10-13),NG/G wet,5.0,,NLET,B_ChlorinatedAlkanes_ISO
886,60517,Walleye,Sander,vitreus,42.0,763.3,F,ADS,1.0,2013-09-20,2013,St. Lawrence River,St. Lawrence River,46.741468,-71.294742,QC,WHA,"13C10-1,5,5,6,6,10-hexachlorodecane",74.5,,1,2018-02-06,Chlorinated Alkane,"13C10-1,5,5,6,6,10-hexachlorodecane","13C10-1,5,5,6,6,10-hexachlorodecane",PCT,,,NLET,B_ChlorinatedAlkanes_ISO
887,60517,Walleye,Sander,vitreus,42.0,763.3,F,ADS,1.0,2013-09-20,2013,St. Lawrence River,St. Lawrence River,46.741468,-71.294742,QC,WHA,"Chlorinated Alkanes, SC (C10-C13), Total",5.0,BDL,1,2018-02-06,Chlorinated Alkane,Short Chain Chlorinated Alkanes (C10-13) Total,Total Short Chain Chlorinated Alkanes (C10-13),NG/G wet,5.0,,NLET,B_ChlorinatedAlkanes_ISO
888,60520,Walleye,Sander,vitreus,33.0,399.9,UNK,IMM,1.0,2013-09-20,2013,St. Lawrence River,St. Lawrence River,46.741468,-71.294742,QC,WHA,"13C10-1,5,5,6,6,10-hexachlorodecane      ",107.0,,1,2018-10-01,Chlorinated Alkane,"13C10-1,5,5,6,6,10-hexachlorodecane","13C10-1,5,5,6,6,10-hexachlorodecane",PCT,,,NLET,B_ChlorinatedAlkanes_ISO
889,60520,Walleye,Sander,vitreus,33.0,399.9,UNK,IMM,1.0,2013-09-20,2013,St. Lawrence River,St. Lawrence River,46.741468,-71.294742,QC,WHA,"Chlorinated Alkanes, SC (C10-C13), Total ",5.0,BDL,1,2018-10-01,Chlorinated Alkane,Short Chain Chlorinated Alkanes (C10-13) Total,Total Short Chain Chlorinated Alkanes (C10-13),NG/G wet,5.0,,NLET,B_ChlorinatedAlkanes_ISO
890,60522,Walleye,Sander,vitreus,39.0,577.0,F,ADS,1.0,2013-09-20,2013,St. Lawrence River,St. Lawrence River,46.741468,-71.294742,QC,WHA,"13C10-1,5,5,6,6,10-hexachlorodecane      ",88.6,,1,2018-10-01,Chlorinated Alkane,"13C10-1,5,5,6,6,10-hexachlorodecane","13C10-1,5,5,6,6,10-hexachlorodecane",PCT,,,NLET,B_ChlorinatedAlkanes_ISO
891,60522,Walleye,Sander,vitreus,39.0,577.0,F,ADS,1.0,2013-09-20,2013,St. Lawrence River,St. Lawrence River,46.741468,-71.294742,QC,WHA,"Chlorinated Alkanes, SC (C10-C13), Total ",5.0,BDL,1,2018-10-01,Chlorinated Alkane,Short Chain Chlorinated Alkanes (C10-13) Total,Total Short Chain Chlorinated Alkanes (C10-13),NG/G wet,5.0,,NLET,B_ChlorinatedAlkanes_ISO
892,60523,Walleye,Sander,vitreus,41.5,677.0,F,ADS,1.0,2013-09-20,2013,St. Lawrence River,St. Lawrence River,46.741468,-71.294742,QC,WHA,"13C10-1,5,5,6,6,10-hexachlorodecane      ",113.0,,1,2018-10-01,Chlorinated Alkane,"13C10-1,5,5,6,6,10-hexachlorodecane","13C10-1,5,5,6,6,10-hexachlorodecane",PCT,,,NLET,B_ChlorinatedAlkanes_ISO
893,60523,Walleye,Sander,vitreus,41.5,677.0,F,ADS,1.0,2013-09-20,2013,St. Lawrence River,St. Lawrence River,46.741468,-71.294742,QC,WHA,"Chlorinated Alkanes, SC (C10-C13), Total ",5.0,BDL,1,2018-10-01,Chlorinated Alkane,Short Chain Chlorinated Alkanes (C10-13) Total,Total Short Chain Chlorinated Alkanes (C10-13),NG/G wet,5.0,,NLET,B_ChlorinatedAlkanes_ISO
894,60524,Walleye,Sander,vitreus,38.5,530.5,M,ADS,1.0,2013-09-20,2013,St. Lawrence River,St. Lawrence River,46.741468,-71.294742,QC,WHA,"13C10-1,5,5,6,6,10-hexachlorodecane      ",169.0,,1,2018-10-01,Chlorinated Alkane,"13C10-1,5,5,6,6,10-hexachlorodecane","13C10-1,5,5,6,6,10-hexachlorodecane",PCT,,,NLET,B_ChlorinatedAlkanes_ISO
895,60524,Walleye,Sander,vitreus,38.5,530.5,M,ADS,1.0,2013-09-20,2013,St. Lawrence River,St. Lawrence River,46.741468,-71.294742,QC,WHA,"Chlorinated Alkanes, SC (C10-C13), Total ",5.0,BDL,1,2018-10-01,Chlorinated Alkane,Short Chain Chlorinated Alkanes (C10-13) Total,Total Short Chain Chlorinated Alkanes (C10-13),NG/G wet,5.0,,NLET,B_ChlorinatedAlkanes_ISO
896,60662,Walleye,Sander,vitreus,65.0,2280.0,F,ADS,1.0,2013-11-15,2013,Lake Erie,Western Basin L Erie,41.8611,-82.83361,ON,WHA,"13C10-1,5,5,6,6,10-hexachlorodecane",108.0,,1,2018-02-08,Chlorinated Alkane,"13C10-1,5,5,6,6,10-hexachlorodecane","13C10-1,5,5,6,6,10-hexachlorodecane",PCT,,,NLET,B_ChlorinatedAlkanes_ISO
897,60662,Walleye,Sander,vitreus,65.0,2280.0,F,ADS,1.0,2013-11-15,2013,Lake Erie,Western Basin L Erie,41.8611,-82.83361,ON,WHA,"Chlorinated Alkanes, SC (C10-C13), Total",5.0,BDL,1,2018-02-08,Chlorinated Alkane,Short Chain Chlorinated Alkanes (C10-13) Total,Total Short Chain Chlorinated Alkanes (C10-13),NG/G wet,5.0,,NLET,B_ChlorinatedAlkanes_ISO
898,60666,Walleye,Sander,vitreus,52.0,1291.7,F,ADS,1.0,2013-11-15,2013,Lake Erie,Western Basin L Erie,41.8611,-82.83361,ON,WHA,"13C10-1,5,5,6,6,10-hexachlorodecane",134.0,,1,2018-02-08,Chlorinated Alkane,"13C10-1,5,5,6,6,10-hexachlorodecane","13C10-1,5,5,6,6,10-hexachlorodecane",PCT,,,NLET,B_ChlorinatedAlkanes_ISO
899,60666,Walleye,Sander,vitreus,52.0,1291.7,F,ADS,1.0,2013-11-15,2013,Lake Erie,Western Basin L Erie,41.8611,-82.83361,ON,WHA,"Chlorinated Alkanes, SC (C10-C13), Total",5.0,BDL,1,2018-02-08,Chlorinated Alkane,Short Chain Chlorinated Alkanes (C10-13) Total,Total Short Chain Chlorinated Alkanes (C10-13),NG/G wet,5.0,,NLET,B_ChlorinatedAlkanes_ISO
900,60667,Walleye,Sander,vitreus,66.0,2976.0,F,ADS,1.0,2013-11-15,2013,Lake Erie,Western Basin L Erie,41.8611,-82.83361,ON,WHA,"13C10-1,5,5,6,6,10-hexachlorodecane",40.5,,1,2018-06-21,Chlorinated Alkane,"13C10-1,5,5,6,6,10-hexachlorodecane","13C10-1,5,5,6,6,10-hexachlorodecane",PCT,,,NLET,B_ChlorinatedAlkanes_ISO
901,60667,Walleye,Sander,vitreus,66.0,2976.0,F,ADS,1.0,2013-11-15,2013,Lake Erie,Western Basin L Erie,41.8611,-82.83361,ON,WHA,"Chlorinated Alkanes, SC (C10-C13), Total",5.0,BDL,1,2018-06-21,Chlorinated Alkane,Short Chain Chlorinated Alkanes (C10-13) Total,Total Short Chain Chlorinated Alkanes (C10-13),NG/G wet,5.0,,NLET,B_ChlorinatedAlkanes_ISO
902,60671,Walleye,Sander,vitreus,53.0,1559.1,F,ADS,1.0,2013-11-15,2013,Lake Erie,Western Basin L Erie,41.8611,-82.83361,ON,WHA,"13C10-1,5,5,6,6,10-hexachlorodecane",49.9,,1,2018-06-21,Chlorinated Alkane,"13C10-1,5,5,6,6,10-hexachlorodecane","13C10-1,5,5,6,6,10-hexachlorodecane",PCT,,,NLET,B_ChlorinatedAlkanes_ISO
903,60671,Walleye,Sander,vitreus,53.0,1559.1,F,ADS,1.0,2013-11-15,2013,Lake Erie,Western Basin L Erie,41.8611,-82.83361,ON,WHA,"Chlorinated Alkanes, SC (C10-C13), Total",5.0,BDL,1,2018-06-21,Chlorinated Alkane,Short Chain Chlorinated Alkanes (C10-13) Total,Total Short Chain Chlorinated Alkanes (C10-13),NG/G wet,5.0,,NLET,B_ChlorinatedAlkanes_ISO
904,60672,Walleye,Sander,vitreus,61.8,2582.0,F,ADS,1.0,2013-11-15,2013,Lake Erie,Western Basin L Erie,41.8611,-82.83361,ON,WHA,"13C10-1,5,5,6,6,10-hexachlorodecane",37.2,,1,2018-06-21,Chlorinated Alkane,"13C10-1,5,5,6,6,10-hexachlorodecane","13C10-1,5,5,6,6,10-hexachlorodecane",PCT,,,NLET,B_ChlorinatedAlkanes_ISO
905,60672,Walleye,Sander,vitreus,61.8,2582.0,F,ADS,1.0,2013-11-15,2013,Lake Erie,Western Basin L Erie,41.8611,-82.83361,ON,WHA,"Chlorinated Alkanes, SC (C10-C13), Total",5.0,BDL,1,2018-06-21,Chlorinated Alkane,Short Chain Chlorinated Alkanes (C10-13) Total,Total Short Chain Chlorinated Alkanes (C10-13),NG/G wet,5.0,,NLET,B_ChlorinatedAlkanes_ISO
906,60673,Walleye,Sander,vitreus,56.8,1960.6,F,ADS,1.0,2013-11-15,2013,Lake Erie,Western Basin L Erie,41.8611,-82.83361,ON,WHA,"13C10-1,5,5,6,6,10-hexachlorodecane",46.9,,1,2018-06-21,Chlorinated Alkane,"13C10-1,5,5,6,6,10-hexachlorodecane","13C10-1,5,5,6,6,10-hexachlorodecane",PCT,,,NLET,B_ChlorinatedAlkanes_ISO
907,60673,Walleye,Sander,vitreus,56.8,1960.6,F,ADS,1.0,2013-11-15,2013,Lake Erie,Western Basin L Erie,41.8611,-82.83361,ON,WHA,"Chlorinated Alkanes, SC (C10-C13), Total",5.0,BDL,1,2018-06-21,Chlorinated Alkane,Short Chain Chlorinated Alkanes (C10-13) Total,Total Short Chain Chlorinated Alkanes (C10-13),NG/G wet,5.0,,NLET,B_ChlorinatedAlkanes_ISO
908,60674,Walleye,Sander,vitreus,50.0,1332.0,F,ADS,1.0,2013-11-15,2013,Lake Erie,Western Basin L Erie,41.8611,-82.83361,ON,WHA,"13C10-1,5,5,6,6,10-hexachlorodecane",46.8,,1,2018-06-21,Chlorinated Alkane,"13C10-1,5,5,6,6,10-hexachlorodecane","13C10-1,5,5,6,6,10-hexachlorodecane",PCT,,,NLET,B_ChlorinatedAlkanes_ISO
909,60674,Walleye,Sander,vitreus,50.0,1332.0,F,ADS,1.0,2013-11-15,2013,Lake Erie,Western Basin L Erie,41.8611,-82.83361,ON,WHA,"Chlorinated Alkanes, SC (C10-C13), Total",5.0,BDL,1,2018-06-21,Chlorinated Alkane,Short Chain Chlorinated Alkanes (C10-13) Total,Total Short Chain Chlorinated Alkanes (C10-13),NG/G wet,5.0,,NLET,B_ChlorinatedAlkanes_ISO
910,60678,Walleye,Sander,vitreus,52.5,1551.0,F,ADS,1.0,2013-11-15,2013,Lake Erie,Western Basin L Erie,41.8611,-82.83361,ON,WHA,"13C10-1,5,5,6,6,10-hexachlorodecane",50.1,,1,2018-06-21,Chlorinated Alkane,"13C10-1,5,5,6,6,10-hexachlorodecane","13C10-1,5,5,6,6,10-hexachlorodecane",PCT,,,NLET,B_ChlorinatedAlkanes_ISO
911,60678,Walleye,Sander,vitreus,52.5,1551.0,F,ADS,1.0,2013-11-15,2013,Lake Erie,Western Basin L Erie,41.8611,-82.83361,ON,WHA,"Chlorinated Alkanes, SC (C10-C13), Total",5.0,BDL,1,2018-06-21,Chlorinated Alkane,Short Chain Chlorinated Alkanes (C10-13) Total,Total Short Chain Chlorinated Alkanes (C10-13),NG/G wet,5.0,,NLET,B_ChlorinatedAlkanes_ISO
912,60679,Walleye,Sander,vitreus,57.0,2243.0,M,ADS,1.0,2013-11-15,2013,Lake Erie,Western Basin L Erie,41.8611,-82.83361,ON,WHA,"13C10-1,5,5,6,6,10-hexachlorodecane",44.8,,1,2018-06-21,Chlorinated Alkane,"13C10-1,5,5,6,6,10-hexachlorodecane","13C10-1,5,5,6,6,10-hexachlorodecane",PCT,,,NLET,B_ChlorinatedAlkanes_ISO
913,60679,Walleye,Sander,vitreus,57.0,2243.0,M,ADS,1.0,2013-11-15,2013,Lake Erie,Western Basin L Erie,41.8611,-82.83361,ON,WHA,"Chlorinated Alkanes, SC (C10-C13), Total",5.0,BDL,1,2018-06-21,Chlorinated Alkane,Short Chain Chlorinated Alkanes (C10-13) Total,Total Short Chain Chlorinated Alkanes (C10-13),NG/G wet,5.0,,NLET,B_ChlorinatedAlkanes_ISO
914,61715,Walleye,Sander,vitreus,44.0,871.2,M,ADS,1.0,2014-09-24,2014,Lake Diefenbaker,Lake Diefenbaker,50.655468,-107.959385,SK,WHA,"13C10-1,5,5,6,6,10-hexachlorodecane      ",106.0,,1,2023-10-26,Chlorinated Alkane,"13C10-1,5,5,6,6,10-hexachlorodecane","13C10-1,5,5,6,6,10-hexachlorodecane",PCT,,,NLET,B_ChlorinatedAlkanes_ISO
915,61715,Walleye,Sander,vitreus,44.0,871.2,M,ADS,1.0,2014-09-24,2014,Lake Diefenbaker,Lake Diefenbaker,50.655468,-107.959385,SK,WHA,"Chlorinated Alkanes, SC (C10-C13), Total ",50.0,L,1,2023-10-26,Chlorinated Alkane,Short Chain Chlorinated Alkanes (C10-13) Total,Total Short Chain Chlorinated Alkanes (C10-13),NG/G wet,5.0,,NLET,B_ChlorinatedAlkanes_ISO
916,61716,Walleye,Sander,vitreus,45.0,961.0,M,ADS,1.0,2014-09-24,2014,Lake Diefenbaker,Lake Diefenbaker,50.655468,-107.959385,SK,WHA,"13C10-1,5,5,6,6,10-hexachlorodecane      ",101.0,,1,2023-10-26,Chlorinated Alkane,"13C10-1,5,5,6,6,10-hexachlorodecane","13C10-1,5,5,6,6,10-hexachlorodecane",PCT,,,NLET,B_ChlorinatedAlkanes_ISO
917,61716,Walleye,Sander,vitreus,45.0,961.0,M,ADS,1.0,2014-09-24,2014,Lake Diefenbaker,Lake Diefenbaker,50.655468,-107.959385,SK,WHA,"Chlorinated Alkanes, SC (C10-C13), Total ",50.0,L,1,2023-10-26,Chlorinated Alkane,Short Chain Chlorinated Alkanes (C10-13) Total,Total Short Chain Chlorinated Alkanes (C10-13),NG/G wet,5.0,,NLET,B_ChlorinatedAlkanes_ISO
918,62583,Walleye,Sander,vitreus,48.0,1031.0,M,ADS,1.0,2015-10-06,2015,Lake Diefenbaker,Lake Diefenbaker,50.655468,-107.959385,SK,WHA,"13C10-1,5,5,6,6,10-hexachlorodecane      ",91.7,,1,2023-10-26,Chlorinated Alkane,"13C10-1,5,5,6,6,10-hexachlorodecane","13C10-1,5,5,6,6,10-hexachlorodecane",PCT,,,NLET,B_ChlorinatedAlkanes_ISO
919,62583,Walleye,Sander,vitreus,48.0,1031.0,M,ADS,1.0,2015-10-06,2015,Lake Diefenbaker,Lake Diefenbaker,50.655468,-107.959385,SK,WHA,"Chlorinated Alkanes, SC (C10-C13), Total ",50.0,L,1,2023-10-26,Chlorinated Alkane,Short Chain Chlorinated Alkanes (C10-13) Total,Total Short Chain Chlorinated Alkanes (C10-13),NG/G wet,5.0,,NLET,B_ChlorinatedAlkanes_ISO
920,62588,Walleye,Sander,vitreus,42.0,588.3,M,ADS,1.0,2015-10-06,2015,Lake Diefenbaker,Lake Diefenbaker,50.655468,-107.959385,SK,WHA,"13C10-1,5,5,6,6,10-hexachlorodecane      ",88.8,,1,2023-10-26,Chlorinated Alkane,"13C10-1,5,5,6,6,10-hexachlorodecane","13C10-1,5,5,6,6,10-hexachlorodecane",PCT,,,NLET,B_ChlorinatedAlkanes_ISO
921,62588,Walleye,Sander,vitreus,42.0,588.3,M,ADS,1.0,2015-10-06,2015,Lake Diefenbaker,Lake Diefenbaker,50.655468,-107.959385,SK,WHA,"Chlorinated Alkanes, SC (C10-C13), Total ",50.0,L,1,2023-10-26,Chlorinated Alkane,Short Chain Chlorinated Alkanes (C10-13) Total,Total Short Chain Chlorinated Alkanes (C10-13),NG/G wet,5.0,,NLET,B_ChlorinatedAlkanes_ISO
922,64552,Walleye,Sander,vitreus,39.5,499.2,F,ADS,1.0,2019-07-25,2019,St. Lawrence River,St. Lawrence River,46.67158889,-71.78784722,QC,WHA,"13C10-1,5,5,6,6,10-hexachlorodecane",85.0,,1,2024-02-20,Chlorinated Alkane,"13C10-1,5,5,6,6,10-hexachlorodecane","13C10-1,5,5,6,6,10-hexachlorodecane",PCT,,,NLET,B_ChlorinatedAlkanes_ISO
923,64552,Walleye,Sander,vitreus,39.5,499.2,F,ADS,1.0,2019-07-25,2019,St. Lawrence River,St. Lawrence River,46.67158889,-71.78784722,QC,WHA,"Chlorinated Alkanes, SC (C10-C13), Total",50.0,L,1,2024-02-20,Chlorinated Alkane,Short Chain Chlorinated Alkanes (C10-13) Total,Total Short Chain Chlorinated Alkanes (C10-13),NG/G wet,5.0,,NLET,B_ChlorinatedAlkanes_ISO
924,64554,Walleye,Sander,vitreus,39.3,469.9,M,ADS,1.0,2019-07-25,2019,St. Lawrence River,St. Lawrence River,46.67158889,-71.78784722,QC,WHA,"13C10-1,5,5,6,6,10-hexachlorodecane",96.8,,1,2024-02-20,Chlorinated Alkane,"13C10-1,5,5,6,6,10-hexachlorodecane","13C10-1,5,5,6,6,10-hexachlorodecane",PCT,,,NLET,B_ChlorinatedAlkanes_ISO
925,64554,Walleye,Sander,vitreus,39.3,469.9,M,ADS,1.0,2019-07-25,2019,St. Lawrence River,St. Lawrence River,46.67158889,-71.78784722,QC,WHA,"Chlorinated Alkanes, SC (C10-C13), Total",50.0,L,1,2024-02-20,Chlorinated Alkane,Short Chain Chlorinated Alkanes (C10-13) Total,Total Short Chain Chlorinated Alkanes (C10-13),NG/G wet,5.0,,NLET,B_ChlorinatedAlkanes_ISO
926,64555,Walleye,Sander,vitreus,36.0,363.1,M,ADS,1.0,2019-07-25,2019,St. Lawrence River,St. Lawrence River,46.67158889,-71.78784722,QC,WHA,"13C10-1,5,5,6,6,10-hexachlorodecane",123.0,,1,2024-02-20,Chlorinated Alkane,"13C10-1,5,5,6,6,10-hexachlorodecane","13C10-1,5,5,6,6,10-hexachlorodecane",PCT,,,NLET,B_ChlorinatedAlkanes_ISO
927,64555,Walleye,Sander,vitreus,36.0,363.1,M,ADS,1.0,2019-07-25,2019,St. Lawrence River,St. Lawrence River,46.67158889,-71.78784722,QC,WHA,"Chlorinated Alkanes, SC (C10-C13), Total",50.0,L,1,2024-02-20,Chlorinated Alkane,Short Chain Chlorinated Alkanes (C10-13) Total,Total Short Chain Chlorinated Alkanes (C10-13),NG/G wet,5.0,,NLET,B_ChlorinatedAlkanes_ISO
928,64556,Walleye,Sander,vitreus,37.5,411.3,M,ADS,1.0,2019-07-25,2019,St. Lawrence River,St. Lawrence River,46.67158889,-71.78784722,QC,WHA,"13C10-1,5,5,6,6,10-hexachlorodecane",108.0,,1,2024-02-20,Chlorinated Alkane,"13C10-1,5,5,6,6,10-hexachlorodecane","13C10-1,5,5,6,6,10-hexachlorodecane",PCT,,,NLET,B_ChlorinatedAlkanes_ISO
929,64556,Walleye,Sander,vitreus,37.5,411.3,M,ADS,1.0,2019-07-25,2019,St. Lawrence River,St. Lawrence River,46.67158889,-71.78784722,QC,WHA,"Chlorinated Alkanes, SC (C10-C13), Total",50.0,L,1,2024-02-20,Chlorinated Alkane,Short Chain Chlorinated Alkanes (C10-13) Total,Total Short Chain Chlorinated Alkanes (C10-13),NG/G wet,5.0,,NLET,B_ChlorinatedAlkanes_ISO
930,64557,Walleye,Sander,vitreus,36.5,395.0,M,ADS,1.0,2019-07-25,2019,St. Lawrence River,St. Lawrence River,46.67158889,-71.78784722,QC,WHA,"13C10-1,5,5,6,6,10-hexachlorodecane",102.0,,1,2024-02-20,Chlorinated Alkane,"13C10-1,5,5,6,6,10-hexachlorodecane","13C10-1,5,5,6,6,10-hexachlorodecane",PCT,,,NLET,B_ChlorinatedAlkanes_ISO
931,64557,Walleye,Sander,vitreus,36.5,395.0,M,ADS,1.0,2019-07-25,2019,St. Lawrence River,St. Lawrence River,46.67158889,-71.78784722,QC,WHA,"Chlorinated Alkanes, SC (C10-C13), Total",50.0,L,1,2024-02-20,Chlorinated Alkane,Short Chain Chlorinated Alkanes (C10-13) Total,Total Short Chain Chlorinated Alkanes (C10-13),NG/G wet,5.0,,NLET,B_ChlorinatedAlkanes_ISO
932,66562,Walleye,Sander,vitreus,47.0,944.2,M,ADS,1.0,2022-09-27,2022,Lake Diefenbaker,Lake Diefenbaker,50.655468,-107.959385,SK,WHA,"13C10-1,5,5,6,6,10-hexachlorodecane",98.6,,1,2025-09-17,Chlorinated Alkane,"13C10-1,5,5,6,6,10-hexachlorodecane","13C10-1,5,5,6,6,10-hexachlorodecane",PCT,,,NLET,B_ChlorinatedAlkanes_ISO
933,66562,Walleye,Sander,vitreus,47.0,944.2,M,ADS,1.0,2022-09-27,2022,Lake Diefenbaker,Lake Diefenbaker,50.655468,-107.959385,SK,WHA,"Chlorinated Alkanes, SC (C10-C13), Total",50.0,BDL,1,2025-09-17,Chlorinated Alkane,Short Chain Chlorinated Alkanes (C10-13) Total,Total Short Chain Chlorinated Alkanes (C10-13),NG/G wet,5.0,,NLET,B_ChlorinatedAlkanes_ISO
934,66562,Walleye,Sander,vitreus,47.0,944.2,M,ADS,1.0,2022-09-27,2022,Lake Diefenbaker,Lake Diefenbaker,50.655468,-107.959385,SK,WHA,13C12-Beta-Hexabromocyclododecane,66.7,,1,2026-01-26,Chlorinated Alkane,Chlorinated alkane surrogate,13C12-Beta-Hexabromocyclododecane,PCT,,,NLET,B_ChlorinatedAlkanes_MC_Biota
935,66562,Walleye,Sander,vitreus,47.0,944.2,M,ADS,1.0,2022-09-27,2022,Lake Diefenbaker,Lake Diefenbaker,50.655468,-107.959385,SK,WHA,"Chlorinated Alkanes, LC (C18-C20), Total",4.32,ND,1,2026-01-26,Chlorinated Alkane,"Long Chain Chlorinated Alkanes (C18-C20), Total","Long Chain Chlorinated Alkanes (C18-C20), Total",NG/G wet,,,NLET,B_ChlorinatedAlkanes_MC_Biota
936,66562,Walleye,Sander,vitreus,47.0,944.2,M,ADS,1.0,2022-09-27,2022,Lake Diefenbaker,Lake Diefenbaker,50.655468,-107.959385,SK,WHA,"Chlorinated Alkanes, MC (C14-C17), Total",3.73,ND,1,2026-01-26,Chlorinated Alkane,Medium Chain Chlorinated Paraffins (C14-17) Total,Medium Chain Chlorinated Paraffins (C14-17) Total,NG/G wet,,,NLET,B_ChlorinatedAlkanes_MC_Biota
937,66563,Walleye,Sander,vitreus,44.0,955.2,M,ADS,1.0,2022-09-27,2022,Lake Diefenbaker,Lake Diefenbaker,50.655468,-107.959385,SK,WHA,"13C10-1,5,5,6,6,10-hexachlorodecane",105.0,,1,2025-09-17,Chlorinated Alkane,"13C10-1,5,5,6,6,10-hexachlorodecane","13C10-1,5,5,6,6,10-hexachlorodecane",PCT,,,NLET,B_ChlorinatedAlkanes_ISO
938,66563,Walleye,Sander,vitreus,44.0,955.2,M,ADS,1.0,2022-09-27,2022,Lake Diefenbaker,Lake Diefenbaker,50.655468,-107.959385,SK,WHA,"Chlorinated Alkanes, SC (C10-C13), Total",50.0,BDL,1,2025-09-17,Chlorinated Alkane,Short Chain Chlorinated Alkanes (C10-13) Total,Total Short Chain Chlorinated Alkanes (C10-13),NG/G wet,5.0,,NLET,B_ChlorinatedAlkanes_ISO
939,66563,Walleye,Sander,vitreus,44.0,955.2,M,ADS,1.0,2022-09-27,2022,Lake Diefenbaker,Lake Diefenbaker,50.655468,-107.959385,SK,WHA,13C12-Beta-Hexabromocyclododecane,68.3,,1,2026-01-26,Chlorinated Alkane,Chlorinated alkane surrogate,13C12-Beta-Hexabromocyclododecane,PCT,,,NLET,B_ChlorinatedAlkanes_MC_Biota
940,66563,Walleye,Sander,vitreus,44.0,955.2,M,ADS,1.0,2022-09-27,2022,Lake Diefenbaker,Lake Diefenbaker,50.655468,-107.959385,SK,WHA,"Chlorinated Alkanes, LC (C18-C20), Total",4.3,ND,1,2026-01-26,Chlorinated Alkane,"Long Chain Chlorinated Alkanes (C18-C20), Total","Long Chain Chlorinated Alkanes (C18-C20), Total",NG/G wet,,,NLET,B_ChlorinatedAlkanes_MC_Biota
941,66563,Walleye,Sander,vitreus,44.0,955.2,M,ADS,1.0,2022-09-27,2022,Lake Diefenbaker,Lake Diefenbaker,50.655468,-107.959385,SK,WHA,"Chlorinated Alkanes, MC (C14-C17), Total",3.71,ND,1,2026-01-26,Chlorinated Alkane,Medium Chain Chlorinated Paraffins (C14-17) Total,Medium Chain Chlorinated Paraffins (C14-17) Total,NG/G wet,,,NLET,B_ChlorinatedAlkanes_MC_Biota
942,66566,Walleye,Sander,vitreus,47.8,1164.0,F,ADS,1.0,2022-09-27,2022,Lake Diefenbaker,Lake Diefenbaker,50.655468,-107.959385,SK,WHA,"13C10-1,5,5,6,6,10-hexachlorodecane",146.0,,1,2025-09-17,Chlorinated Alkane,"13C10-1,5,5,6,6,10-hexachlorodecane","13C10-1,5,5,6,6,10-hexachlorodecane",PCT,,,NLET,B_ChlorinatedAlkanes_ISO
943,66566,Walleye,Sander,vitreus,47.8,1164.0,F,ADS,1.0,2022-09-27,2022,Lake Diefenbaker,Lake Diefenbaker,50.655468,-107.959385,SK,WHA,"Chlorinated Alkanes, SC (C10-C13), Total",50.0,BDL,1,2025-09-17,Chlorinated Alkane,Short Chain Chlorinated Alkanes (C10-13) Total,Total Short Chain Chlorinated Alkanes (C10-13),NG/G wet,5.0,,NLET,B_ChlorinatedAlkanes_ISO
944,66566,Walleye,Sander,vitreus,47.8,1164.0,F,ADS,1.0,2022-09-27,2022,Lake Diefenbaker,Lake Diefenbaker,50.655468,-107.959385,SK,WHA,13C12-Beta-Hexabromocyclododecane,66.4,,1,2026-01-26,Chlorinated Alkane,Chlorinated alkane surrogate,13C12-Beta-Hexabromocyclododecane,PCT,,,NLET,B_ChlorinatedAlkanes_MC_Biota
945,66566,Walleye,Sander,vitreus,47.8,1164.0,F,ADS,1.0,2022-09-27,2022,Lake Diefenbaker,Lake Diefenbaker,50.655468,-107.959385,SK,WHA,"Chlorinated Alkanes, LC (C18-C20), Total",4.34,ND,1,2026-01-26,Chlorinated Alkane,"Long Chain Chlorinated Alkanes (C18-C20), Total","Long Chain Chlorinated Alkanes (C18-C20), Total",NG/G wet,,,NLET,B_ChlorinatedAlkanes_MC_Biota
946,66566,Walleye,Sander,vitreus,47.8,1164.0,F,ADS,1.0,2022-09-27,2022,Lake Diefenbaker,Lake Diefenbaker,50.655468,-107.959385,SK,WHA,"Chlorinated Alkanes, MC (C14-C17), Total",3.75,ND,1,2026-01-26,Chlorinated Alkane,Medium Chain Chlorinated Paraffins (C14-17) Total,Medium Chain Chlorinated Paraffins (C14-17) Total,NG/G wet,,,NLET,B_ChlorinatedAlkanes_MC_Biota
947,66569,Walleye,Sander,vitreus,43.5,811.4,M,ADS,1.0,2022-09-27,2022,Lake Diefenbaker,Lake Diefenbaker,50.655468,-107.959385,SK,WHA,"13C10-1,5,5,6,6,10-hexachlorodecane",92.9,,1,2025-09-17,Chlorinated Alkane,"13C10-1,5,5,6,6,10-hexachlorodecane","13C10-1,5,5,6,6,10-hexachlorodecane",PCT,,,NLET,B_ChlorinatedAlkanes_ISO
948,66569,Walleye,Sander,vitreus,43.5,811.4,M,ADS,1.0,2022-09-27,2022,Lake Diefenbaker,Lake Diefenbaker,50.655468,-107.959385,SK,WHA,"Chlorinated Alkanes, SC (C10-C13), Total",50.0,BDL,1,2025-09-17,Chlorinated Alkane,Short Chain Chlorinated Alkanes (C10-13) Total,Total Short Chain Chlorinated Alkanes (C10-13),NG/G wet,5.0,,NLET,B_ChlorinatedAlkanes_ISO
949,66569,Walleye,Sander,vitreus,43.5,811.4,M,ADS,1.0,2022-09-27,2022,Lake Diefenbaker,Lake Diefenbaker,50.655468,-107.959385,SK,WHA,13C12-Beta-Hexabromocyclododecane,56.5,,1,2026-01-26,Chlorinated Alkane,Chlorinated alkane surrogate,13C12-Beta-Hexabromocyclododecane,PCT,,,NLET,B_ChlorinatedAlkanes_MC_Biota
950,66569,Walleye,Sander,vitreus,43.5,811.4,M,ADS,1.0,2022-09-27,2022,Lake Diefenbaker,Lake Diefenbaker,50.655468,-107.959385,SK,WHA,"Chlorinated Alkanes, LC (C18-C20), Total",4.38,ND,1,2026-01-26,Chlorinated Alkane,"Long Chain Chlorinated Alkanes (C18-C20), Total","Long Chain Chlorinated Alkanes (C18-C20), Total",NG/G wet,,,NLET,B_ChlorinatedAlkanes_MC_Biota
951,66569,Walleye,Sander,vitreus,43.5,811.4,M,ADS,1.0,2022-09-27,2022,Lake Diefenbaker,Lake Diefenbaker,50.655468,-107.959385,SK,WHA,"Chlorinated Alkanes, MC (C14-C17), Total",3.78,ND,1,2026-01-26,Chlorinated Alkane,Medium Chain Chlorinated Paraffins (C14-17) Total,Medium Chain Chlorinated Paraffins (C14-17) Total,NG/G wet,,,NLET,B_ChlorinatedAlkanes_MC_Biota
952,66573,Walleye,Sander,vitreus,48.9,1196.8,F,ADS,1.0,2022-09-27,2022,Lake Diefenbaker,Lake Diefenbaker,50.655468,-107.959385,SK,WHA,"13C10-1,5,5,6,6,10-hexachlorodecane",131.0,,1,2025-09-17,Chlorinated Alkane,"13C10-1,5,5,6,6,10-hexachlorodecane","13C10-1,5,5,6,6,10-hexachlorodecane",PCT,,,NLET,B_ChlorinatedAlkanes_ISO
953,66573,Walleye,Sander,vitreus,48.9,1196.8,F,ADS,1.0,2022-09-27,2022,Lake Diefenbaker,Lake Diefenbaker,50.655468,-107.959385,SK,WHA,"Chlorinated Alkanes, SC (C10-C13), Total",50.0,BDL,1,2025-09-17,Chlorinated Alkane,Short Chain Chlorinated Alkanes (C10-13) Total,Total Short Chain Chlorinated Alkanes (C10-13),NG/G wet,5.0,,NLET,B_ChlorinatedAlkanes_ISO
954,66573,Walleye,Sander,vitreus,48.9,1196.8,F,ADS,1.0,2022-09-27,2022,Lake Diefenbaker,Lake Diefenbaker,50.655468,-107.959385,SK,WHA,13C12-Beta-Hexabromocyclododecane,73.5,,1,2026-01-26,Chlorinated Alkane,Chlorinated alkane surrogate,13C12-Beta-Hexabromocyclododecane,PCT,,,NLET,B_ChlorinatedAlkanes_MC_Biota
955,66573,Walleye,Sander,vitreus,48.9,1196.8,F,ADS,1.0,2022-09-27,2022,Lake Diefenbaker,Lake Diefenbaker,50.655468,-107.959385,SK,WHA,"Chlorinated Alkanes, LC (C18-C20), Total",4.23,ND,1,2026-01-26,Chlorinated Alkane,"Long Chain Chlorinated Alkanes (C18-C20), Total","Long Chain Chlorinated Alkanes (C18-C20), Total",NG/G wet,,,NLET,B_ChlorinatedAlkanes_MC_Biota
956,66573,Walleye,Sander,vitreus,48.9,1196.8,F,ADS,1.0,2022-09-27,2022,Lake Diefenbaker,Lake Diefenbaker,50.655468,-107.959385,SK,WHA,"Chlorinated Alkanes, MC (C14-C17), Total",3.65,ND,1,2026-01-26,Chlorinated Alkane,Medium Chain Chlorinated Paraffins (C14-17) Total,Medium Chain Chlorinated Paraffins (C14-17) Total,NG/G wet,,,NLET,B_ChlorinatedAlkanes_MC_Biota
957,66675,Walleye,Sander,vitreus,38.0,438.3,M,ADS,1.0,2022-09-28,2022,Columbia River,Columbia River,49.084222,-117.629671,BC,WHA,"13C10-1,5,5,6,6,10-hexachlorodecane",85.2,,1,2024-02-20,Chlorinated Alkane,"13C10-1,5,5,6,6,10-hexachlorodecane","13C10-1,5,5,6,6,10-hexachlorodecane",PCT,,,NLET,B_ChlorinatedAlkanes_ISO
958,66675,Walleye,Sander,vitreus,38.0,438.3,M,ADS,1.0,2022-09-28,2022,Columbia River,Columbia River,49.084222,-117.629671,BC,WHA,"Chlorinated Alkanes, SC (C10-C13), Total",50.0,L,1,2024-02-20,Chlorinated Alkane,Short Chain Chlorinated Alkanes (C10-13) Total,Total Short Chain Chlorinated Alkanes (C10-13),NG/G wet,5.0,,NLET,B_ChlorinatedAlkanes_ISO
959,66675,Walleye,Sander,vitreus,38.0,438.3,M,ADS,1.0,2022-09-28,2022,Columbia River,Columbia River,49.084222,-117.629671,BC,WHA,13C12-Beta-Hexabromocyclododecane,57.3,,1,2026-01-26,Chlorinated Alkane,Chlorinated alkane surrogate,13C12-Beta-Hexabromocyclododecane,PCT,,,NLET,B_ChlorinatedAlkanes_MC_Biota
960,66675,Walleye,Sander,vitreus,38.0,438.3,M,ADS,1.0,2022-09-28,2022,Columbia River,Columbia River,49.084222,-117.629671,BC,WHA,"Chlorinated Alkanes, LC (C18-C20), Total",4.23,ND,1,2026-01-26,Chlorinated Alkane,"Long Chain Chlorinated Alkanes (C18-C20), Total","Long Chain Chlorinated Alkanes (C18-C20), Total",NG/G wet,,,NLET,B_ChlorinatedAlkanes_MC_Biota
961,66675,Walleye,Sander,vitreus,38.0,438.3,M,ADS,1.0,2022-09-28,2022,Columbia River,Columbia River,49.084222,-117.629671,BC,WHA,"Chlorinated Alkanes, MC (C14-C17), Total",3.65,ND,1,2026-01-26,Chlorinated Alkane,Medium Chain Chlorinated Paraffins (C14-17) Total,Medium Chain Chlorinated Paraffins (C14-17) Total,NG/G wet,,,NLET,B_ChlorinatedAlkanes_MC_Biota
962,66676,Walleye,Sander,vitreus,37.5,495.7,M,ADS,1.0,2022-09-28,2022,Columbia River,Columbia River,49.084222,-117.629671,BC,WHA,"13C10-1,5,5,6,6,10-hexachlorodecane",94.9,,1,2024-02-20,Chlorinated Alkane,"13C10-1,5,5,6,6,10-hexachlorodecane","13C10-1,5,5,6,6,10-hexachlorodecane",PCT,,,NLET,B_ChlorinatedAlkanes_ISO
963,66676,Walleye,Sander,vitreus,37.5,495.7,M,ADS,1.0,2022-09-28,2022,Columbia River,Columbia River,49.084222,-117.629671,BC,WHA,"Chlorinated Alkanes, SC (C10-C13), Total",50.0,L,1,2024-02-20,Chlorinated Alkane,Short Chain Chlorinated Alkanes (C10-13) Total,Total Short Chain Chlorinated Alkanes (C10-13),NG/G wet,5.0,,NLET,B_ChlorinatedAlkanes_ISO
964,66676,Walleye,Sander,vitreus,37.5,495.7,M,ADS,1.0,2022-09-28,2022,Columbia River,Columbia River,49.084222,-117.629671,BC,WHA,13C12-Beta-Hexabromocyclododecane,69.4,,1,2026-01-26,Chlorinated Alkane,Chlorinated alkane surrogate,13C12-Beta-Hexabromocyclododecane,PCT,,,NLET,B_ChlorinatedAlkanes_MC_Biota
965,66676,Walleye,Sander,vitreus,37.5,495.7,M,ADS,1.0,2022-09-28,2022,Columbia River,Columbia River,49.084222,-117.629671,BC,WHA,"Chlorinated Alkanes, LC (C18-C20), Total",4.27,ND,1,2026-01-26,Chlorinated Alkane,"Long Chain Chlorinated Alkanes (C18-C20), Total","Long Chain Chlorinated Alkanes (C18-C20), Total",NG/G wet,,,NLET,B_ChlorinatedAlkanes_MC_Biota
966,66676,Walleye,Sander,vitreus,37.5,495.7,M,ADS,1.0,2022-09-28,2022,Columbia River,Columbia River,49.084222,-117.629671,BC,WHA,"Chlorinated Alkanes, MC (C14-C17), Total",3.68,ND,1,2026-01-26,Chlorinated Alkane,Medium Chain Chlorinated Paraffins (C14-17) Total,Medium Chain Chlorinated Paraffins (C14-17) Total,NG/G wet,,,NLET,B_ChlorinatedAlkanes_MC_Biota
967,66677,Walleye,Sander,vitreus,37.1,396.5,M,ADS,1.0,2022-09-28,2022,Columbia River,Columbia River,49.084222,-117.629671,BC,WHA,"13C10-1,5,5,6,6,10-hexachlorodecane",56.3,,1,2024-02-20,Chlorinated Alkane,"13C10-1,5,5,6,6,10-hexachlorodecane","13C10-1,5,5,6,6,10-hexachlorodecane",PCT,,,NLET,B_ChlorinatedAlkanes_ISO
968,66677,Walleye,Sander,vitreus,37.1,396.5,M,ADS,1.0,2022-09-28,2022,Columbia River,Columbia River,49.084222,-117.629671,BC,WHA,"Chlorinated Alkanes, SC (C10-C13), Total",50.0,L,1,2024-02-20,Chlorinated Alkane,Short Chain Chlorinated Alkanes (C10-13) Total,Total Short Chain Chlorinated Alkanes (C10-13),NG/G wet,5.0,,NLET,B_ChlorinatedAlkanes_ISO
969,66677,Walleye,Sander,vitreus,37.1,396.5,M,ADS,1.0,2022-09-28,2022,Columbia River,Columbia River,49.084222,-117.629671,BC,WHA,13C12-Beta-Hexabromocyclododecane,58.5,,1,2026-01-26,Chlorinated Alkane,Chlorinated alkane surrogate,13C12-Beta-Hexabromocyclododecane,PCT,,,NLET,B_ChlorinatedAlkanes_MC_Biota
970,66677,Walleye,Sander,vitreus,37.1,396.5,M,ADS,1.0,2022-09-28,2022,Columbia River,Columbia River,49.084222,-117.629671,BC,WHA,"Chlorinated Alkanes, LC (C18-C20), Total",4.18,ND,1,2026-01-26,Chlorinated Alkane,"Long Chain Chlorinated Alkanes (C18-C20), Total","Long Chain Chlorinated Alkanes (C18-C20), Total",NG/G wet,,,NLET,B_ChlorinatedAlkanes_MC_Biota
971,66677,Walleye,Sander,vitreus,37.1,396.5,M,ADS,1.0,2022-09-28,2022,Columbia River,Columbia River,49.084222,-117.629671,BC,WHA,"Chlorinated Alkanes, MC (C14-C17), Total",3.61,ND,1,2026-01-26,Chlorinated Alkane,Medium Chain Chlorinated Paraffins (C14-17) Total,Medium Chain Chlorinated Paraffins (C14-17) Total,NG/G wet,,,NLET,B_ChlorinatedAlkanes_MC_Biota
972,66679,Walleye,Sander,vitreus,40.5,796.0,M,ADS,1.0,2022-09-28,2022,Columbia River,Columbia River,49.084222,-117.629671,BC,WHA,"13C10-1,5,5,6,6,10-hexachlorodecane",102.0,,1,2024-02-20,Chlorinated Alkane,"13C10-1,5,5,6,6,10-hexachlorodecane","13C10-1,5,5,6,6,10-hexachlorodecane",PCT,,,NLET,B_ChlorinatedAlkanes_ISO
973,66679,Walleye,Sander,vitreus,40.5,796.0,M,ADS,1.0,2022-09-28,2022,Columbia River,Columbia River,49.084222,-117.629671,BC,WHA,"Chlorinated Alkanes, SC (C10-C13), Total",50.0,L,1,2024-02-20,Chlorinated Alkane,Short Chain Chlorinated Alkanes (C10-13) Total,Total Short Chain Chlorinated Alkanes (C10-13),NG/G wet,5.0,,NLET,B_ChlorinatedAlkanes_ISO
974,66679,Walleye,Sander,vitreus,40.5,796.0,M,ADS,1.0,2022-09-28,2022,Columbia River,Columbia River,49.084222,-117.629671,BC,WHA,13C12-Beta-Hexabromocyclododecane,82.3,,1,2026-01-26,Chlorinated Alkane,Chlorinated alkane surrogate,13C12-Beta-Hexabromocyclododecane,PCT,,,NLET,B_ChlorinatedAlkanes_MC_Biota
975,66679,Walleye,Sander,vitreus,40.5,796.0,M,ADS,1.0,2022-09-28,2022,Columbia River,Columbia River,49.084222,-117.629671,BC,WHA,"Chlorinated Alkanes, LC (C18-C20), Total",4.27,ND,1,2026-01-26,Chlorinated Alkane,"Long Chain Chlorinated Alkanes (C18-C20), Total","Long Chain Chlorinated Alkanes (C18-C20), Total",NG/G wet,,,NLET,B_ChlorinatedAlkanes_MC_Biota
976,66679,Walleye,Sander,vitreus,40.5,796.0,M,ADS,1.0,2022-09-28,2022,Columbia River,Columbia River,49.084222,-117.629671,BC,WHA,"Chlorinated Alkanes, MC (C14-C17), Total",4.11,,1,2026-01-26,Chlorinated Alkane,Medium Chain Chlorinated Paraffins (C14-17) Total,Medium Chain Chlorinated Paraffins (C14-17) Total,NG/G wet,,,NLET,B_ChlorinatedAlkanes_MC_Biota
977,66680,Walleye,Sander,vitreus,36.0,377.9,M,ADS,1.0,2022-09-28,2022,Columbia River,Columbia River,49.084222,-117.629671,BC,WHA,"13C10-1,5,5,6,6,10-hexachlorodecane",95.6,,1,2024-02-20,Chlorinated Alkane,"13C10-1,5,5,6,6,10-hexachlorodecane","13C10-1,5,5,6,6,10-hexachlorodecane",PCT,,,NLET,B_ChlorinatedAlkanes_ISO
978,66680,Walleye,Sander,vitreus,36.0,377.9,M,ADS,1.0,2022-09-28,2022,Columbia River,Columbia River,49.084222,-117.629671,BC,WHA,"Chlorinated Alkanes, SC (C10-C13), Total",50.0,L,1,2024-02-20,Chlorinated Alkane,Short Chain Chlorinated Alkanes (C10-13) Total,Total Short Chain Chlorinated Alkanes (C10-13),NG/G wet,5.0,,NLET,B_ChlorinatedAlkanes_ISO
979,66680,Walleye,Sander,vitreus,36.0,377.9,M,ADS,1.0,2022-09-28,2022,Columbia River,Columbia River,49.084222,-117.629671,BC,WHA,13C12-Beta-Hexabromocyclododecane,73.8,,1,2026-01-26,Chlorinated Alkane,Chlorinated alkane surrogate,13C12-Beta-Hexabromocyclododecane,PCT,,,NLET,B_ChlorinatedAlkanes_MC_Biota
980,66680,Walleye,Sander,vitreus,36.0,377.9,M,ADS,1.0,2022-09-28,2022,Columbia River,Columbia River,49.084222,-117.629671,BC,WHA,"Chlorinated Alkanes, LC (C18-C20), Total",3.96,ND,1,2026-01-26,Chlorinated Alkane,"Long Chain Chlorinated Alkanes (C18-C20), Total","Long Chain Chlorinated Alkanes (C18-C20), Total",NG/G wet,,,NLET,B_ChlorinatedAlkanes_MC_Biota
981,66680,Walleye,Sander,vitreus,36.0,377.9,M,ADS,1.0,2022-09-28,2022,Columbia River,Columbia River,49.084222,-117.629671,BC,WHA,"Chlorinated Alkanes, MC (C14-C17), Total",3.84,,1,2026-01-26,Chlorinated Alkane,Medium Chain Chlorinated Paraffins (C14-17) Total,Medium Chain Chlorinated Paraffins (C14-17) Total,NG/G wet,,,NLET,B_ChlorinatedAlkanes_MC_Biota
982,66790,Walleye,Sander,vitreus,39.1,592.8,M,ADS,1.0,2022-08-28,2022,St. Lawrence River,St. Lawrence River,46.67158889,-71.78784722,QC,WHA,13C12-Beta-Hexabromocyclododecane,58.4,,1,2026-02-04,Chlorinated Alkane,Chlorinated alkane surrogate,13C12-Beta-Hexabromocyclododecane,PCT,,,NLET,B_ChlorinatedAlkanes_MC_Biota
983,66790,Walleye,Sander,vitreus,39.1,592.8,M,ADS,1.0,2022-08-28,2022,St. Lawrence River,St. Lawrence River,46.67158889,-71.78784722,QC,WHA,"Chlorinated Alkanes, LC (C18-C20), Total",4.29,ND,1,2026-02-04,Chlorinated Alkane,"Long Chain Chlorinated Alkanes (C18-C20), Total","Long Chain Chlorinated Alkanes (C18-C20), Total",NG/G wet,,,NLET,B_ChlorinatedAlkanes_MC_Biota
984,66790,Walleye,Sander,vitreus,39.1,592.8,M,ADS,1.0,2022-08-28,2022,St. Lawrence River,St. Lawrence River,46.67158889,-71.78784722,QC,WHA,"Chlorinated Alkanes, MC (C14-C17), Total",3.7,ND,1,2026-02-04,Chlorinated Alkane,Medium Chain Chlorinated Paraffins (C14-17) Total,Medium Chain Chlorinated Paraffins (C14-17) Total,NG/G wet,,,NLET,B_ChlorinatedAlkanes_MC_Biota
985,66791,Walleye,Sander,vitreus,38.0,540.4,M,ADS,1.0,2022-08-28,2022,St. Lawrence River,St. Lawrence River,46.67158889,-71.78784722,QC,WHA,13C12-Beta-Hexabromocyclododecane,58.7,,1,2026-02-04,Chlorinated Alkane,Chlorinated alkane surrogate,13C12-Beta-Hexabromocyclododecane,PCT,,,NLET,B_ChlorinatedAlkanes_MC_Biota
986,66791,Walleye,Sander,vitreus,38.0,540.4,M,ADS,1.0,2022-08-28,2022,St. Lawrence River,St. Lawrence River,46.67158889,-71.78784722,QC,WHA,"Chlorinated Alkanes, LC (C18-C20), Total",4.32,ND,1,2026-02-04,Chlorinated Alkane,"Long Chain Chlorinated Alkanes (C18-C20), Total","Long Chain Chlorinated Alkanes (C18-C20), Total",NG/G wet,,,NLET,B_ChlorinatedAlkanes_MC_Biota
987,66791,Walleye,Sander,vitreus,38.0,540.4,M,ADS,1.0,2022-08-28,2022,St. Lawrence River,St. Lawrence River,46.67158889,-71.78784722,QC,WHA,"Chlorinated Alkanes, MC (C14-C17), Total",3.73,ND,1,2026-02-04,Chlorinated Alkane,Medium Chain Chlorinated Paraffins (C14-17) Total,Medium Chain Chlorinated Paraffins (C14-17) Total,NG/G wet,,,NLET,B_ChlorinatedAlkanes_MC_Biota
988,66799,Walleye,Sander,vitreus,38.0,474.3,M,ADS,1.0,2022-08-28,2022,St. Lawrence River,St. Lawrence River,46.67158889,-71.78784722,QC,WHA,13C12-Beta-Hexabromocyclododecane,63.9,,1,2026-02-04,Chlorinated Alkane,Chlorinated alkane surrogate,13C12-Beta-Hexabromocyclododecane,PCT,,,NLET,B_ChlorinatedAlkanes_MC_Biota
989,66799,Walleye,Sander,vitreus,38.0,474.3,M,ADS,1.0,2022-08-28,2022,St. Lawrence River,St. Lawrence River,46.67158889,-71.78784722,QC,WHA,"Chlorinated Alkanes, LC (C18-C20), Total",4.23,ND,1,2026-02-04,Chlorinated Alkane,"Long Chain Chlorinated Alkanes (C18-C20), Total","Long Chain Chlorinated Alkanes (C18-C20), Total",NG/G wet,,,NLET,B_ChlorinatedAlkanes_MC_Biota
990,66799,Walleye,Sander,vitreus,38.0,474.3,M,ADS,1.0,2022-08-28,2022,St. Lawrence River,St. Lawrence River,46.67158889,-71.78784722,QC,WHA,"Chlorinated Alkanes, MC (C14-C17), Total",3.65,ND,1,2026-02-04,Chlorinated Alkane,Medium Chain Chlorinated Paraffins (C14-17) Total,Medium Chain Chlorinated Paraffins (C14-17) Total,NG/G wet,,,NLET,B_ChlorinatedAlkanes_MC_Biota
991,66800,Walleye,Sander,vitreus,38.5,482.8,F,ADS,1.0,2022-08-28,2022,St. Lawrence River,St. Lawrence River,46.67158889,-71.78784722,QC,WHA,13C12-Beta-Hexabromocyclododecane,63.7,,1,2026-02-04,Chlorinated Alkane,Chlorinated alkane surrogate,13C12-Beta-Hexabromocyclododecane,PCT,,,NLET,B_ChlorinatedAlkanes_MC_Biota
992,66800,Walleye,Sander,vitreus,38.5,482.8,F,ADS,1.0,2022-08-28,2022,St. Lawrence River,St. Lawrence River,46.67158889,-71.78784722,QC,WHA,"Chlorinated Alkanes, LC (C18-C20), Total",4.36,ND,1,2026-02-04,Chlorinated Alkane,"Long Chain Chlorinated Alkanes (C18-C20), Total","Long Chain Chlorinated Alkanes (C18-C20), Total",NG/G wet,,,NLET,B_ChlorinatedAlkanes_MC_Biota
993,66800,Walleye,Sander,vitreus,38.5,482.8,F,ADS,1.0,2022-08-28,2022,St. Lawrence River,St. Lawrence River,46.67158889,-71.78784722,QC,WHA,"Chlorinated Alkanes, MC (C14-C17), Total",3.76,ND,1,2026-02-04,Chlorinated Alkane,Medium Chain Chlorinated Paraffins (C14-17) Total,Medium Chain Chlorinated Paraffins (C14-17) Total,NG/G wet,,,NLET,B_ChlorinatedAlkanes_MC_Biota
994,66806,Walleye,Sander,vitreus,38.2,602.8,M,ADS,1.0,2022-08-28,2022,St. Lawrence River,St. Lawrence River,46.67158889,-71.78784722,QC,WHA,13C12-Beta-Hexabromocyclododecane,65.6,,1,2026-02-04,Chlorinated Alkane,Chlorinated alkane surrogate,13C12-Beta-Hexabromocyclododecane,PCT,,,NLET,B_ChlorinatedAlkanes_MC_Biota
995,66806,Walleye,Sander,vitreus,38.2,602.8,M,ADS,1.0,2022-08-28,2022,St. Lawrence River,St. Lawrence River,46.67158889,-71.78784722,QC,WHA,"Chlorinated Alkanes, LC (C18-C20), Total",4.13,ND,1,2026-02-04,Chlorinated Alkane,"Long Chain Chlorinated Alkanes (C18-C20), Total","Long Chain Chlorinated Alkanes (C18-C20), Total",NG/G wet,,,NLET,B_ChlorinatedAlkanes_MC_Biota
996,66806,Walleye,Sander,vitreus,38.2,602.8,M,ADS,1.0,2022-08-28,2022,St. Lawrence River,St. Lawrence River,46.67158889,-71.78784722,QC,WHA,"Chlorinated Alkanes, MC (C14-C17), Total",3.56,ND,1,2026-02-04,Chlorinated Alkane,Medium Chain Chlorinated Paraffins (C14-17) Total,Medium Chain Chlorinated Paraffins (C14-17) Total,NG/G wet,,,NLET,B_ChlorinatedAlkanes_MC_Biota
997,67362,Walleye,Sander,vitreus,42.0,577.2,M,ADS,1.0,2023-06-15,2023,Lake Winnipeg,Lake Winnipeg South Basin,50.834617,-96.858125,MB,WHA,"13C10-1,5,5,6,6,10-hexachlorodecane",138.0,,1,2025-09-17,Chlorinated Alkane,"13C10-1,5,5,6,6,10-hexachlorodecane","13C10-1,5,5,6,6,10-hexachlorodecane",PCT,,,NLET,B_ChlorinatedAlkanes_ISO
998,67362,Walleye,Sander,vitreus,42.0,577.2,M,ADS,1.0,2023-06-15,2023,Lake Winnipeg,Lake Winnipeg South Basin,50.834617,-96.858125,MB,WHA,"Chlorinated Alkanes, SC (C10-C13), Total",50.0,BDL,1,2025-09-17,Chlorinated Alkane,Short Chain Chlorinated Alkanes (C10-13) Total,Total Short Chain Chlorinated Alkanes (C10-13),NG/G wet,5.0,,NLET,B_ChlorinatedAlkanes_ISO
999,67362,Walleye,Sander,vitreus,42.0,577.2,M,ADS,1.0,2023-06-15,2023,Lake Winnipeg,Lake Winnipeg South Basin,50.834617,-96.858125,MB,WHA,13C12-Beta-Hexabromocyclododecane,64.5,,1,2026-02-20,Chlorinated Alkane,Chlorinated alkane surrogate,13C12-Beta-Hexabromocyclododecane,PCT,,,NLET,B_ChlorinatedAlkanes_MC_Biota
1000,67362,Walleye,Sander,vitreus,42.0,577.2,M,ADS,1.0,2023-06-15,2023,Lake Winnipeg,Lake Winnipeg South Basin,50.834617,-96.858125,MB,WHA,"Chlorinated Alkanes, LC (C18-C20), Total",4.4,ND,1,2026-02-20,Chlorinated Alkane,"Long Chain Chlorinated Alkanes (C18-C20), Total","Long Chain Chlorinated Alkanes (C18-C20), Total",NG/G wet,,,NLET,B_ChlorinatedAlkanes_MC_Biota
1001,67362,Walleye,Sander,vitreus,42.0,577.2,M,ADS,1.0,2023-06-15,2023,Lake Winnipeg,Lake Winnipeg South Basin,50.834617,-96.858125,MB,WHA,"Chlorinated Alkanes, MC (C14-C17), Total",3.8,ND,1,2026-02-20,Chlorinated Alkane,Medium Chain Chlorinated Paraffins (C14-17) Total,Medium Chain Chlorinated Paraffins (C14-17) Total,NG/G wet,,,NLET,B_ChlorinatedAlkanes_MC_Biota
1002,67363,Walleye,Sander,vitreus,39.0,568.7,M,ADS,1.0,2023-06-15,2023,Lake Winnipeg,Lake Winnipeg South Basin,50.834617,-96.858125,MB,WHA,"13C10-1,5,5,6,6,10-hexachlorodecane",141.0,,1,2025-09-17,Chlorinated Alkane,"13C10-1,5,5,6,6,10-hexachlorodecane","13C10-1,5,5,6,6,10-hexachlorodecane",PCT,,,NLET,B_ChlorinatedAlkanes_ISO
1003,67363,Walleye,Sander,vitreus,39.0,568.7,M,ADS,1.0,2023-06-15,2023,Lake Winnipeg,Lake Winnipeg South Basin,50.834617,-96.858125,MB,WHA,"Chlorinated Alkanes, SC (C10-C13), Total",50.0,BDL,1,2025-09-17,Chlorinated Alkane,Short Chain Chlorinated Alkanes (C10-13) Total,Total Short Chain Chlorinated Alkanes (C10-13),NG/G wet,5.0,,NLET,B_ChlorinatedAlkanes_ISO
1004,67363,Walleye,Sander,vitreus,39.0,568.7,M,ADS,1.0,2023-06-15,2023,Lake Winnipeg,Lake Winnipeg South Basin,50.834617,-96.858125,MB,WHA,13C12-Beta-Hexabromocyclododecane,63.7,,1,2026-02-20,Chlorinated Alkane,Chlorinated alkane surrogate,13C12-Beta-Hexabromocyclododecane,PCT,,,NLET,B_ChlorinatedAlkanes_MC_Biota
1005,67363,Walleye,Sander,vitreus,39.0,568.7,M,ADS,1.0,2023-06-15,2023,Lake Winnipeg,Lake Winnipeg South Basin,50.834617,-96.858125,MB,WHA,13C12-Beta-Hexabromocyclododecane,64.2,,2,2026-02-20,Chlorinated Alkane,Chlorinated alkane surrogate,13C12-Beta-Hexabromocyclododecane,PCT,,,NLET,B_ChlorinatedAlkanes_MC_Biota
1006,67363,Walleye,Sander,vitreus,39.0,568.7,M,ADS,1.0,2023-06-15,2023,Lake Winnipeg,Lake Winnipeg South Basin,50.834617,-96.858125,MB,WHA,"Chlorinated Alkanes, LC (C18-C20), Total",4.38,ND,1,2026-02-20,Chlorinated Alkane,"Long Chain Chlorinated Alkanes (C18-C20), Total","Long Chain Chlorinated Alkanes (C18-C20), Total",NG/G wet,,,NLET,B_ChlorinatedAlkanes_MC_Biota
1007,67363,Walleye,Sander,vitreus,39.0,568.7,M,ADS,1.0,2023-06-15,2023,Lake Winnipeg,Lake Winnipeg South Basin,50.834617,-96.858125,MB,WHA,"Chlorinated Alkanes, LC (C18-C20), Total",3.87,ND,2,2026-02-20,Chlorinated Alkane,"Long Chain Chlorinated Alkanes (C18-C20), Total","Long Chain Chlorinated Alkanes (C18-C20), Total",NG/G wet,,,NLET,B_ChlorinatedAlkanes_MC_Biota
1008,67363,Walleye,Sander,vitreus,39.0,568.7,M,ADS,1.0,2023-06-15,2023,Lake Winnipeg,Lake Winnipeg South Basin,50.834617,-96.858125,MB,WHA,"Chlorinated Alkanes, MC (C14-C17), Total",3.78,ND,1,2026-02-20,Chlorinated Alkane,Medium Chain Chlorinated Paraffins (C14-17) Total,Medium Chain Chlorinated Paraffins (C14-17) Total,NG/G wet,,,NLET,B_ChlorinatedAlkanes_MC_Biota
1009,67363,Walleye,Sander,vitreus,39.0,568.7,M,ADS,1.0,2023-06-15,2023,Lake Winnipeg,Lake Winnipeg South Basin,50.834617,-96.858125,MB,WHA,"Chlorinated Alkanes, MC (C14-C17), Total",3.34,ND,2,2026-02-20,Chlorinated Alkane,Medium Chain Chlorinated Paraffins (C14-17) Total,Medium Chain Chlorinated Paraffins (C14-17) Total,NG/G wet,,,NLET,B_ChlorinatedAlkanes_MC_Biota
1010,67364,Walleye,Sander,vitreus,41.2,604.1,F,ADS,1.0,2023-06-15,2023,Lake Winnipeg,Lake Winnipeg South Basin,50.834617,-96.858125,MB,WHA,"13C10-1,5,5,6,6,10-hexachlorodecane",152.0,,1,2025-09-17,Chlorinated Alkane,"13C10-1,5,5,6,6,10-hexachlorodecane","13C10-1,5,5,6,6,10-hexachlorodecane",PCT,,,NLET,B_ChlorinatedAlkanes_ISO
1011,67364,Walleye,Sander,vitreus,41.2,604.1,F,ADS,1.0,2023-06-15,2023,Lake Winnipeg,Lake Winnipeg South Basin,50.834617,-96.858125,MB,WHA,"Chlorinated Alkanes, SC (C10-C13), Total",50.0,BDL,1,2025-09-17,Chlorinated Alkane,Short Chain Chlorinated Alkanes (C10-13) Total,Total Short Chain Chlorinated Alkanes (C10-13),NG/G wet,5.0,,NLET,B_ChlorinatedAlkanes_ISO
1012,67364,Walleye,Sander,vitreus,41.2,604.1,F,ADS,1.0,2023-06-15,2023,Lake Winnipeg,Lake Winnipeg South Basin,50.834617,-96.858125,MB,WHA,13C12-Beta-Hexabromocyclododecane,56.7,,1,2026-02-20,Chlorinated Alkane,Chlorinated alkane surrogate,13C12-Beta-Hexabromocyclododecane,PCT,,,NLET,B_ChlorinatedAlkanes_MC_Biota
1013,67364,Walleye,Sander,vitreus,41.2,604.1,F,ADS,1.0,2023-06-15,2023,Lake Winnipeg,Lake Winnipeg South Basin,50.834617,-96.858125,MB,WHA,"Chlorinated Alkanes, LC (C18-C20), Total",4.11,ND,1,2026-02-20,Chlorinated Alkane,"Long Chain Chlorinated Alkanes (C18-C20), Total","Long Chain Chlorinated Alkanes (C18-C20), Total",NG/G wet,,,NLET,B_ChlorinatedAlkanes_MC_Biota
1014,67364,Walleye,Sander,vitreus,41.2,604.1,F,ADS,1.0,2023-06-15,2023,Lake Winnipeg,Lake Winnipeg South Basin,50.834617,-96.858125,MB,WHA,"Chlorinated Alkanes, MC (C14-C17), Total",3.55,ND,1,2026-02-20,Chlorinated Alkane,Medium Chain Chlorinated Paraffins (C14-17) Total,Medium Chain Chlorinated Paraffins (C14-17) Total,NG/G wet,,,NLET,B_ChlorinatedAlkanes_MC_Biota
1015,67365,Walleye,Sander,vitreus,39.0,490.0,M,,,2023-06-15,2023,Lake Winnipeg,Lake Winnipeg South Basin,50.834617,-96.858125,MB,WHA,"13C10-1,5,5,6,6,10-hexachlorodecane",139.0,,1,2025-09-17,Chlorinated Alkane,"13C10-1,5,5,6,6,10-hexachlorodecane","13C10-1,5,5,6,6,10-hexachlorodecane",PCT,,,NLET,B_ChlorinatedAlkanes_ISO
1016,67365,Walleye,Sander,vitreus,39.0,490.0,M,,,2023-06-15,2023,Lake Winnipeg,Lake Winnipeg South Basin,50.834617,-96.858125,MB,WHA,"Chlorinated Alkanes, SC (C10-C13), Total",50.0,BDL,1,2025-09-17,Chlorinated Alkane,Short Chain Chlorinated Alkanes (C10-13) Total,Total Short Chain Chlorinated Alkanes (C10-13),NG/G wet,5.0,,NLET,B_ChlorinatedAlkanes_ISO
1017,67365,Walleye,Sander,vitreus,39.0,490.0,M,,,2023-06-15,2023,Lake Winnipeg,Lake Winnipeg South Basin,50.834617,-96.858125,MB,WHA,13C12-Beta-Hexabromocyclododecane,68.5,,1,2026-02-20,Chlorinated Alkane,Chlorinated alkane surrogate,13C12-Beta-Hexabromocyclododecane,PCT,,,NLET,B_ChlorinatedAlkanes_MC_Biota
1018,67365,Walleye,Sander,vitreus,39.0,490.0,M,,,2023-06-15,2023,Lake Winnipeg,Lake Winnipeg South Basin,50.834617,-96.858125,MB,WHA,"Chlorinated Alkanes, LC (C18-C20), Total",4.41,ND,1,2026-02-20,Chlorinated Alkane,"Long Chain Chlorinated Alkanes (C18-C20), Total","Long Chain Chlorinated Alkanes (C18-C20), Total",NG/G wet,,,NLET,B_ChlorinatedAlkanes_MC_Biota
1019,67365,Walleye,Sander,vitreus,39.0,490.0,M,,,2023-06-15,2023,Lake Winnipeg,Lake Winnipeg South Basin,50.834617,-96.858125,MB,WHA,"Chlorinated Alkanes, MC (C14-C17), Total",5.25,,1,2026-02-20,Chlorinated Alkane,Medium Chain Chlorinated Paraffins (C14-17) Total,Medium Chain Chlorinated Paraffins (C14-17) Total,NG/G wet,,,NLET,B_ChlorinatedAlkanes_MC_Biota
1020,67366,Walleye,Sander,vitreus,39.1,483.1,M,,,2023-06-15,2023,Lake Winnipeg,Lake Winnipeg South Basin,50.834617,-96.858125,MB,WHA,"13C10-1,5,5,6,6,10-hexachlorodecane",136.0,,1,2025-09-17,Chlorinated Alkane,"13C10-1,5,5,6,6,10-hexachlorodecane","13C10-1,5,5,6,6,10-hexachlorodecane",PCT,,,NLET,B_ChlorinatedAlkanes_ISO
1021,67366,Walleye,Sander,vitreus,39.1,483.1,M,,,2023-06-15,2023,Lake Winnipeg,Lake Winnipeg South Basin,50.834617,-96.858125,MB,WHA,"Chlorinated Alkanes, SC (C10-C13), Total",50.0,BDL,1,2025-09-17,Chlorinated Alkane,Short Chain Chlorinated Alkanes (C10-13) Total,Total Short Chain Chlorinated Alkanes (C10-13),NG/G wet,5.0,,NLET,B_ChlorinatedAlkanes_ISO
1022,67366,Walleye,Sander,vitreus,39.1,483.1,M,,,2023-06-15,2023,Lake Winnipeg,Lake Winnipeg South Basin,50.834617,-96.858125,MB,WHA,13C12-Beta-Hexabromocyclododecane,64.3,,1,2026-02-20,Chlorinated Alkane,Chlorinated alkane surrogate,13C12-Beta-Hexabromocyclododecane,PCT,,,NLET,B_ChlorinatedAlkanes_MC_Biota
1023,67366,Walleye,Sander,vitreus,39.1,483.1,M,,,2023-06-15,2023,Lake Winnipeg,Lake Winnipeg South Basin,50.834617,-96.858125,MB,WHA,"Chlorinated Alkanes, LC (C18-C20), Total",4.05,ND,1,2026-02-20,Chlorinated Alkane,"Long Chain Chlorinated Alkanes (C18-C20), Total","Long Chain Chlorinated Alkanes (C18-C20), Total",NG/G wet,,,NLET,B_ChlorinatedAlkanes_MC_Biota
1024,67366,Walleye,Sander,vitreus,39.1,483.1,M,,,2023-06-15,2023,Lake Winnipeg,Lake Winnipeg South Basin,50.834617,-96.858125,MB,WHA,"Chlorinated Alkanes, MC (C14-C17), Total",3.5,ND,1,2026-02-20,Chlorinated Alkane,Medium Chain Chlorinated Paraffins (C14-17) Total,Medium Chain Chlorinated Paraffins (C14-17) Total,NG/G wet,,,NLET,B_ChlorinatedAlkanes_MC_Biota
1025,67535,Walleye,Sander,vitreus,48.0,907.5,F,,1.0,2024-05-14,2024,Lake Erie,Western Basin L Erie,41.8611,-82.83361,ON,WHA,13C12-Beta-Hexabromocyclododecane,62.4,,1,2026-02-20,Chlorinated Alkane,Chlorinated alkane surrogate,13C12-Beta-Hexabromocyclododecane,PCT,,,NLET,B_ChlorinatedAlkanes_MC_Biota
1026,67535,Walleye,Sander,vitreus,48.0,907.5,F,,1.0,2024-05-14,2024,Lake Erie,Western Basin L Erie,41.8611,-82.83361,ON,WHA,"Chlorinated Alkanes, LC (C18-C20), Total",4.31,ND,1,2026-02-20,Chlorinated Alkane,"Long Chain Chlorinated Alkanes (C18-C20), Total","Long Chain Chlorinated Alkanes (C18-C20), Total",NG/G wet,,,NLET,B_ChlorinatedAlkanes_MC_Biota
1027,67535,Walleye,Sander,vitreus,48.0,907.5,F,,1.0,2024-05-14,2024,Lake Erie,Western Basin L Erie,41.8611,-82.83361,ON,WHA,"Chlorinated Alkanes, MC (C14-C17), Total",5.16,,1,2026-02-20,Chlorinated Alkane,Medium Chain Chlorinated Paraffins (C14-17) Total,Medium Chain Chlorinated Paraffins (C14-17) Total,NG/G wet,,,NLET,B_ChlorinatedAlkanes_MC_Biota
1028,67537,Walleye,Sander,vitreus,45.0,897.1,F,,1.0,2024-05-14,2024,Lake Erie,Western Basin L Erie,41.8611,-82.83361,ON,WHA,13C12-Beta-Hexabromocyclododecane,64.8,,1,2026-02-20,Chlorinated Alkane,Chlorinated alkane surrogate,13C12-Beta-Hexabromocyclododecane,PCT,,,NLET,B_ChlorinatedAlkanes_MC_Biota
1029,67537,Walleye,Sander,vitreus,45.0,897.1,F,,1.0,2024-05-14,2024,Lake Erie,Western Basin L Erie,41.8611,-82.83361,ON,WHA,"Chlorinated Alkanes, LC (C18-C20), Total",4.33,ND,1,2026-02-20,Chlorinated Alkane,"Long Chain Chlorinated Alkanes (C18-C20), Total","Long Chain Chlorinated Alkanes (C18-C20), Total",NG/G wet,,,NLET,B_ChlorinatedAlkanes_MC_Biota
1030,67537,Walleye,Sander,vitreus,45.0,897.1,F,,1.0,2024-05-14,2024,Lake Erie,Western Basin L Erie,41.8611,-82.83361,ON,WHA,"Chlorinated Alkanes, MC (C14-C17), Total",3.73,ND,1,2026-02-20,Chlorinated Alkane,Medium Chain Chlorinated Paraffins (C14-17) Total,Medium Chain Chlorinated Paraffins (C14-17) Total,NG/G wet,,,NLET,B_ChlorinatedAlkanes_MC_Biota
1031,67539,Walleye,Sander,vitreus,45.5,817.1,F,,1.0,2024-05-14,2024,Lake Erie,Western Basin L Erie,41.8611,-82.83361,ON,WHA,13C12-Beta-Hexabromocyclododecane,59.2,,1,2026-02-20,Chlorinated Alkane,Chlorinated alkane surrogate,13C12-Beta-Hexabromocyclododecane,PCT,,,NLET,B_ChlorinatedAlkanes_MC_Biota
1032,67539,Walleye,Sander,vitreus,45.5,817.1,F,,1.0,2024-05-14,2024,Lake Erie,Western Basin L Erie,41.8611,-82.83361,ON,WHA,"Chlorinated Alkanes, LC (C18-C20), Total",4.35,ND,1,2026-02-20,Chlorinated Alkane,"Long Chain Chlorinated Alkanes (C18-C20), Total","Long Chain Chlorinated Alkanes (C18-C20), Total",NG/G wet,,,NLET,B_ChlorinatedAlkanes_MC_Biota
1033,67539,Walleye,Sander,vitreus,45.5,817.1,F,,1.0,2024-05-14,2024,Lake Erie,Western Basin L Erie,41.8611,-82.83361,ON,WHA,"Chlorinated Alkanes, MC (C14-C17), Total",3.75,ND,1,2026-02-20,Chlorinated Alkane,Medium Chain Chlorinated Paraffins (C14-17) Total,Medium Chain Chlorinated Paraffins (C14-17) Total,NG/G wet,,,NLET,B_ChlorinatedAlkanes_MC_Biota
1034,67541,Walleye,Sander,vitreus,44.0,1003.8,F,,1.0,2024-05-14,2024,Lake Erie,Western Basin L Erie,41.8611,-82.83361,ON,WHA,13C12-Beta-Hexabromocyclododecane,76.3,,1,2026-02-20,Chlorinated Alkane,Chlorinated alkane surrogate,13C12-Beta-Hexabromocyclododecane,PCT,,,NLET,B_ChlorinatedAlkanes_MC_Biota
1035,67541,Walleye,Sander,vitreus,44.0,1003.8,F,,1.0,2024-05-14,2024,Lake Erie,Western Basin L Erie,41.8611,-82.83361,ON,WHA,"Chlorinated Alkanes, LC (C18-C20), Total",4.06,ND,1,2026-02-20,Chlorinated Alkane,"Long Chain Chlorinated Alkanes (C18-C20), Total","Long Chain Chlorinated Alkanes (C18-C20), Total",NG/G wet,,,NLET,B_ChlorinatedAlkanes_MC_Biota
1036,67541,Walleye,Sander,vitreus,44.0,1003.8,F,,1.0,2024-05-14,2024,Lake Erie,Western Basin L Erie,41.8611,-82.83361,ON,WHA,"Chlorinated Alkanes, MC (C14-C17), Total",3.5,ND,1,2026-02-20,Chlorinated Alkane,Medium Chain Chlorinated Paraffins (C14-17) Total,Medium Chain Chlorinated Paraffins (C14-17) Total,NG/G wet,,,NLET,B_ChlorinatedAlkanes_MC_Biota
1037,67551,Walleye,Sander,vitreus,44.0,861.4,F,,1.0,2024-05-14,2024,Lake Erie,Western Basin L Erie,41.8611,-82.83361,ON,WHA,13C12-Beta-Hexabromocyclododecane,67.6,,1,2026-02-20,Chlorinated Alkane,Chlorinated alkane surrogate,13C12-Beta-Hexabromocyclododecane,PCT,,,NLET,B_ChlorinatedAlkanes_MC_Biota
1038,67551,Walleye,Sander,vitreus,44.0,861.4,F,,1.0,2024-05-14,2024,Lake Erie,Western Basin L Erie,41.8611,-82.83361,ON,WHA,"Chlorinated Alkanes, LC (C18-C20), Total",4.07,ND,1,2026-02-20,Chlorinated Alkane,"Long Chain Chlorinated Alkanes (C18-C20), Total","Long Chain Chlorinated Alkanes (C18-C20), Total",NG/G wet,,,NLET,B_ChlorinatedAlkanes_MC_Biota
1039,67551,Walleye,Sander,vitreus,44.0,861.4,F,,1.0,2024-05-14,2024,Lake Erie,Western Basin L Erie,41.8611,-82.83361,ON,WHA,"Chlorinated Alkanes, MC (C14-C17), Total",3.51,ND,1,2026-02-20,Chlorinated Alkane,Medium Chain Chlorinated Paraffins (C14-17) Total,Medium Chain Chlorinated Paraffins (C14-17) Total,NG/G wet,,,NLET,B_ChlorinatedAlkanes_MC_Biota
