CSP_No,Common_Name,Genus,Species,Total Length (cm),Total Weight (g),Sex_Code,Maturity_Code,Composite_Count,Collection_Date,Collection_Year,Waterbody,Basin/Site,Latitude,Longitude,Province/State,Tissue_Code,Parameter_Code,Value,Value_Flag,Rep,Measurement_Date,Parameter_Group,Master_Parameter_Name,Parameter_name,Unit_Code,LOD,MDL - typical,Laboratory,Method_Code
56773,Brook Trout,Salvelinus,fontinalis,22,101.8,M,ADS,1,2010-09-11,2010,Kejimkujik Lake,Kejimkujik Lake Basin,44.361306,-65.230333,NS,RWHA,Total_MCCP,3.86366,,1,,Chlorinated Alkane,Medium Chain Chlorinated Paraffins (C14-17) Total,Total Medium Chain Chlorinated Paraffins (C14-17),NG/G wet,0.345,,EC-Basconcillo,
56773,Brook Trout,Salvelinus,fontinalis,22,101.8,M,ADS,1,2010-09-11,2010,Kejimkujik Lake,Kejimkujik Lake Basin,44.361306,-65.230333,NS,RWHA,Total_SCCP,6.22863,,1,,Chlorinated Alkane,Short Chain Chlorinated Alkanes (C10-13) Total,Total Short Chain Chlorinated Alkanes (C10-13),NG/G wet,0.009,,EC-Basconcillo,
56774,Brook Trout,Salvelinus,fontinalis,26.8,178.7,M,ADS,1,2010-09-11,2010,Kejimkujik Lake,Kejimkujik Lake Basin,44.361306,-65.230333,NS,RWHA,Total_MCCP,2.59354,,1,,Chlorinated Alkane,Medium Chain Chlorinated Paraffins (C14-17) Total,Total Medium Chain Chlorinated Paraffins (C14-17),NG/G wet,0.345,,EC-Basconcillo,
56774,Brook Trout,Salvelinus,fontinalis,26.8,178.7,M,ADS,1,2010-09-11,2010,Kejimkujik Lake,Kejimkujik Lake Basin,44.361306,-65.230333,NS,RWHA,Total_SCCP,2.02944,,1,,Chlorinated Alkane,Short Chain Chlorinated Alkanes (C10-13) Total,Total Short Chain Chlorinated Alkanes (C10-13),NG/G wet,0.009,,EC-Basconcillo,
56776,Brook Trout,Salvelinus,fontinalis,27.7,182.8,F,ADS,1,2010-09-11,2010,Kejimkujik Lake,Kejimkujik Lake Basin,44.361306,-65.230333,NS,RWHA,Total_SCCP,1.37845,,1,,Chlorinated Alkane,Short Chain Chlorinated Alkanes (C10-13) Total,Total Short Chain Chlorinated Alkanes (C10-13),NG/G wet,0.009,,EC-Basconcillo,
56777,Brook Trout,Salvelinus,fontinalis,26.5,167.6,F,ADS,1,2010-09-11,2010,Kejimkujik Lake,Kejimkujik Lake Basin,44.361306,-65.230333,NS,RWHA,Total_MCCP,1.87329,,1,,Chlorinated Alkane,Medium Chain Chlorinated Paraffins (C14-17) Total,Total Medium Chain Chlorinated Paraffins (C14-17),NG/G wet,0.345,,EC-Basconcillo,
56777,Brook Trout,Salvelinus,fontinalis,26.5,167.6,F,ADS,1,2010-09-11,2010,Kejimkujik Lake,Kejimkujik Lake Basin,44.361306,-65.230333,NS,RWHA,Total_SCCP,9.30065,,1,,Chlorinated Alkane,Short Chain Chlorinated Alkanes (C10-13) Total,Total Short Chain Chlorinated Alkanes (C10-13),NG/G wet,0.009,,EC-Basconcillo,
56779,Brook Trout,Salvelinus,fontinalis,26.8,203.8,F,ADS,1,2010-09-11,2010,Kejimkujik Lake,Kejimkujik Lake Basin,44.320078,-65.190325,NS,RWHA,Total_MCCP,8.83859,,1,,Chlorinated Alkane,Medium Chain Chlorinated Paraffins (C14-17) Total,Total Medium Chain Chlorinated Paraffins (C14-17),NG/G wet,0.345,,EC-Basconcillo,
56779,Brook Trout,Salvelinus,fontinalis,26.8,203.8,F,ADS,1,2010-09-11,2010,Kejimkujik Lake,Kejimkujik Lake Basin,44.320078,-65.190325,NS,RWHA,Total_SCCP,17.83275,,1,,Chlorinated Alkane,Short Chain Chlorinated Alkanes (C10-13) Total,Total Short Chain Chlorinated Alkanes (C10-13),NG/G wet,0.009,,EC-Basconcillo,
56780,Brook Trout,Salvelinus,fontinalis,29.7,247.2,M,ADS,1,2010-09-11,2010,Kejimkujik Lake,Kejimkujik Lake Basin,44.320078,-65.190325,NS,RWHA,Total_MCCP,14.06205,,1,,Chlorinated Alkane,Medium Chain Chlorinated Paraffins (C14-17) Total,Total Medium Chain Chlorinated Paraffins (C14-17),NG/G wet,0.345,,EC-Basconcillo,
56780,Brook Trout,Salvelinus,fontinalis,29.7,247.2,M,ADS,1,2010-09-11,2010,Kejimkujik Lake,Kejimkujik Lake Basin,44.320078,-65.190325,NS,RWHA,Total_SCCP,27.80871,,1,,Chlorinated Alkane,Short Chain Chlorinated Alkanes (C10-13) Total,Total Short Chain Chlorinated Alkanes (C10-13),NG/G wet,0.009,,EC-Basconcillo,
56781,Brook Trout,Salvelinus,fontinalis,32.4,318.1,F,ADS,1,2010-09-11,2010,Kejimkujik Lake,Kejimkujik Lake Basin,44.320078,-65.190325,NS,RWHA,Total_MCCP,1.67194,,1,,Chlorinated Alkane,Medium Chain Chlorinated Paraffins (C14-17) Total,Total Medium Chain Chlorinated Paraffins (C14-17),NG/G wet,0.345,,EC-Basconcillo,
56781,Brook Trout,Salvelinus,fontinalis,32.4,318.1,F,ADS,1,2010-09-11,2010,Kejimkujik Lake,Kejimkujik Lake Basin,44.320078,-65.190325,NS,RWHA,Total_SCCP,10.6405,,1,,Chlorinated Alkane,Short Chain Chlorinated Alkanes (C10-13) Total,Total Short Chain Chlorinated Alkanes (C10-13),NG/G wet,0.009,,EC-Basconcillo,
56782,Brook Trout,Salvelinus,fontinalis,27.8,231.1,F,ADS,1,2010-09-11,2010,Kejimkujik Lake,Kejimkujik Lake Basin,44.361306,-65.230333,NS,RWHA,Total_MCCP,1.25647,,1,,Chlorinated Alkane,Medium Chain Chlorinated Paraffins (C14-17) Total,Total Medium Chain Chlorinated Paraffins (C14-17),NG/G wet,0.345,,EC-Basconcillo,
56782,Brook Trout,Salvelinus,fontinalis,27.8,231.1,F,ADS,1,2010-09-11,2010,Kejimkujik Lake,Kejimkujik Lake Basin,44.361306,-65.230333,NS,RWHA,Total_SCCP,4.47392,,1,,Chlorinated Alkane,Short Chain Chlorinated Alkanes (C10-13) Total,Total Short Chain Chlorinated Alkanes (C10-13),NG/G wet,0.009,,EC-Basconcillo,
56784,Brook Trout,Salvelinus,fontinalis,30,319,F,ADS,1,2010-09-11,2010,Kejimkujik Lake,Kejimkujik Lake Basin,44.361306,-65.230333,NS,RWHA,Total_MCCP,7.29947,,1,,Chlorinated Alkane,Medium Chain Chlorinated Paraffins (C14-17) Total,Total Medium Chain Chlorinated Paraffins (C14-17),NG/G wet,0.345,,EC-Basconcillo,
56784,Brook Trout,Salvelinus,fontinalis,30,319,F,ADS,1,2010-09-11,2010,Kejimkujik Lake,Kejimkujik Lake Basin,44.361306,-65.230333,NS,RWHA,Total_SCCP,10.5298,,1,,Chlorinated Alkane,Short Chain Chlorinated Alkanes (C10-13) Total,Total Short Chain Chlorinated Alkanes (C10-13),NG/G wet,0.009,,EC-Basconcillo,
56785,Brook Trout,Salvelinus,fontinalis,33,405.8,F,ADS,1,2010-09-11,2010,Kejimkujik Lake,Kejimkujik Lake Basin,44.361306,-65.230333,NS,RWHA,Total_SCCP,16.57913,,1,,Chlorinated Alkane,Short Chain Chlorinated Alkanes (C10-13) Total,Total Short Chain Chlorinated Alkanes (C10-13),NG/G wet,0.009,,EC-Basconcillo,
60799,Brook Trout,Salvelinus,fontinalis,39,591,F,ADS,1,2013-09-30,2013,Kejimkujik Lake,Kejimkujik Lake Basin,44.40583,-65.22583,NS,WHA,"13C10-1,5,5,6,6,10-hexachlorodecane",94.6,,1,2018-04-03,Chlorinated Alkane,"13C10-1,5,5,6,6,10-hexachlorodecane","13C10-1,5,5,6,6,10-hexachlorodecane",PCT,,,NLET,B_ChlorinatedAlkanes_ISO
60799,Brook Trout,Salvelinus,fontinalis,39,591,F,ADS,1,2013-09-30,2013,Kejimkujik Lake,Kejimkujik Lake Basin,44.40583,-65.22583,NS,WHA,"Chlorinated Alkanes, SC (C10-C13), Total",5,BDL,1,2018-04-03,Chlorinated Alkane,Short Chain Chlorinated Alkanes (C10-13) Total,Total Short Chain Chlorinated Alkanes (C10-13),NG/G wet,5,,NLET,B_ChlorinatedAlkanes_ISO
60800,Brook Trout,Salvelinus,fontinalis,32,235,F,ADS,1,2013-09-30,2013,Kejimkujik Lake,Kejimkujik Lake Basin,44.40583,-65.22583,NS,WHA,"13C10-1,5,5,6,6,10-hexachlorodecane",79.7,,1,2018-02-06,Chlorinated Alkane,"13C10-1,5,5,6,6,10-hexachlorodecane","13C10-1,5,5,6,6,10-hexachlorodecane",PCT,,,NLET,B_ChlorinatedAlkanes_ISO
60800,Brook Trout,Salvelinus,fontinalis,32,235,F,ADS,1,2013-09-30,2013,Kejimkujik Lake,Kejimkujik Lake Basin,44.40583,-65.22583,NS,WHA,"Chlorinated Alkanes, SC (C10-C13), Total",5,BDL,1,2018-02-06,Chlorinated Alkane,Short Chain Chlorinated Alkanes (C10-13) Total,Total Short Chain Chlorinated Alkanes (C10-13),NG/G wet,5,,NLET,B_ChlorinatedAlkanes_ISO
60801,Brook Trout,Salvelinus,fontinalis,29,211.6,M,ADS,1,2013-09-30,2013,Kejimkujik Lake,Kejimkujik Lake Basin,44.40583,-65.22583,NS,WHA,"13C10-1,5,5,6,6,10-hexachlorodecane      ",145,,1,2018-09-12,Chlorinated Alkane,"13C10-1,5,5,6,6,10-hexachlorodecane","13C10-1,5,5,6,6,10-hexachlorodecane",PCT,,,NLET,B_ChlorinatedAlkanes_ISO
60801,Brook Trout,Salvelinus,fontinalis,29,211.6,M,ADS,1,2013-09-30,2013,Kejimkujik Lake,Kejimkujik Lake Basin,44.40583,-65.22583,NS,WHA,"Chlorinated Alkanes, SC (C10-C13), Total ",19.9,,1,2018-09-12,Chlorinated Alkane,Short Chain Chlorinated Alkanes (C10-13) Total,Total Short Chain Chlorinated Alkanes (C10-13),NG/G wet,5,,NLET,B_ChlorinatedAlkanes_ISO
60802,Brook Trout,Salvelinus,fontinalis,27,153.3,M,IMM,1,2013-09-30,2013,Kejimkujik Lake,Kejimkujik Lake Basin,44.40583,-65.22583,NS,WHA,"13C10-1,5,5,6,6,10-hexachlorodecane      ",112,,1,2018-09-12,Chlorinated Alkane,"13C10-1,5,5,6,6,10-hexachlorodecane","13C10-1,5,5,6,6,10-hexachlorodecane",PCT,,,NLET,B_ChlorinatedAlkanes_ISO
60802,Brook Trout,Salvelinus,fontinalis,27,153.3,M,IMM,1,2013-09-30,2013,Kejimkujik Lake,Kejimkujik Lake Basin,44.40583,-65.22583,NS,WHA,"Chlorinated Alkanes, SC (C10-C13), Total ",5,BDL,1,2018-09-12,Chlorinated Alkane,Short Chain Chlorinated Alkanes (C10-13) Total,Total Short Chain Chlorinated Alkanes (C10-13),NG/G wet,5,,NLET,B_ChlorinatedAlkanes_ISO
60803,Brook Trout,Salvelinus,fontinalis,24.5,130.8,F,N/A,2,2013-09-30,2013,Kejimkujik Lake,Kejimkujik Lake Basin,44.40583,-65.22583,NS,WHA,"13C10-1,5,5,6,6,10-hexachlorodecane      ",92.4,,1,2018-09-12,Chlorinated Alkane,"13C10-1,5,5,6,6,10-hexachlorodecane","13C10-1,5,5,6,6,10-hexachlorodecane",PCT,,,NLET,B_ChlorinatedAlkanes_ISO
60803,Brook Trout,Salvelinus,fontinalis,24.5,130.8,F,N/A,2,2013-09-30,2013,Kejimkujik Lake,Kejimkujik Lake Basin,44.40583,-65.22583,NS,WHA,"Chlorinated Alkanes, SC (C10-C13), Total ",5,BDL,1,2018-09-12,Chlorinated Alkane,Short Chain Chlorinated Alkanes (C10-13) Total,Total Short Chain Chlorinated Alkanes (C10-13),NG/G wet,5,,NLET,B_ChlorinatedAlkanes_ISO
60804,Brook Trout,Salvelinus,fontinalis,21.8,90.1,N/A,N/A,3,2013-09-30,2013,Kejimkujik Lake,Kejimkujik Lake Basin,44.40583,-65.22583,NS,WHA,"13C10-1,5,5,6,6,10-hexachlorodecane      ",109,,1,2018-09-12,Chlorinated Alkane,"13C10-1,5,5,6,6,10-hexachlorodecane","13C10-1,5,5,6,6,10-hexachlorodecane",PCT,,,NLET,B_ChlorinatedAlkanes_ISO
60804,Brook Trout,Salvelinus,fontinalis,21.8,90.1,N/A,N/A,3,2013-09-30,2013,Kejimkujik Lake,Kejimkujik Lake Basin,44.40583,-65.22583,NS,WHA,"Chlorinated Alkanes, SC (C10-C13), Total ",5,BDL,1,2018-09-12,Chlorinated Alkane,Short Chain Chlorinated Alkanes (C10-13) Total,Total Short Chain Chlorinated Alkanes (C10-13),NG/G wet,5,,NLET,B_ChlorinatedAlkanes_ISO
60805,Brook Trout,Salvelinus,fontinalis,17,54.3,N/A,N/A,3,2013-09-30,2013,Kejimkujik Lake,Kejimkujik Lake Basin,44.40583,-65.22583,NS,WHA,"13C10-1,5,5,6,6,10-hexachlorodecane      ",98.5,,1,2018-09-12,Chlorinated Alkane,"13C10-1,5,5,6,6,10-hexachlorodecane","13C10-1,5,5,6,6,10-hexachlorodecane",PCT,,,NLET,B_ChlorinatedAlkanes_ISO
60805,Brook Trout,Salvelinus,fontinalis,17,54.3,N/A,N/A,3,2013-09-30,2013,Kejimkujik Lake,Kejimkujik Lake Basin,44.40583,-65.22583,NS,WHA,"Chlorinated Alkanes, SC (C10-C13), Total ",17.5,,1,2018-09-12,Chlorinated Alkane,Short Chain Chlorinated Alkanes (C10-13) Total,Total Short Chain Chlorinated Alkanes (C10-13),NG/G wet,5,,NLET,B_ChlorinatedAlkanes_ISO
2319,Lake Trout,Salvelinus,namaycush,56.2,2150,M,ADS,1,1979-07-25,1979,Lake Ontario,Eastern Basin L Ontario,44.08333333,-76.66666667,ON,WHA,Sum_SCCP,262.94961,,1,,Chlorinated Alkane,Short Chain Chlorinated Alkanes (C10-13) Total,Total Short Chain Chlorinated Paraffins,NG/G,,,Freshwater Institute,
2323,Lake Trout,Salvelinus,namaycush,58.8,1983,F,ADS,1,1979-07-25,1979,Lake Ontario,Eastern Basin L Ontario,44.08333333,-76.66666667,ON,WHA,Sum_SCCP,37.716,,1,,Chlorinated Alkane,Short Chain Chlorinated Alkanes (C10-13) Total,Total Short Chain Chlorinated Paraffins,NG/G,,,Freshwater Institute,
2482,Lake Trout,Salvelinus,namaycush,55.5,2602,F,ADS,1,1979-08-01,1979,Lake Ontario,Eastern Basin L Ontario,43.83333333,-76.83333333,ON,WHA,Sum_SCCP,41.6697,,1,,Chlorinated Alkane,Short Chain Chlorinated Alkanes (C10-13) Total,Total Short Chain Chlorinated Paraffins,NG/G,,,Freshwater Institute,
2497,Lake Trout,Salvelinus,namaycush,63.2,2836,F,ADS,1,1979-08-01,1979,Lake Ontario,Eastern Basin L Ontario,43.83333333,-76.83333333,ON,WHA,Sum_SCCP,79.71821,,1,,Chlorinated Alkane,Short Chain Chlorinated Alkanes (C10-13) Total,Total Short Chain Chlorinated Paraffins,NG/G,,,Freshwater Institute,
4996,Lake Trout,Salvelinus,namaycush,56,2158.4,M,ADS,1,1983-07-12,1983,Lake Ontario,Eastern Basin L Ontario,44.08333333,-76.66666667,ON,WHA,Sum_SCCP,63.57794,,1,,Chlorinated Alkane,Short Chain Chlorinated Alkanes (C10-13) Total,Total Short Chain Chlorinated Paraffins,NG/G,,,Freshwater Institute,
4997,Lake Trout,Salvelinus,namaycush,56.5,1853,M,ADS,1,1983-07-12,1983,Lake Ontario,Eastern Basin L Ontario,44.08333333,-76.66666667,ON,WHA,Sum_SCCP,157.46604,,1,,Chlorinated Alkane,Short Chain Chlorinated Alkanes (C10-13) Total,Total Short Chain Chlorinated Paraffins,NG/G,,,Freshwater Institute,
5011,Lake Trout,Salvelinus,namaycush,57.5,2157.8,M,ADS,1,1983-07-12,1983,Lake Ontario,Eastern Basin L Ontario,44.08333333,-76.66666667,ON,WHA,Sum_SCCP,59.15955,,1,,Chlorinated Alkane,Short Chain Chlorinated Alkanes (C10-13) Total,Total Short Chain Chlorinated Paraffins,NG/G,,,Freshwater Institute,
5012,Lake Trout,Salvelinus,namaycush,65,2171.9,M,ADS,1,1983-07-12,1983,Lake Ontario,Eastern Basin L Ontario,44.08333333,-76.66666667,ON,WHA,Sum_SCCP,62.95276,,1,,Chlorinated Alkane,Short Chain Chlorinated Alkanes (C10-13) Total,Total Short Chain Chlorinated Paraffins,NG/G,,,Freshwater Institute,
5013,Lake Trout,Salvelinus,namaycush,59,2058.4,F,ADS,1,1983-07-12,1983,Lake Ontario,Eastern Basin L Ontario,44.08333333,-76.66666667,ON,WHA,Sum_SCCP,114.25111,,1,,Chlorinated Alkane,Short Chain Chlorinated Alkanes (C10-13) Total,Total Short Chain Chlorinated Paraffins,NG/G,,,Freshwater Institute,
8609,Lake Trout,Salvelinus,namaycush,57.5,2294.8,F,ADS,1,1988-08-31,1988,Lake Ontario,Eastern Basin L Ontario,44.08333333,-76.66666667,ON,WHA,Sum_SCCP,63.93173,,1,,Chlorinated Alkane,Short Chain Chlorinated Alkanes (C10-13) Total,Total Short Chain Chlorinated Paraffins,NG/G,,,Freshwater Institute,
8629,Lake Trout,Salvelinus,namaycush,58.5,2015.9,M,ADS,1,1988-09-01,1988,Lake Ontario,Eastern Basin L Ontario,44.08333333,-76.66666667,ON,WHA,Sum_SCCP,32.92636,,1,,Chlorinated Alkane,Short Chain Chlorinated Alkanes (C10-13) Total,Total Short Chain Chlorinated Paraffins,NG/G,,,Freshwater Institute,
8635,Lake Trout,Salvelinus,namaycush,56,2039,M,ADS,1,1988-09-01,1988,Lake Ontario,Eastern Basin L Ontario,44.08333333,-76.66666667,ON,WHA,Sum_SCCP,169.12277,,1,,Chlorinated Alkane,Short Chain Chlorinated Alkanes (C10-13) Total,Total Short Chain Chlorinated Paraffins,NG/G,,,Freshwater Institute,
8649,Lake Trout,Salvelinus,namaycush,58,2082.7,M,ADS,1,1988-08-31,1988,Lake Ontario,Eastern Basin L Ontario,44.08333333,-76.66666667,ON,WHA,Sum_SCCP,67.15028,,1,,Chlorinated Alkane,Short Chain Chlorinated Alkanes (C10-13) Total,Total Short Chain Chlorinated Paraffins,NG/G,,,Freshwater Institute,
8652,Lake Trout,Salvelinus,namaycush,59.5,2401.1,M,ADS,1,1988-08-31,1988,Lake Ontario,Eastern Basin L Ontario,44.08333333,-76.66666667,ON,WHA,Sum_SCCP,103.0269,,1,,Chlorinated Alkane,Short Chain Chlorinated Alkanes (C10-13) Total,Total Short Chain Chlorinated Paraffins,NG/G,,,Freshwater Institute,
12026,Lake Trout,Salvelinus,namaycush,59,2246,M,ADS,1,1993-07-08,1993,Lake Ontario,Eastern Basin L Ontario,44.08333333,-76.66666667,ON,WHA,Sum_SCCP,442.49965,,1,,Chlorinated Alkane,Short Chain Chlorinated Alkanes (C10-13) Total,Total Short Chain Chlorinated Paraffins,NG/G,,,Freshwater Institute,
12029,Lake Trout,Salvelinus,namaycush,58,2301,M,ADS,1,1993-07-08,1993,Lake Ontario,Eastern Basin L Ontario,44.08333333,-76.66666667,ON,WHA,Sum_SCCP,95.00732,,1,,Chlorinated Alkane,Short Chain Chlorinated Alkanes (C10-13) Total,Total Short Chain Chlorinated Paraffins,NG/G,,,Freshwater Institute,
12037,Lake Trout,Salvelinus,namaycush,59,2590,M,ADS,1,1993-07-08,1993,Lake Ontario,Eastern Basin L Ontario,44.08333333,-76.66666667,ON,WHA,Sum_SCCP,66.12889,,1,,Chlorinated Alkane,Short Chain Chlorinated Alkanes (C10-13) Total,Total Short Chain Chlorinated Paraffins,NG/G,,,Freshwater Institute,
12044,Lake Trout,Salvelinus,namaycush,58,2538,M,ADS,1,1993-07-08,1993,Lake Ontario,Eastern Basin L Ontario,44.08333333,-76.66666667,ON,WHA,Sum_SCCP,10.53532,,1,,Chlorinated Alkane,Short Chain Chlorinated Alkanes (C10-13) Total,Total Short Chain Chlorinated Paraffins,NG/G,,,Freshwater Institute,
12050,Lake Trout,Salvelinus,namaycush,67,3053,M,ADS,1,1993-07-08,1993,Lake Ontario,Eastern Basin L Ontario,44.08333333,-76.66666667,ON,WHA,Sum_SCCP,44.1,,1,,Chlorinated Alkane,Short Chain Chlorinated Alkanes (C10-13) Total,Total Short Chain Chlorinated Paraffins,NG/G,,,Freshwater Institute,
15593,Lake Trout,Salvelinus,namaycush,58,1919.4,M,ADS,1,1998-09-10,1998,Lake Ontario,Eastern Basin L Ontario,44.08333333,-76.66666667,ON,WHA,Sum_SCCP,21.94772,,1,,Chlorinated Alkane,Short Chain Chlorinated Alkanes (C10-13) Total,Total Short Chain Chlorinated Paraffins,NG/G,,,Freshwater Institute,
15594,Lake Trout,Salvelinus,namaycush,59,2040.7,M,ADS,1,1998-09-10,1998,Lake Ontario,Eastern Basin L Ontario,44.08333333,-76.66666667,ON,WHA,Sum_SCCP,38.65944,,1,,Chlorinated Alkane,Short Chain Chlorinated Alkanes (C10-13) Total,Total Short Chain Chlorinated Paraffins,NG/G,,,Freshwater Institute,
15607,Lake Trout,Salvelinus,namaycush,56,2139.3,M,ADS,1,1998-09-10,1998,Lake Ontario,Eastern Basin L Ontario,44.08333333,-76.66666667,ON,WHA,Sum_SCCP,106.65161,,1,,Chlorinated Alkane,Short Chain Chlorinated Alkanes (C10-13) Total,Total Short Chain Chlorinated Paraffins,NG/G,,,Freshwater Institute,
15626,Lake Trout,Salvelinus,namaycush,58,1813,M,ADS,1,1998-09-10,1998,Lake Ontario,Eastern Basin L Ontario,44.08333333,-76.66666667,ON,WHA,Sum_SCCP,22.23196,,1,,Chlorinated Alkane,Short Chain Chlorinated Alkanes (C10-13) Total,Total Short Chain Chlorinated Paraffins,NG/G,,,Freshwater Institute,
15627,Lake Trout,Salvelinus,namaycush,58,2058.2,M,ADS,1,1998-09-10,1998,Lake Ontario,Eastern Basin L Ontario,44.08333333,-76.66666667,ON,WHA,Sum_SCCP,758.21311,,1,,Chlorinated Alkane,Short Chain Chlorinated Alkanes (C10-13) Total,Total Short Chain Chlorinated Paraffins,NG/G,,,Freshwater Institute,
50422,Lake Trout,Salvelinus,namaycush,69.9,4697.4,F,ADS,1,2004-09-22,2004,Lake Ontario,Eastern Basin L Ontario,44.08333333,-76.66666667,ON,WHA,Sum_SCCP,16.18685,,1,,Chlorinated Alkane,Short Chain Chlorinated Alkanes (C10-13) Total,Total Short Chain Chlorinated Paraffins,NG/G,,,Freshwater Institute,
50434,Lake Trout,Salvelinus,namaycush,66.1,3463.9,M,ADS,1,2004-09-22,2004,Lake Ontario,Eastern Basin L Ontario,44.08333333,-76.66666667,ON,WHA,Sum_SCCP,12.10697,,1,,Chlorinated Alkane,Short Chain Chlorinated Alkanes (C10-13) Total,Total Short Chain Chlorinated Paraffins,NG/G,,,Freshwater Institute,
50435,Lake Trout,Salvelinus,namaycush,59.6,2701.1,M,ADS,1,2004-09-22,2004,Lake Ontario,Eastern Basin L Ontario,44.08333333,-76.66666667,ON,WHA,Sum_SCCP,26.27656,,1,,Chlorinated Alkane,Short Chain Chlorinated Alkanes (C10-13) Total,Total Short Chain Chlorinated Paraffins,NG/G,,,Freshwater Institute,
50436,Lake Trout,Salvelinus,namaycush,63.1,2793.3,M,ADS,1,2004-09-22,2004,Lake Ontario,Eastern Basin L Ontario,44.08333333,-76.66666667,ON,WHA,Sum_SCCP,8.55478,,1,,Chlorinated Alkane,Short Chain Chlorinated Alkanes (C10-13) Total,Total Short Chain Chlorinated Paraffins,NG/G,,,Freshwater Institute,
50437,Lake Trout,Salvelinus,namaycush,61,3254.4,F,ADS,1,2004-09-22,2004,Lake Ontario,Eastern Basin L Ontario,44.08333333,-76.66666667,ON,WHA,Sum_SCCP,23.52152,,1,,Chlorinated Alkane,Short Chain Chlorinated Alkanes (C10-13) Total,Total Short Chain Chlorinated Paraffins,NG/G,,,Freshwater Institute,
58036,Lake Trout,Salvelinus,namaycush,57,2357.7,F,ADS,1,2011-07-11,2011,Lake Superior,Thunder Bay L Superior,48.25,-89,ON,WHA,Total_MCCP,4.9564,,1,,Chlorinated Alkane,Medium Chain Chlorinated Paraffins (C14-17) Total,Total Medium Chain Chlorinated Paraffins (C14-17),NG/G wet,0.345,,EC-Basconcillo,
58036,Lake Trout,Salvelinus,namaycush,57,2357.7,F,ADS,1,2011-07-11,2011,Lake Superior,Thunder Bay L Superior,48.25,-89,ON,WHA,Total_SCCP,10.03894,,1,,Chlorinated Alkane,Short Chain Chlorinated Alkanes (C10-13) Total,Total Short Chain Chlorinated Alkanes (C10-13),NG/G wet,0.009,,EC-Basconcillo,
58037,Lake Trout,Salvelinus,namaycush,57.3,2046.6,F,ADS,1,2011-07-11,2011,Lake Superior,Thunder Bay L Superior,48.25,-89,ON,WHA,Total_MCCP,2.53353,,1,,Chlorinated Alkane,Medium Chain Chlorinated Paraffins (C14-17) Total,Total Medium Chain Chlorinated Paraffins (C14-17),NG/G wet,0.345,,EC-Basconcillo,
58037,Lake Trout,Salvelinus,namaycush,57.3,2046.6,F,ADS,1,2011-07-11,2011,Lake Superior,Thunder Bay L Superior,48.25,-89,ON,WHA,Total_SCCP,2.55468,,1,,Chlorinated Alkane,Short Chain Chlorinated Alkanes (C10-13) Total,Total Short Chain Chlorinated Alkanes (C10-13),NG/G wet,0.009,,EC-Basconcillo,
58038,Lake Trout,Salvelinus,namaycush,49.3,1298.4,F,ADS,1,2011-07-11,2011,Lake Superior,Thunder Bay L Superior,48.25,-89,ON,WHA,Total_MCCP,4.41141,,1,,Chlorinated Alkane,Medium Chain Chlorinated Paraffins (C14-17) Total,Total Medium Chain Chlorinated Paraffins (C14-17),NG/G wet,0.345,,EC-Basconcillo,
58038,Lake Trout,Salvelinus,namaycush,49.3,1298.4,F,ADS,1,2011-07-11,2011,Lake Superior,Thunder Bay L Superior,48.25,-89,ON,WHA,Total_SCCP,2.44364,,1,,Chlorinated Alkane,Short Chain Chlorinated Alkanes (C10-13) Total,Total Short Chain Chlorinated Alkanes (C10-13),NG/G wet,0.009,,EC-Basconcillo,
58039,Lake Trout,Salvelinus,namaycush,55.5,1589,F,ADS,1,2011-07-11,2011,Lake Superior,Thunder Bay L Superior,48.25,-89,ON,WHA,Total_MCCP,4.26797,,1,,Chlorinated Alkane,Medium Chain Chlorinated Paraffins (C14-17) Total,Total Medium Chain Chlorinated Paraffins (C14-17),NG/G wet,0.345,,EC-Basconcillo,
58039,Lake Trout,Salvelinus,namaycush,55.5,1589,F,ADS,1,2011-07-11,2011,Lake Superior,Thunder Bay L Superior,48.25,-89,ON,WHA,Total_SCCP,8.23788,,1,,Chlorinated Alkane,Short Chain Chlorinated Alkanes (C10-13) Total,Total Short Chain Chlorinated Alkanes (C10-13),NG/G wet,0.009,,EC-Basconcillo,
58043,Lake Trout,Salvelinus,namaycush,47,1081.4,M,ADS,1,2011-07-11,2011,Lake Superior,Thunder Bay L Superior,48.25,-89,ON,WHA,Total_MCCP,4.17664,,1,,Chlorinated Alkane,Medium Chain Chlorinated Paraffins (C14-17) Total,Total Medium Chain Chlorinated Paraffins (C14-17),NG/G wet,0.345,,EC-Basconcillo,
58043,Lake Trout,Salvelinus,namaycush,47,1081.4,M,ADS,1,2011-07-11,2011,Lake Superior,Thunder Bay L Superior,48.25,-89,ON,WHA,Total_SCCP,2.04739,,1,,Chlorinated Alkane,Short Chain Chlorinated Alkanes (C10-13) Total,Total Short Chain Chlorinated Alkanes (C10-13),NG/G wet,0.009,,EC-Basconcillo,
58045,Lake Trout,Salvelinus,namaycush,46,812.9,M,ADS,1,2011-07-11,2011,Lake Superior,Thunder Bay L Superior,48.25,-89,ON,WHA,Total_MCCP,5.89461,,1,,Chlorinated Alkane,Medium Chain Chlorinated Paraffins (C14-17) Total,Total Medium Chain Chlorinated Paraffins (C14-17),NG/G wet,0.345,,EC-Basconcillo,
58045,Lake Trout,Salvelinus,namaycush,46,812.9,M,ADS,1,2011-07-11,2011,Lake Superior,Thunder Bay L Superior,48.25,-89,ON,WHA,Total_SCCP,2.92416,,1,,Chlorinated Alkane,Short Chain Chlorinated Alkanes (C10-13) Total,Total Short Chain Chlorinated Alkanes (C10-13),NG/G wet,0.009,,EC-Basconcillo,
58047,Lake Trout,Salvelinus,namaycush,46.5,893.1,M,ADS,1,2011-07-11,2011,Lake Superior,Thunder Bay L Superior,48.25,-89,ON,WHA,Total_SCCP,1.99235,,1,,Chlorinated Alkane,Short Chain Chlorinated Alkanes (C10-13) Total,Total Short Chain Chlorinated Alkanes (C10-13),NG/G wet,0.009,,EC-Basconcillo,
58050,Lake Trout,Salvelinus,namaycush,55,1655.8,M,ADS,1,2011-07-11,2011,Lake Superior,Thunder Bay L Superior,48.25,-89,ON,WHA,Total_MCCP,5.29688,,1,,Chlorinated Alkane,Medium Chain Chlorinated Paraffins (C14-17) Total,Total Medium Chain Chlorinated Paraffins (C14-17),NG/G wet,0.345,,EC-Basconcillo,
58050,Lake Trout,Salvelinus,namaycush,55,1655.8,M,ADS,1,2011-07-11,2011,Lake Superior,Thunder Bay L Superior,48.25,-89,ON,WHA,Total_SCCP,2.2715,,1,,Chlorinated Alkane,Short Chain Chlorinated Alkanes (C10-13) Total,Total Short Chain Chlorinated Alkanes (C10-13),NG/G wet,0.009,,EC-Basconcillo,
58051,Lake Trout,Salvelinus,namaycush,44,844.5,M,ADS,1,2011-07-11,2011,Lake Superior,Thunder Bay L Superior,48.25,-89,ON,WHA,Total_MCCP,5.00565,,1,,Chlorinated Alkane,Medium Chain Chlorinated Paraffins (C14-17) Total,Total Medium Chain Chlorinated Paraffins (C14-17),NG/G wet,0.345,,EC-Basconcillo,
58051,Lake Trout,Salvelinus,namaycush,44,844.5,M,ADS,1,2011-07-11,2011,Lake Superior,Thunder Bay L Superior,48.25,-89,ON,WHA,Total_SCCP,1.38728,,1,,Chlorinated Alkane,Short Chain Chlorinated Alkanes (C10-13) Total,Total Short Chain Chlorinated Alkanes (C10-13),NG/G wet,0.009,,EC-Basconcillo,
58103,Lake Trout,Salvelinus,namaycush,61.6,2683.8,F,ADS,1,2011-08-04,2011,Lake Erie,Eastern Basin L Erie,42.54222,-79.38167,ON,WHA,Total_MCCP,5.91974,,1,,Chlorinated Alkane,Medium Chain Chlorinated Paraffins (C14-17) Total,Total Medium Chain Chlorinated Paraffins (C14-17),NG/G wet,0.345,,EC-Basconcillo,
58103,Lake Trout,Salvelinus,namaycush,61.6,2683.8,F,ADS,1,2011-08-04,2011,Lake Erie,Eastern Basin L Erie,42.54222,-79.38167,ON,WHA,Total_SCCP,5.46872,,1,,Chlorinated Alkane,Short Chain Chlorinated Alkanes (C10-13) Total,Total Short Chain Chlorinated Alkanes (C10-13),NG/G wet,0.009,,EC-Basconcillo,
58104,Lake Trout,Salvelinus,namaycush,58.5,2553.8,M,ADS,1,2011-08-04,2011,Lake Erie,Eastern Basin L Erie,42.54222,-79.38167,ON,WHA,Total_MCCP,4.60469,,1,,Chlorinated Alkane,Medium Chain Chlorinated Paraffins (C14-17) Total,Total Medium Chain Chlorinated Paraffins (C14-17),NG/G wet,0.345,,EC-Basconcillo,
58104,Lake Trout,Salvelinus,namaycush,58.5,2553.8,M,ADS,1,2011-08-04,2011,Lake Erie,Eastern Basin L Erie,42.54222,-79.38167,ON,WHA,Total_SCCP,9.39965,,1,,Chlorinated Alkane,Short Chain Chlorinated Alkanes (C10-13) Total,Total Short Chain Chlorinated Alkanes (C10-13),NG/G wet,0.009,,EC-Basconcillo,
58105,Lake Trout,Salvelinus,namaycush,63,3165.8,F,ADS,1,2011-08-04,2011,Lake Erie,Eastern Basin L Erie,42.54222,-79.38167,ON,WHA,Total_MCCP,4.22277,,1,,Chlorinated Alkane,Medium Chain Chlorinated Paraffins (C14-17) Total,Total Medium Chain Chlorinated Paraffins (C14-17),NG/G wet,0.345,,EC-Basconcillo,
58105,Lake Trout,Salvelinus,namaycush,63,3165.8,F,ADS,1,2011-08-04,2011,Lake Erie,Eastern Basin L Erie,42.54222,-79.38167,ON,WHA,Total_SCCP,4.59986,,1,,Chlorinated Alkane,Short Chain Chlorinated Alkanes (C10-13) Total,Total Short Chain Chlorinated Alkanes (C10-13),NG/G wet,0.009,,EC-Basconcillo,
58106,Lake Trout,Salvelinus,namaycush,67,3870.1,F,ADS,1,2011-08-04,2011,Lake Erie,Eastern Basin L Erie,42.54222,-79.38167,ON,WHA,Total_MCCP,25.46625,,1,,Chlorinated Alkane,Medium Chain Chlorinated Paraffins (C14-17) Total,Total Medium Chain Chlorinated Paraffins (C14-17),NG/G wet,0.345,,EC-Basconcillo,
58106,Lake Trout,Salvelinus,namaycush,67,3870.1,F,ADS,1,2011-08-04,2011,Lake Erie,Eastern Basin L Erie,42.54222,-79.38167,ON,WHA,Total_SCCP,3.20322,,1,,Chlorinated Alkane,Short Chain Chlorinated Alkanes (C10-13) Total,Total Short Chain Chlorinated Alkanes (C10-13),NG/G wet,0.009,,EC-Basconcillo,
58107,Lake Trout,Salvelinus,namaycush,62.5,3015,M,ADS,1,2011-08-04,2011,Lake Erie,Eastern Basin L Erie,42.54222,-79.38167,ON,WHA,Total_MCCP,6.10466,,1,,Chlorinated Alkane,Medium Chain Chlorinated Paraffins (C14-17) Total,Total Medium Chain Chlorinated Paraffins (C14-17),NG/G wet,0.345,,EC-Basconcillo,
58107,Lake Trout,Salvelinus,namaycush,62.5,3015,M,ADS,1,2011-08-04,2011,Lake Erie,Eastern Basin L Erie,42.54222,-79.38167,ON,WHA,Total_SCCP,2.22421,,1,,Chlorinated Alkane,Short Chain Chlorinated Alkanes (C10-13) Total,Total Short Chain Chlorinated Alkanes (C10-13),NG/G wet,0.009,,EC-Basconcillo,
58108,Lake Trout,Salvelinus,namaycush,65,4137,M,ADS,1,2011-08-04,2011,Lake Erie,Eastern Basin L Erie,42.54222,-79.38167,ON,WHA,Total_MCCP,22.64424,,1,,Chlorinated Alkane,Medium Chain Chlorinated Paraffins (C14-17) Total,Total Medium Chain Chlorinated Paraffins (C14-17),NG/G wet,0.345,,EC-Basconcillo,
58109,Lake Trout,Salvelinus,namaycush,62,3475.7,F,ADS,1,2011-08-04,2011,Lake Erie,Eastern Basin L Erie,42.54222,-79.38167,ON,WHA,Total_MCCP,7.04951,,1,,Chlorinated Alkane,Medium Chain Chlorinated Paraffins (C14-17) Total,Total Medium Chain Chlorinated Paraffins (C14-17),NG/G wet,0.345,,EC-Basconcillo,
58109,Lake Trout,Salvelinus,namaycush,62,3475.7,F,ADS,1,2011-08-04,2011,Lake Erie,Eastern Basin L Erie,42.54222,-79.38167,ON,WHA,Total_SCCP,6.3216,,1,,Chlorinated Alkane,Short Chain Chlorinated Alkanes (C10-13) Total,Total Short Chain Chlorinated Alkanes (C10-13),NG/G wet,0.009,,EC-Basconcillo,
58110,Lake Trout,Salvelinus,namaycush,68,3307.2,F,ADS,1,2011-08-04,2011,Lake Erie,Eastern Basin L Erie,42.54222,-79.38167,ON,WHA,Total_MCCP,15.1321,,1,,Chlorinated Alkane,Medium Chain Chlorinated Paraffins (C14-17) Total,Total Medium Chain Chlorinated Paraffins (C14-17),NG/G wet,0.345,,EC-Basconcillo,
58110,Lake Trout,Salvelinus,namaycush,68,3307.2,F,ADS,1,2011-08-04,2011,Lake Erie,Eastern Basin L Erie,42.54222,-79.38167,ON,WHA,Total_SCCP,5.22707,,1,,Chlorinated Alkane,Short Chain Chlorinated Alkanes (C10-13) Total,Total Short Chain Chlorinated Alkanes (C10-13),NG/G wet,0.009,,EC-Basconcillo,
58111,Lake Trout,Salvelinus,namaycush,63.6,3654.3,F,ADS,1,2011-08-04,2011,Lake Erie,Eastern Basin L Erie,42.54222,-79.38167,ON,WHA,Total_MCCP,15.29623,,1,,Chlorinated Alkane,Medium Chain Chlorinated Paraffins (C14-17) Total,Total Medium Chain Chlorinated Paraffins (C14-17),NG/G wet,0.345,,EC-Basconcillo,
58111,Lake Trout,Salvelinus,namaycush,63.6,3654.3,F,ADS,1,2011-08-04,2011,Lake Erie,Eastern Basin L Erie,42.54222,-79.38167,ON,WHA,Total_SCCP,4.14608,,1,,Chlorinated Alkane,Short Chain Chlorinated Alkanes (C10-13) Total,Total Short Chain Chlorinated Alkanes (C10-13),NG/G wet,0.009,,EC-Basconcillo,
58112,Lake Trout,Salvelinus,namaycush,60.5,3053.6,M,ADS,1,2011-08-04,2011,Lake Erie,Eastern Basin L Erie,42.54222,-79.38167,ON,WHA,Total_MCCP,13.58008,,1,,Chlorinated Alkane,Medium Chain Chlorinated Paraffins (C14-17) Total,Total Medium Chain Chlorinated Paraffins (C14-17),NG/G wet,0.345,,EC-Basconcillo,
58112,Lake Trout,Salvelinus,namaycush,60.5,3053.6,M,ADS,1,2011-08-04,2011,Lake Erie,Eastern Basin L Erie,42.54222,-79.38167,ON,WHA,Total_SCCP,6.23594,,1,,Chlorinated Alkane,Short Chain Chlorinated Alkanes (C10-13) Total,Total Short Chain Chlorinated Alkanes (C10-13),NG/G wet,0.009,,EC-Basconcillo,
58354,Lake Trout,Salvelinus,namaycush,55,1911,F,ADS,1,2011-10-18,2011,Lake Ontario,Western Basin L Ontario,43.5,-79.58333,ON,WHA,Total_MCCP,6.03971,,1,,Chlorinated Alkane,Medium Chain Chlorinated Paraffins (C14-17) Total,Total Medium Chain Chlorinated Paraffins (C14-17),NG/G wet,0.345,,EC-Basconcillo,
58354,Lake Trout,Salvelinus,namaycush,55,1911,F,ADS,1,2011-10-18,2011,Lake Ontario,Western Basin L Ontario,43.5,-79.58333,ON,WHA,Total_SCCP,9.78996,,1,,Chlorinated Alkane,Short Chain Chlorinated Alkanes (C10-13) Total,Total Short Chain Chlorinated Alkanes (C10-13),NG/G wet,0.009,,EC-Basconcillo,
58355,Lake Trout,Salvelinus,namaycush,46.7,1125.4,M,ADS,1,2011-10-18,2011,Lake Ontario,Western Basin L Ontario,43.5,-79.58333,ON,WHA,Total_MCCP,5.8282,,1,,Chlorinated Alkane,Medium Chain Chlorinated Paraffins (C14-17) Total,Total Medium Chain Chlorinated Paraffins (C14-17),NG/G wet,0.345,,EC-Basconcillo,
58355,Lake Trout,Salvelinus,namaycush,46.7,1125.4,M,ADS,1,2011-10-18,2011,Lake Ontario,Western Basin L Ontario,43.5,-79.58333,ON,WHA,Total_SCCP,5.22658,,1,,Chlorinated Alkane,Short Chain Chlorinated Alkanes (C10-13) Total,Total Short Chain Chlorinated Alkanes (C10-13),NG/G wet,0.009,,EC-Basconcillo,
58356,Lake Trout,Salvelinus,namaycush,60.6,2508.4,M,ADS,1,2011-10-18,2011,Lake Ontario,Western Basin L Ontario,43.5,-79.58333,ON,WHA,Total_MCCP,1.17971,,1,,Chlorinated Alkane,Medium Chain Chlorinated Paraffins (C14-17) Total,Total Medium Chain Chlorinated Paraffins (C14-17),NG/G wet,0.345,,EC-Basconcillo,
58357,Lake Trout,Salvelinus,namaycush,58.7,2947,M,ADS,1,2011-10-18,2011,Lake Ontario,Western Basin L Ontario,43.5,-79.58333,ON,WHA,Total_MCCP,13.53866,,1,,Chlorinated Alkane,Medium Chain Chlorinated Paraffins (C14-17) Total,Total Medium Chain Chlorinated Paraffins (C14-17),NG/G wet,0.345,,EC-Basconcillo,
58357,Lake Trout,Salvelinus,namaycush,58.7,2947,M,ADS,1,2011-10-18,2011,Lake Ontario,Western Basin L Ontario,43.5,-79.58333,ON,WHA,Total_SCCP,9.41692,,1,,Chlorinated Alkane,Short Chain Chlorinated Alkanes (C10-13) Total,Total Short Chain Chlorinated Alkanes (C10-13),NG/G wet,0.009,,EC-Basconcillo,
58359,Lake Trout,Salvelinus,namaycush,50.5,1520.5,F,ADS,1,2011-10-18,2011,Lake Ontario,Western Basin L Ontario,43.5,-79.58333,ON,WHA,Total_MCCP,25.53801,,1,,Chlorinated Alkane,Medium Chain Chlorinated Paraffins (C14-17) Total,Total Medium Chain Chlorinated Paraffins (C14-17),NG/G wet,0.345,,EC-Basconcillo,
58359,Lake Trout,Salvelinus,namaycush,50.5,1520.5,F,ADS,1,2011-10-18,2011,Lake Ontario,Western Basin L Ontario,43.5,-79.58333,ON,WHA,Total_SCCP,7.27103,,1,,Chlorinated Alkane,Short Chain Chlorinated Alkanes (C10-13) Total,Total Short Chain Chlorinated Alkanes (C10-13),NG/G wet,0.009,,EC-Basconcillo,
58360,Lake Trout,Salvelinus,namaycush,50,1358.5,F,ADS,1,2011-10-18,2011,Lake Ontario,Western Basin L Ontario,43.5,-79.58333,ON,WHA,Total_MCCP,12.08414,,1,,Chlorinated Alkane,Medium Chain Chlorinated Paraffins (C14-17) Total,Total Medium Chain Chlorinated Paraffins (C14-17),NG/G wet,0.345,,EC-Basconcillo,
58360,Lake Trout,Salvelinus,namaycush,50,1358.5,F,ADS,1,2011-10-18,2011,Lake Ontario,Western Basin L Ontario,43.5,-79.58333,ON,WHA,Total_SCCP,2.7867,,1,,Chlorinated Alkane,Short Chain Chlorinated Alkanes (C10-13) Total,Total Short Chain Chlorinated Alkanes (C10-13),NG/G wet,0.009,,EC-Basconcillo,
58361,Lake Trout,Salvelinus,namaycush,50.5,1186.1,F,ADS,1,2011-10-18,2011,Lake Ontario,Western Basin L Ontario,43.5,-79.58333,ON,WHA,Total_MCCP,7.60918,,1,,Chlorinated Alkane,Medium Chain Chlorinated Paraffins (C14-17) Total,Total Medium Chain Chlorinated Paraffins (C14-17),NG/G wet,0.345,,EC-Basconcillo,
58361,Lake Trout,Salvelinus,namaycush,50.5,1186.1,F,ADS,1,2011-10-18,2011,Lake Ontario,Western Basin L Ontario,43.5,-79.58333,ON,WHA,Total_SCCP,3.15274,,1,,Chlorinated Alkane,Short Chain Chlorinated Alkanes (C10-13) Total,Total Short Chain Chlorinated Alkanes (C10-13),NG/G wet,0.009,,EC-Basconcillo,
58362,Lake Trout,Salvelinus,namaycush,62,3134.1,M,ADS,1,2011-10-18,2011,Lake Ontario,Western Basin L Ontario,43.5,-79.58333,ON,WHA,Total_MCCP,17.14154,,1,,Chlorinated Alkane,Medium Chain Chlorinated Paraffins (C14-17) Total,Total Medium Chain Chlorinated Paraffins (C14-17),NG/G wet,0.345,,EC-Basconcillo,
58362,Lake Trout,Salvelinus,namaycush,62,3134.1,M,ADS,1,2011-10-18,2011,Lake Ontario,Western Basin L Ontario,43.5,-79.58333,ON,WHA,Total_SCCP,7.39904,,1,,Chlorinated Alkane,Short Chain Chlorinated Alkanes (C10-13) Total,Total Short Chain Chlorinated Alkanes (C10-13),NG/G wet,0.009,,EC-Basconcillo,
58364,Lake Trout,Salvelinus,namaycush,49.8,1181,M,ADS,1,2011-10-18,2011,Lake Ontario,Western Basin L Ontario,43.5,-79.58333,ON,WHA,Total_MCCP,11.72104,,1,,Chlorinated Alkane,Medium Chain Chlorinated Paraffins (C14-17) Total,Total Medium Chain Chlorinated Paraffins (C14-17),NG/G wet,0.345,,EC-Basconcillo,
58364,Lake Trout,Salvelinus,namaycush,49.8,1181,M,ADS,1,2011-10-18,2011,Lake Ontario,Western Basin L Ontario,43.5,-79.58333,ON,WHA,Total_SCCP,2.83236,,1,,Chlorinated Alkane,Short Chain Chlorinated Alkanes (C10-13) Total,Total Short Chain Chlorinated Alkanes (C10-13),NG/G wet,0.009,,EC-Basconcillo,
58365,Lake Trout,Salvelinus,namaycush,48.5,1203.7,F,ADS,1,2011-10-18,2011,Lake Ontario,Western Basin L Ontario,43.5,-79.58333,ON,WHA,Total_MCCP,17.87406,,1,,Chlorinated Alkane,Medium Chain Chlorinated Paraffins (C14-17) Total,Total Medium Chain Chlorinated Paraffins (C14-17),NG/G wet,0.345,,EC-Basconcillo,
58365,Lake Trout,Salvelinus,namaycush,48.5,1203.7,F,ADS,1,2011-10-18,2011,Lake Ontario,Western Basin L Ontario,43.5,-79.58333,ON,WHA,Total_SCCP,4.81483,,1,,Chlorinated Alkane,Short Chain Chlorinated Alkanes (C10-13) Total,Total Short Chain Chlorinated Alkanes (C10-13),NG/G wet,0.009,,EC-Basconcillo,
58482,Lake Trout,Salvelinus,namaycush,66.3,2666.8,F,ADS,1,2011-11-15,2011,Lake Huron,Southern Basin L Huron,43.75,-81.83333,ON,WHA,Total_MCCP,4.172,,1,,Chlorinated Alkane,Medium Chain Chlorinated Paraffins (C14-17) Total,Total Medium Chain Chlorinated Paraffins (C14-17),NG/G wet,0.345,,EC-Basconcillo,
58482,Lake Trout,Salvelinus,namaycush,66.3,2666.8,F,ADS,1,2011-11-15,2011,Lake Huron,Southern Basin L Huron,43.75,-81.83333,ON,WHA,Total_SCCP,3.29891,,1,,Chlorinated Alkane,Short Chain Chlorinated Alkanes (C10-13) Total,Total Short Chain Chlorinated Alkanes (C10-13),NG/G wet,0.009,,EC-Basconcillo,
58483,Lake Trout,Salvelinus,namaycush,72.2,3049.1,M,ADS,1,2011-11-15,2011,Lake Huron,Southern Basin L Huron,43.75,-81.83333,ON,WHA,Total_MCCP,11.9436,,1,,Chlorinated Alkane,Medium Chain Chlorinated Paraffins (C14-17) Total,Total Medium Chain Chlorinated Paraffins (C14-17),NG/G wet,0.345,,EC-Basconcillo,
58484,Lake Trout,Salvelinus,namaycush,62.7,2205.5,F,ADS,1,2011-11-15,2011,Lake Huron,Southern Basin L Huron,43.75,-81.83333,ON,WHA,Total_MCCP,4.64597,,1,,Chlorinated Alkane,Medium Chain Chlorinated Paraffins (C14-17) Total,Total Medium Chain Chlorinated Paraffins (C14-17),NG/G wet,0.345,,EC-Basconcillo,
58484,Lake Trout,Salvelinus,namaycush,62.7,2205.5,F,ADS,1,2011-11-15,2011,Lake Huron,Southern Basin L Huron,43.75,-81.83333,ON,WHA,Total_SCCP,1.4887,,1,,Chlorinated Alkane,Short Chain Chlorinated Alkanes (C10-13) Total,Total Short Chain Chlorinated Alkanes (C10-13),NG/G wet,0.009,,EC-Basconcillo,
58485,Lake Trout,Salvelinus,namaycush,71.7,3537.1,F,ADS,1,2011-11-15,2011,Lake Huron,Southern Basin L Huron,43.75,-81.83333,ON,WHA,Total_MCCP,46.44432,,1,,Chlorinated Alkane,Medium Chain Chlorinated Paraffins (C14-17) Total,Total Medium Chain Chlorinated Paraffins (C14-17),NG/G wet,0.345,,EC-Basconcillo,
58485,Lake Trout,Salvelinus,namaycush,71.7,3537.1,F,ADS,1,2011-11-15,2011,Lake Huron,Southern Basin L Huron,43.75,-81.83333,ON,WHA,Total_SCCP,8.38076,,1,,Chlorinated Alkane,Short Chain Chlorinated Alkanes (C10-13) Total,Total Short Chain Chlorinated Alkanes (C10-13),NG/G wet,0.009,,EC-Basconcillo,
58486,Lake Trout,Salvelinus,namaycush,64,2302.2,M,ADS,1,2011-11-15,2011,Lake Huron,Southern Basin L Huron,43.75,-81.83333,ON,WHA,Total_MCCP,3.52287,,1,,Chlorinated Alkane,Medium Chain Chlorinated Paraffins (C14-17) Total,Total Medium Chain Chlorinated Paraffins (C14-17),NG/G wet,0.345,,EC-Basconcillo,
58486,Lake Trout,Salvelinus,namaycush,64,2302.2,M,ADS,1,2011-11-15,2011,Lake Huron,Southern Basin L Huron,43.75,-81.83333,ON,WHA,Total_SCCP,2.10867,,1,,Chlorinated Alkane,Short Chain Chlorinated Alkanes (C10-13) Total,Total Short Chain Chlorinated Alkanes (C10-13),NG/G wet,0.009,,EC-Basconcillo,
58487,Lake Trout,Salvelinus,namaycush,59,1998.5,M,ADS,1,2011-11-15,2011,Lake Huron,Southern Basin L Huron,43.75,-81.83333,ON,WHA,Total_MCCP,9.46906,,1,,Chlorinated Alkane,Medium Chain Chlorinated Paraffins (C14-17) Total,Total Medium Chain Chlorinated Paraffins (C14-17),NG/G wet,0.345,,EC-Basconcillo,
58487,Lake Trout,Salvelinus,namaycush,59,1998.5,M,ADS,1,2011-11-15,2011,Lake Huron,Southern Basin L Huron,43.75,-81.83333,ON,WHA,Total_SCCP,4.1704,,1,,Chlorinated Alkane,Short Chain Chlorinated Alkanes (C10-13) Total,Total Short Chain Chlorinated Alkanes (C10-13),NG/G wet,0.009,,EC-Basconcillo,
58488,Lake Trout,Salvelinus,namaycush,61.1,2995.4,F,ADS,1,2011-11-15,2011,Lake Huron,Southern Basin L Huron,43.75,-81.83333,ON,WHA,Total_MCCP,6.26611,,1,,Chlorinated Alkane,Medium Chain Chlorinated Paraffins (C14-17) Total,Total Medium Chain Chlorinated Paraffins (C14-17),NG/G wet,0.345,,EC-Basconcillo,
58488,Lake Trout,Salvelinus,namaycush,61.1,2995.4,F,ADS,1,2011-11-15,2011,Lake Huron,Southern Basin L Huron,43.75,-81.83333,ON,WHA,Total_SCCP,0.78986,,1,,Chlorinated Alkane,Short Chain Chlorinated Alkanes (C10-13) Total,Total Short Chain Chlorinated Alkanes (C10-13),NG/G wet,0.009,,EC-Basconcillo,
58489,Lake Trout,Salvelinus,namaycush,72,2640,F,ADS,1,2011-11-15,2011,Lake Huron,Southern Basin L Huron,43.75,-81.83333,ON,WHA,Total_MCCP,38.39521,,1,,Chlorinated Alkane,Medium Chain Chlorinated Paraffins (C14-17) Total,Total Medium Chain Chlorinated Paraffins (C14-17),NG/G wet,0.345,,EC-Basconcillo,
58489,Lake Trout,Salvelinus,namaycush,72,2640,F,ADS,1,2011-11-15,2011,Lake Huron,Southern Basin L Huron,43.75,-81.83333,ON,WHA,Total_SCCP,3.18173,,1,,Chlorinated Alkane,Short Chain Chlorinated Alkanes (C10-13) Total,Total Short Chain Chlorinated Alkanes (C10-13),NG/G wet,0.009,,EC-Basconcillo,
58490,Lake Trout,Salvelinus,namaycush,68,2737.1,F,ADS,1,2011-11-15,2011,Lake Huron,Southern Basin L Huron,43.75,-81.83333,ON,WHA,Total_MCCP,6.68176,,1,,Chlorinated Alkane,Medium Chain Chlorinated Paraffins (C14-17) Total,Total Medium Chain Chlorinated Paraffins (C14-17),NG/G wet,0.345,,EC-Basconcillo,
58490,Lake Trout,Salvelinus,namaycush,68,2737.1,F,ADS,1,2011-11-15,2011,Lake Huron,Southern Basin L Huron,43.75,-81.83333,ON,WHA,Total_SCCP,2.40295,,1,,Chlorinated Alkane,Short Chain Chlorinated Alkanes (C10-13) Total,Total Short Chain Chlorinated Alkanes (C10-13),NG/G wet,0.009,,EC-Basconcillo,
58491,Lake Trout,Salvelinus,namaycush,73,3881.9,M,ADS,1,2011-11-15,2011,Lake Huron,Southern Basin L Huron,43.75,-81.83333,ON,WHA,Total_MCCP,3.42381,,1,,Chlorinated Alkane,Medium Chain Chlorinated Paraffins (C14-17) Total,Total Medium Chain Chlorinated Paraffins (C14-17),NG/G wet,0.345,,EC-Basconcillo,
58491,Lake Trout,Salvelinus,namaycush,73,3881.9,M,ADS,1,2011-11-15,2011,Lake Huron,Southern Basin L Huron,43.75,-81.83333,ON,WHA,Total_SCCP,4.21746,,1,,Chlorinated Alkane,Short Chain Chlorinated Alkanes (C10-13) Total,Total Short Chain Chlorinated Alkanes (C10-13),NG/G wet,0.009,,EC-Basconcillo,
58674,Lake Trout,Salvelinus,namaycush,65.8,2391.1,F,ADS,1,2011-12-31,2011,Lake Athabasca,Lake Athabasca,58.705519,-111.090317,AB,WHA,Total_MCCP,10.8713,,1,,Chlorinated Alkane,Medium Chain Chlorinated Paraffins (C14-17) Total,Total Medium Chain Chlorinated Paraffins (C14-17),NG/G wet,0.345,,EC-Basconcillo,
58674,Lake Trout,Salvelinus,namaycush,65.8,2391.1,F,ADS,1,2011-12-31,2011,Lake Athabasca,Lake Athabasca,58.705519,-111.090317,AB,WHA,Total_SCCP,12.49575,,1,,Chlorinated Alkane,Short Chain Chlorinated Alkanes (C10-13) Total,Total Short Chain Chlorinated Alkanes (C10-13),NG/G wet,0.009,,EC-Basconcillo,
58675,Lake Trout,Salvelinus,namaycush,68,2446.4,F,ADS,1,2011-12-31,2011,Lake Athabasca,Lake Athabasca,58.705519,-111.090317,AB,WHA,"13C10-1,5,5,6,6,10-hexachlorodecane",84.9,,2,2025-09-17,Chlorinated Alkane,"13C10-1,5,5,6,6,10-hexachlorodecane","13C10-1,5,5,6,6,10-hexachlorodecane",PCT,,,NLET,B_ChlorinatedAlkanes_ISO
58675,Lake Trout,Salvelinus,namaycush,68,2446.4,F,ADS,1,2011-12-31,2011,Lake Athabasca,Lake Athabasca,58.705519,-111.090317,AB,WHA,"Chlorinated Alkanes, SC (C10-C13), Total",50,BDL,2,2025-09-17,Chlorinated Alkane,Short Chain Chlorinated Alkanes (C10-13) Total,Total Short Chain Chlorinated Alkanes (C10-13),NG/G wet,5,,NLET,B_ChlorinatedAlkanes_ISO
58675,Lake Trout,Salvelinus,namaycush,68,2446.4,F,ADS,1,2011-12-31,2011,Lake Athabasca,Lake Athabasca,58.705519,-111.090317,AB,WHA,Total_MCCP,4.93636,,1,,Chlorinated Alkane,Medium Chain Chlorinated Paraffins (C14-17) Total,Total Medium Chain Chlorinated Paraffins (C14-17),NG/G wet,0.345,,EC-Basconcillo,
58675,Lake Trout,Salvelinus,namaycush,68,2446.4,F,ADS,1,2011-12-31,2011,Lake Athabasca,Lake Athabasca,58.705519,-111.090317,AB,WHA,Total_SCCP,37.27575,,1,,Chlorinated Alkane,Short Chain Chlorinated Alkanes (C10-13) Total,Total Short Chain Chlorinated Alkanes (C10-13),NG/G wet,0.009,,EC-Basconcillo,
58676,Lake Trout,Salvelinus,namaycush,68,2875.1,F,ADS,1,2011-12-31,2011,Lake Athabasca,Lake Athabasca,58.705519,-111.090317,AB,WHA,Total_MCCP,4.73738,,1,,Chlorinated Alkane,Medium Chain Chlorinated Paraffins (C14-17) Total,Total Medium Chain Chlorinated Paraffins (C14-17),NG/G wet,0.345,,EC-Basconcillo,
58676,Lake Trout,Salvelinus,namaycush,68,2875.1,F,ADS,1,2011-12-31,2011,Lake Athabasca,Lake Athabasca,58.705519,-111.090317,AB,WHA,Total_SCCP,23.3607,,1,,Chlorinated Alkane,Short Chain Chlorinated Alkanes (C10-13) Total,Total Short Chain Chlorinated Alkanes (C10-13),NG/G wet,0.009,,EC-Basconcillo,
58677,Lake Trout,Salvelinus,namaycush,67.9,2807.1,F,ADS,1,2011-12-31,2011,Lake Athabasca,Lake Athabasca,58.705519,-111.090317,AB,WHA,Total_MCCP,5.36572,,1,,Chlorinated Alkane,Medium Chain Chlorinated Paraffins (C14-17) Total,Total Medium Chain Chlorinated Paraffins (C14-17),NG/G wet,0.345,,EC-Basconcillo,
58677,Lake Trout,Salvelinus,namaycush,67.9,2807.1,F,ADS,1,2011-12-31,2011,Lake Athabasca,Lake Athabasca,58.705519,-111.090317,AB,WHA,Total_SCCP,9.8002,,1,,Chlorinated Alkane,Short Chain Chlorinated Alkanes (C10-13) Total,Total Short Chain Chlorinated Alkanes (C10-13),NG/G wet,0.009,,EC-Basconcillo,
58678,Lake Trout,Salvelinus,namaycush,77,3916.3,F,ADS,1,2011-12-31,2011,Lake Athabasca,Lake Athabasca,58.705519,-111.090317,AB,WHA,Total_MCCP,7.61265,,1,,Chlorinated Alkane,Medium Chain Chlorinated Paraffins (C14-17) Total,Total Medium Chain Chlorinated Paraffins (C14-17),NG/G wet,0.345,,EC-Basconcillo,
58678,Lake Trout,Salvelinus,namaycush,77,3916.3,F,ADS,1,2011-12-31,2011,Lake Athabasca,Lake Athabasca,58.705519,-111.090317,AB,WHA,Total_SCCP,7.33206,,1,,Chlorinated Alkane,Short Chain Chlorinated Alkanes (C10-13) Total,Total Short Chain Chlorinated Alkanes (C10-13),NG/G wet,0.009,,EC-Basconcillo,
58679,Lake Trout,Salvelinus,namaycush,72.3,3419.1,F,ADS,1,2011-12-31,2011,Lake Athabasca,Lake Athabasca,58.705519,-111.090317,AB,WHA,Total_MCCP,5.27407,,1,,Chlorinated Alkane,Medium Chain Chlorinated Paraffins (C14-17) Total,Total Medium Chain Chlorinated Paraffins (C14-17),NG/G wet,0.345,,EC-Basconcillo,
58679,Lake Trout,Salvelinus,namaycush,72.3,3419.1,F,ADS,1,2011-12-31,2011,Lake Athabasca,Lake Athabasca,58.705519,-111.090317,AB,WHA,Total_SCCP,5.88612,,1,,Chlorinated Alkane,Short Chain Chlorinated Alkanes (C10-13) Total,Total Short Chain Chlorinated Alkanes (C10-13),NG/G wet,0.009,,EC-Basconcillo,
58680,Lake Trout,Salvelinus,namaycush,73.6,3428.8,F,ADS,1,2011-12-31,2011,Lake Athabasca,Lake Athabasca,58.705519,-111.090317,AB,WHA,Total_MCCP,4.31999,,1,,Chlorinated Alkane,Medium Chain Chlorinated Paraffins (C14-17) Total,Total Medium Chain Chlorinated Paraffins (C14-17),NG/G wet,0.345,,EC-Basconcillo,
58680,Lake Trout,Salvelinus,namaycush,73.6,3428.8,F,ADS,1,2011-12-31,2011,Lake Athabasca,Lake Athabasca,58.705519,-111.090317,AB,WHA,Total_SCCP,5.14846,,1,,Chlorinated Alkane,Short Chain Chlorinated Alkanes (C10-13) Total,Total Short Chain Chlorinated Alkanes (C10-13),NG/G wet,0.009,,EC-Basconcillo,
58681,Lake Trout,Salvelinus,namaycush,67,2937.1,F,ADS,1,2011-12-31,2011,Lake Athabasca,Lake Athabasca,58.705519,-111.090317,AB,WHA,Total_MCCP,4.26928,,1,,Chlorinated Alkane,Medium Chain Chlorinated Paraffins (C14-17) Total,Total Medium Chain Chlorinated Paraffins (C14-17),NG/G wet,0.345,,EC-Basconcillo,
58681,Lake Trout,Salvelinus,namaycush,67,2937.1,F,ADS,1,2011-12-31,2011,Lake Athabasca,Lake Athabasca,58.705519,-111.090317,AB,WHA,Total_SCCP,2.69672,,1,,Chlorinated Alkane,Short Chain Chlorinated Alkanes (C10-13) Total,Total Short Chain Chlorinated Alkanes (C10-13),NG/G wet,0.009,,EC-Basconcillo,
58682,Lake Trout,Salvelinus,namaycush,71.1,2793,F,ADS,1,2011-12-31,2011,Lake Athabasca,Lake Athabasca,58.705519,-111.090317,AB,WHA,Total_MCCP,2.58652,,1,,Chlorinated Alkane,Medium Chain Chlorinated Paraffins (C14-17) Total,Total Medium Chain Chlorinated Paraffins (C14-17),NG/G wet,0.345,,EC-Basconcillo,
58682,Lake Trout,Salvelinus,namaycush,71.1,2793,F,ADS,1,2011-12-31,2011,Lake Athabasca,Lake Athabasca,58.705519,-111.090317,AB,WHA,Total_SCCP,2.10968,,1,,Chlorinated Alkane,Short Chain Chlorinated Alkanes (C10-13) Total,Total Short Chain Chlorinated Alkanes (C10-13),NG/G wet,0.009,,EC-Basconcillo,
58683,Lake Trout,Salvelinus,namaycush,73,4046.5,F,ADS,1,2011-12-31,2011,Lake Athabasca,Lake Athabasca,58.705519,-111.090317,AB,WHA,Total_MCCP,10.81597,,1,,Chlorinated Alkane,Medium Chain Chlorinated Paraffins (C14-17) Total,Total Medium Chain Chlorinated Paraffins (C14-17),NG/G wet,0.345,,EC-Basconcillo,
58683,Lake Trout,Salvelinus,namaycush,73,4046.5,F,ADS,1,2011-12-31,2011,Lake Athabasca,Lake Athabasca,58.705519,-111.090317,AB,WHA,Total_SCCP,3.96473,,1,,Chlorinated Alkane,Short Chain Chlorinated Alkanes (C10-13) Total,Total Short Chain Chlorinated Alkanes (C10-13),NG/G wet,0.009,,EC-Basconcillo,
58758,Lake Trout,Salvelinus,namaycush,40.5,607,M,,1,2011-09-15,2011,Kusawa Lake,Kusawa Lake,60.416492,-136.209119,YT,WHA,Total_MCCP,1.72246,,1,,Chlorinated Alkane,Medium Chain Chlorinated Paraffins (C14-17) Total,Total Medium Chain Chlorinated Paraffins (C14-17),NG/G wet,0.345,,EC-Basconcillo,
58758,Lake Trout,Salvelinus,namaycush,40.5,607,M,,1,2011-09-15,2011,Kusawa Lake,Kusawa Lake,60.416492,-136.209119,YT,WHA,Total_SCCP,1.3948,,1,,Chlorinated Alkane,Short Chain Chlorinated Alkanes (C10-13) Total,Total Short Chain Chlorinated Alkanes (C10-13),NG/G wet,0.009,,EC-Basconcillo,
58759,Lake Trout,Salvelinus,namaycush,55,1649,F,,1,2011-09-15,2011,Kusawa Lake,Kusawa Lake,60.416492,-136.209119,YT,WHA,Total_MCCP,3.47815,,1,,Chlorinated Alkane,Medium Chain Chlorinated Paraffins (C14-17) Total,Total Medium Chain Chlorinated Paraffins (C14-17),NG/G wet,0.345,,EC-Basconcillo,
58759,Lake Trout,Salvelinus,namaycush,55,1649,F,,1,2011-09-15,2011,Kusawa Lake,Kusawa Lake,60.416492,-136.209119,YT,WHA,Total_SCCP,8.08258,,1,,Chlorinated Alkane,Short Chain Chlorinated Alkanes (C10-13) Total,Total Short Chain Chlorinated Alkanes (C10-13),NG/G wet,0.009,,EC-Basconcillo,
58760,Lake Trout,Salvelinus,namaycush,40.4,582,IMM,,1,2011-09-15,2011,Kusawa Lake,Kusawa Lake,60.416492,-136.209119,YT,WHA,Total_MCCP,0.99307,,1,,Chlorinated Alkane,Medium Chain Chlorinated Paraffins (C14-17) Total,Total Medium Chain Chlorinated Paraffins (C14-17),NG/G wet,0.345,,EC-Basconcillo,
58760,Lake Trout,Salvelinus,namaycush,40.4,582,IMM,,1,2011-09-15,2011,Kusawa Lake,Kusawa Lake,60.416492,-136.209119,YT,WHA,Total_SCCP,1.27098,,1,,Chlorinated Alkane,Short Chain Chlorinated Alkanes (C10-13) Total,Total Short Chain Chlorinated Alkanes (C10-13),NG/G wet,0.009,,EC-Basconcillo,
58761,Lake Trout,Salvelinus,namaycush,27,164,IMM,,1,2011-09-15,2011,Kusawa Lake,Kusawa Lake,60.416492,-136.209119,YT,WHA,Total_MCCP,1.11408,,1,,Chlorinated Alkane,Medium Chain Chlorinated Paraffins (C14-17) Total,Total Medium Chain Chlorinated Paraffins (C14-17),NG/G wet,0.345,,EC-Basconcillo,
58761,Lake Trout,Salvelinus,namaycush,27,164,IMM,,1,2011-09-15,2011,Kusawa Lake,Kusawa Lake,60.416492,-136.209119,YT,WHA,Total_SCCP,1.27546,,1,,Chlorinated Alkane,Short Chain Chlorinated Alkanes (C10-13) Total,Total Short Chain Chlorinated Alkanes (C10-13),NG/G wet,0.009,,EC-Basconcillo,
58762,Lake Trout,Salvelinus,namaycush,43,670,F,,1,2011-09-15,2011,Kusawa Lake,Kusawa Lake,60.416492,-136.209119,YT,WHA,Total_MCCP,1.74973,,1,,Chlorinated Alkane,Medium Chain Chlorinated Paraffins (C14-17) Total,Total Medium Chain Chlorinated Paraffins (C14-17),NG/G wet,0.345,,EC-Basconcillo,
58762,Lake Trout,Salvelinus,namaycush,43,670,F,,1,2011-09-15,2011,Kusawa Lake,Kusawa Lake,60.416492,-136.209119,YT,WHA,Total_SCCP,6.43283,,1,,Chlorinated Alkane,Short Chain Chlorinated Alkanes (C10-13) Total,Total Short Chain Chlorinated Alkanes (C10-13),NG/G wet,0.009,,EC-Basconcillo,
58763,Lake Trout,Salvelinus,namaycush,33,317,IMM,,1,2011-09-15,2011,Kusawa Lake,Kusawa Lake,60.416492,-136.209119,YT,WHA,Total_MCCP,1.90831,,1,,Chlorinated Alkane,Medium Chain Chlorinated Paraffins (C14-17) Total,Total Medium Chain Chlorinated Paraffins (C14-17),NG/G wet,0.345,,EC-Basconcillo,
58763,Lake Trout,Salvelinus,namaycush,33,317,IMM,,1,2011-09-15,2011,Kusawa Lake,Kusawa Lake,60.416492,-136.209119,YT,WHA,Total_SCCP,2.29375,,1,,Chlorinated Alkane,Short Chain Chlorinated Alkanes (C10-13) Total,Total Short Chain Chlorinated Alkanes (C10-13),NG/G wet,0.009,,EC-Basconcillo,
58764,Lake Trout,Salvelinus,namaycush,63,2272,M,,1,2011-09-15,2011,Kusawa Lake,Kusawa Lake,60.416492,-136.209119,YT,WHA,Total_MCCP,2.72809,,1,,Chlorinated Alkane,Medium Chain Chlorinated Paraffins (C14-17) Total,Total Medium Chain Chlorinated Paraffins (C14-17),NG/G wet,0.345,,EC-Basconcillo,
58764,Lake Trout,Salvelinus,namaycush,63,2272,M,,1,2011-09-15,2011,Kusawa Lake,Kusawa Lake,60.416492,-136.209119,YT,WHA,Total_SCCP,4.20971,,1,,Chlorinated Alkane,Short Chain Chlorinated Alkanes (C10-13) Total,Total Short Chain Chlorinated Alkanes (C10-13),NG/G wet,0.009,,EC-Basconcillo,
58765,Lake Trout,Salvelinus,namaycush,34.5,401,IMM,,1,2011-09-15,2011,Kusawa Lake,Kusawa Lake,60.416492,-136.209119,YT,WHA,Total_MCCP,1.60602,,1,,Chlorinated Alkane,Medium Chain Chlorinated Paraffins (C14-17) Total,Total Medium Chain Chlorinated Paraffins (C14-17),NG/G wet,0.345,,EC-Basconcillo,
58765,Lake Trout,Salvelinus,namaycush,34.5,401,IMM,,1,2011-09-15,2011,Kusawa Lake,Kusawa Lake,60.416492,-136.209119,YT,WHA,Total_SCCP,1.07916,,1,,Chlorinated Alkane,Short Chain Chlorinated Alkanes (C10-13) Total,Total Short Chain Chlorinated Alkanes (C10-13),NG/G wet,0.009,,EC-Basconcillo,
58766,Lake Trout,Salvelinus,namaycush,44,945,M,,1,2011-09-15,2011,Kusawa Lake,Kusawa Lake,60.416492,-136.209119,YT,WHA,Total_MCCP,1.18424,,1,,Chlorinated Alkane,Medium Chain Chlorinated Paraffins (C14-17) Total,Total Medium Chain Chlorinated Paraffins (C14-17),NG/G wet,0.345,,EC-Basconcillo,
58766,Lake Trout,Salvelinus,namaycush,44,945,M,,1,2011-09-15,2011,Kusawa Lake,Kusawa Lake,60.416492,-136.209119,YT,WHA,Total_SCCP,1.15882,,1,,Chlorinated Alkane,Short Chain Chlorinated Alkanes (C10-13) Total,Total Short Chain Chlorinated Alkanes (C10-13),NG/G wet,0.009,,EC-Basconcillo,
58767,Lake Trout,Salvelinus,namaycush,49.5,1140,IMM,,1,2011-09-15,2011,Kusawa Lake,Kusawa Lake,60.416492,-136.209119,YT,WHA,Total_MCCP,2.14711,,1,,Chlorinated Alkane,Medium Chain Chlorinated Paraffins (C14-17) Total,Total Medium Chain Chlorinated Paraffins (C14-17),NG/G wet,0.345,,EC-Basconcillo,
58767,Lake Trout,Salvelinus,namaycush,49.5,1140,IMM,,1,2011-09-15,2011,Kusawa Lake,Kusawa Lake,60.416492,-136.209119,YT,WHA,Total_SCCP,1.56466,,1,,Chlorinated Alkane,Short Chain Chlorinated Alkanes (C10-13) Total,Total Short Chain Chlorinated Alkanes (C10-13),NG/G wet,0.009,,EC-Basconcillo,
58839,Lake Trout,Salvelinus,namaycush,64,2958.1,M,ADS,1,2012-05-22,2012,Great Bear Lake,Great Bear Lake,66.241197,-123.739014,NWT,WHA,"13C10-1,5,5,6,6,10-hexachlorodecane",102,,1,2024-02-20,Chlorinated Alkane,"13C10-1,5,5,6,6,10-hexachlorodecane","13C10-1,5,5,6,6,10-hexachlorodecane",PCT,,,NLET,B_ChlorinatedAlkanes_ISO
58839,Lake Trout,Salvelinus,namaycush,64,2958.1,M,ADS,1,2012-05-22,2012,Great Bear Lake,Great Bear Lake,66.241197,-123.739014,NWT,WHA,"Chlorinated Alkanes, SC (C10-C13), Total",50,L,1,2024-02-20,Chlorinated Alkane,Short Chain Chlorinated Alkanes (C10-13) Total,Total Short Chain Chlorinated Alkanes (C10-13),NG/G wet,5,,NLET,B_ChlorinatedAlkanes_ISO
58842,Lake Trout,Salvelinus,namaycush,77,3679.7,M,ADS,1,2012-05-22,2012,Great Bear Lake,Great Bear Lake,66.241197,-123.739014,NWT,WHA,"13C10-1,5,5,6,6,10-hexachlorodecane",97.9,,1,2024-02-20,Chlorinated Alkane,"13C10-1,5,5,6,6,10-hexachlorodecane","13C10-1,5,5,6,6,10-hexachlorodecane",PCT,,,NLET,B_ChlorinatedAlkanes_ISO
58842,Lake Trout,Salvelinus,namaycush,77,3679.7,M,ADS,1,2012-05-22,2012,Great Bear Lake,Great Bear Lake,66.241197,-123.739014,NWT,WHA,"Chlorinated Alkanes, SC (C10-C13), Total",50,L,1,2024-02-20,Chlorinated Alkane,Short Chain Chlorinated Alkanes (C10-13) Total,Total Short Chain Chlorinated Alkanes (C10-13),NG/G wet,5,,NLET,B_ChlorinatedAlkanes_ISO
58843,Lake Trout,Salvelinus,namaycush,72.5,3459.9,F,ADS,1,2012-05-22,2012,Great Bear Lake,Great Bear Lake,66.241197,-123.739014,NWT,WHA,"13C10-1,5,5,6,6,10-hexachlorodecane      ",76.4,,1,2023-10-26,Chlorinated Alkane,"13C10-1,5,5,6,6,10-hexachlorodecane","13C10-1,5,5,6,6,10-hexachlorodecane",PCT,,,NLET,B_ChlorinatedAlkanes_ISO
58843,Lake Trout,Salvelinus,namaycush,72.5,3459.9,F,ADS,1,2012-05-22,2012,Great Bear Lake,Great Bear Lake,66.241197,-123.739014,NWT,WHA,"Chlorinated Alkanes, SC (C10-C13), Total ",50,L,1,2023-10-26,Chlorinated Alkane,Short Chain Chlorinated Alkanes (C10-13) Total,Total Short Chain Chlorinated Alkanes (C10-13),NG/G wet,5,,NLET,B_ChlorinatedAlkanes_ISO
58853,Lake Trout,Salvelinus,namaycush,52.5,1372,F,ADS,1,2012-05-22,2012,Great Bear Lake,Great Bear Lake,66.241197,-123.739014,NWT,WHA,"13C10-1,5,5,6,6,10-hexachlorodecane      ",96.5,,1,2023-10-26,Chlorinated Alkane,"13C10-1,5,5,6,6,10-hexachlorodecane","13C10-1,5,5,6,6,10-hexachlorodecane",PCT,,,NLET,B_ChlorinatedAlkanes_ISO
58853,Lake Trout,Salvelinus,namaycush,52.5,1372,F,ADS,1,2012-05-22,2012,Great Bear Lake,Great Bear Lake,66.241197,-123.739014,NWT,WHA,"Chlorinated Alkanes, SC (C10-C13), Total ",50,L,1,2023-10-26,Chlorinated Alkane,Short Chain Chlorinated Alkanes (C10-13) Total,Total Short Chain Chlorinated Alkanes (C10-13),NG/G wet,5,,NLET,B_ChlorinatedAlkanes_ISO
58856,Lake Trout,Salvelinus,namaycush,71.7,4932.3,F,ADS,1,2012-05-22,2012,Great Bear Lake,Great Bear Lake,66.241197,-123.739014,NWT,WHA,"13C10-1,5,5,6,6,10-hexachlorodecane      ",87.7,,1,2023-10-26,Chlorinated Alkane,"13C10-1,5,5,6,6,10-hexachlorodecane","13C10-1,5,5,6,6,10-hexachlorodecane",PCT,,,NLET,B_ChlorinatedAlkanes_ISO
58856,Lake Trout,Salvelinus,namaycush,71.7,4932.3,F,ADS,1,2012-05-22,2012,Great Bear Lake,Great Bear Lake,66.241197,-123.739014,NWT,WHA,"Chlorinated Alkanes, SC (C10-C13), Total ",50,L,1,2023-10-26,Chlorinated Alkane,Short Chain Chlorinated Alkanes (C10-13) Total,Total Short Chain Chlorinated Alkanes (C10-13),NG/G wet,5,,NLET,B_ChlorinatedAlkanes_ISO
59969,Lake Trout,Salvelinus,namaycush,53.2,1683,M,ADS,1,2013-05-29,2013,Lake Huron,Southern Basin L Huron,43.75,-81.83333,ON,WHA,"13C10-1,5,5,6,6,10-hexachlorodecane",86,,1,2018-02-08,Chlorinated Alkane,"13C10-1,5,5,6,6,10-hexachlorodecane","13C10-1,5,5,6,6,10-hexachlorodecane",PCT,,,NLET,B_ChlorinatedAlkanes_ISO
59969,Lake Trout,Salvelinus,namaycush,53.2,1683,M,ADS,1,2013-05-29,2013,Lake Huron,Southern Basin L Huron,43.75,-81.83333,ON,WHA,"Chlorinated Alkanes, SC (C10-C13), Total",5,BDL,1,2018-02-08,Chlorinated Alkane,Short Chain Chlorinated Alkanes (C10-13) Total,Total Short Chain Chlorinated Alkanes (C10-13),NG/G wet,5,,NLET,B_ChlorinatedAlkanes_ISO
59971,Lake Trout,Salvelinus,namaycush,39.5,661,M,ADS,1,2013-05-29,2013,Lake Huron,Southern Basin L Huron,43.75,-81.83333,ON,WHA,"13C10-1,5,5,6,6,10-hexachlorodecane",77,,1,2018-05-10,Chlorinated Alkane,"13C10-1,5,5,6,6,10-hexachlorodecane","13C10-1,5,5,6,6,10-hexachlorodecane",PCT,,,NLET,B_ChlorinatedAlkanes_ISO
59971,Lake Trout,Salvelinus,namaycush,39.5,661,M,ADS,1,2013-05-29,2013,Lake Huron,Southern Basin L Huron,43.75,-81.83333,ON,WHA,"Chlorinated Alkanes, SC (C10-C13), Total",20.6,,1,2018-05-10,Chlorinated Alkane,Short Chain Chlorinated Alkanes (C10-13) Total,Total Short Chain Chlorinated Alkanes (C10-13),NG/G wet,5,,NLET,B_ChlorinatedAlkanes_ISO
59973,Lake Trout,Salvelinus,namaycush,55.1,1870.5,M,ADS,1,2013-05-29,2013,Lake Huron,Southern Basin L Huron,43.75,-81.83333,ON,WHA,"13C10-1,5,5,6,6,10-hexachlorodecane",97.8,,1,2018-02-08,Chlorinated Alkane,"13C10-1,5,5,6,6,10-hexachlorodecane","13C10-1,5,5,6,6,10-hexachlorodecane",PCT,,,NLET,B_ChlorinatedAlkanes_ISO
59973,Lake Trout,Salvelinus,namaycush,55.1,1870.5,M,ADS,1,2013-05-29,2013,Lake Huron,Southern Basin L Huron,43.75,-81.83333,ON,WHA,"Chlorinated Alkanes, SC (C10-C13), Total",5,BDL,1,2018-02-08,Chlorinated Alkane,Short Chain Chlorinated Alkanes (C10-13) Total,Total Short Chain Chlorinated Alkanes (C10-13),NG/G wet,5,,NLET,B_ChlorinatedAlkanes_ISO
59987,Lake Trout,Salvelinus,namaycush,47.8,1118,F,ADS,1,2013-06-05,2013,Lake Huron,Georgian Bay,44.7,-80.58333,ON,WHA,"13C10-1,5,5,6,6,10-hexachlorodecane",99.2,,1,2018-02-08,Chlorinated Alkane,"13C10-1,5,5,6,6,10-hexachlorodecane","13C10-1,5,5,6,6,10-hexachlorodecane",PCT,,,NLET,B_ChlorinatedAlkanes_ISO
59987,Lake Trout,Salvelinus,namaycush,47.8,1118,F,ADS,1,2013-06-05,2013,Lake Huron,Georgian Bay,44.7,-80.58333,ON,WHA,"Chlorinated Alkanes, SC (C10-C13), Total",5,BDL,1,2018-02-08,Chlorinated Alkane,Short Chain Chlorinated Alkanes (C10-13) Total,Total Short Chain Chlorinated Alkanes (C10-13),NG/G wet,5,,NLET,B_ChlorinatedAlkanes_ISO
59988,Lake Trout,Salvelinus,namaycush,52,1450.6,M,ADS,1,2013-06-05,2013,Lake Huron,Georgian Bay,44.7,-80.58333,ON,WHA,"13C10-1,5,5,6,6,10-hexachlorodecane",110,,1,2018-05-10,Chlorinated Alkane,"13C10-1,5,5,6,6,10-hexachlorodecane","13C10-1,5,5,6,6,10-hexachlorodecane",PCT,,,NLET,B_ChlorinatedAlkanes_ISO
59988,Lake Trout,Salvelinus,namaycush,52,1450.6,M,ADS,1,2013-06-05,2013,Lake Huron,Georgian Bay,44.7,-80.58333,ON,WHA,"Chlorinated Alkanes, SC (C10-C13), Total",24.5,,1,2018-05-10,Chlorinated Alkane,Short Chain Chlorinated Alkanes (C10-13) Total,Total Short Chain Chlorinated Alkanes (C10-13),NG/G wet,5,,NLET,B_ChlorinatedAlkanes_ISO
59989,Lake Trout,Salvelinus,namaycush,46,1166,F,ADS,1,2013-06-05,2013,Lake Huron,Georgian Bay,44.7,-80.58333,ON,WHA,"13C10-1,5,5,6,6,10-hexachlorodecane",102,,1,2018-02-08,Chlorinated Alkane,"13C10-1,5,5,6,6,10-hexachlorodecane","13C10-1,5,5,6,6,10-hexachlorodecane",PCT,,,NLET,B_ChlorinatedAlkanes_ISO
59989,Lake Trout,Salvelinus,namaycush,46,1166,F,ADS,1,2013-06-05,2013,Lake Huron,Georgian Bay,44.7,-80.58333,ON,WHA,"Chlorinated Alkanes, SC (C10-C13), Total",5,BDL,1,2018-02-08,Chlorinated Alkane,Short Chain Chlorinated Alkanes (C10-13) Total,Total Short Chain Chlorinated Alkanes (C10-13),NG/G wet,5,,NLET,B_ChlorinatedAlkanes_ISO
59994,Lake Trout,Salvelinus,namaycush,46,1163,M,ADS,1,2013-06-05,2013,Lake Huron,Georgian Bay,44.7,-80.58333,ON,WHA,"13C10-1,5,5,6,6,10-hexachlorodecane",94.7,,1,2018-05-10,Chlorinated Alkane,"13C10-1,5,5,6,6,10-hexachlorodecane","13C10-1,5,5,6,6,10-hexachlorodecane",PCT,,,NLET,B_ChlorinatedAlkanes_ISO
59994,Lake Trout,Salvelinus,namaycush,46,1163,M,ADS,1,2013-06-05,2013,Lake Huron,Georgian Bay,44.7,-80.58333,ON,WHA,"Chlorinated Alkanes, SC (C10-C13), Total",29.3,,1,2018-05-10,Chlorinated Alkane,Short Chain Chlorinated Alkanes (C10-13) Total,Total Short Chain Chlorinated Alkanes (C10-13),NG/G wet,5,,NLET,B_ChlorinatedAlkanes_ISO
59995,Lake Trout,Salvelinus,namaycush,45.5,963,M,ADS,1,2013-06-05,2013,Lake Huron,Georgian Bay,44.7,-80.58333,ON,WHA,"13C10-1,5,5,6,6,10-hexachlorodecane",90.6,,1,2018-05-10,Chlorinated Alkane,"13C10-1,5,5,6,6,10-hexachlorodecane","13C10-1,5,5,6,6,10-hexachlorodecane",PCT,,,NLET,B_ChlorinatedAlkanes_ISO
59995,Lake Trout,Salvelinus,namaycush,45.5,963,M,ADS,1,2013-06-05,2013,Lake Huron,Georgian Bay,44.7,-80.58333,ON,WHA,"13C10-1,5,5,6,6,10-hexachlorodecane",95.6,,2,2025-09-17,Chlorinated Alkane,"13C10-1,5,5,6,6,10-hexachlorodecane","13C10-1,5,5,6,6,10-hexachlorodecane",PCT,,,NLET,B_ChlorinatedAlkanes_ISO
59995,Lake Trout,Salvelinus,namaycush,45.5,963,M,ADS,1,2013-06-05,2013,Lake Huron,Georgian Bay,44.7,-80.58333,ON,WHA,"Chlorinated Alkanes, SC (C10-C13), Total",38.3,,1,2018-05-10,Chlorinated Alkane,Short Chain Chlorinated Alkanes (C10-13) Total,Total Short Chain Chlorinated Alkanes (C10-13),NG/G wet,5,,NLET,B_ChlorinatedAlkanes_ISO
59995,Lake Trout,Salvelinus,namaycush,45.5,963,M,ADS,1,2013-06-05,2013,Lake Huron,Georgian Bay,44.7,-80.58333,ON,WHA,"Chlorinated Alkanes, SC (C10-C13), Total",50,BDL,2,2025-09-17,Chlorinated Alkane,Short Chain Chlorinated Alkanes (C10-13) Total,Total Short Chain Chlorinated Alkanes (C10-13),NG/G wet,5,,NLET,B_ChlorinatedAlkanes_ISO
59997,Lake Trout,Salvelinus,namaycush,56.7,2106.9,F,ADS,1,2013-06-05,2013,Lake Huron,Georgian Bay,44.7,-80.58333,ON,WHA,"13C10-1,5,5,6,6,10-hexachlorodecane",111,,1,2018-05-10,Chlorinated Alkane,"13C10-1,5,5,6,6,10-hexachlorodecane","13C10-1,5,5,6,6,10-hexachlorodecane",PCT,,,NLET,B_ChlorinatedAlkanes_ISO
59997,Lake Trout,Salvelinus,namaycush,56.7,2106.9,F,ADS,1,2013-06-05,2013,Lake Huron,Georgian Bay,44.7,-80.58333,ON,WHA,"13C10-1,5,5,6,6,10-hexachlorodecane",113,,2,2025-09-17,Chlorinated Alkane,"13C10-1,5,5,6,6,10-hexachlorodecane","13C10-1,5,5,6,6,10-hexachlorodecane",PCT,,,NLET,B_ChlorinatedAlkanes_ISO
59997,Lake Trout,Salvelinus,namaycush,56.7,2106.9,F,ADS,1,2013-06-05,2013,Lake Huron,Georgian Bay,44.7,-80.58333,ON,WHA,"Chlorinated Alkanes, SC (C10-C13), Total",40,,1,2018-05-10,Chlorinated Alkane,Short Chain Chlorinated Alkanes (C10-13) Total,Total Short Chain Chlorinated Alkanes (C10-13),NG/G wet,5,,NLET,B_ChlorinatedAlkanes_ISO
59997,Lake Trout,Salvelinus,namaycush,56.7,2106.9,F,ADS,1,2013-06-05,2013,Lake Huron,Georgian Bay,44.7,-80.58333,ON,WHA,"Chlorinated Alkanes, SC (C10-C13), Total",50,BDL,2,2025-09-17,Chlorinated Alkane,Short Chain Chlorinated Alkanes (C10-13) Total,Total Short Chain Chlorinated Alkanes (C10-13),NG/G wet,5,,NLET,B_ChlorinatedAlkanes_ISO
60006,Lake Trout,Salvelinus,namaycush,57,2498.4,M,ADS,1,2013-07-11,2013,Lake Superior,Whitefish Bay L Superior,46.58333,-84.75,ON,WHA,"13C10-1,5,5,6,6,10-hexachlorodecane",96.4,,1,2018-05-10,Chlorinated Alkane,"13C10-1,5,5,6,6,10-hexachlorodecane","13C10-1,5,5,6,6,10-hexachlorodecane",PCT,,,NLET,B_ChlorinatedAlkanes_ISO
60006,Lake Trout,Salvelinus,namaycush,57,2498.4,M,ADS,1,2013-07-11,2013,Lake Superior,Whitefish Bay L Superior,46.58333,-84.75,ON,WHA,"Chlorinated Alkanes, SC (C10-C13), Total",15.6,,1,2018-05-10,Chlorinated Alkane,Short Chain Chlorinated Alkanes (C10-13) Total,Total Short Chain Chlorinated Alkanes (C10-13),NG/G wet,5,,NLET,B_ChlorinatedAlkanes_ISO
60008,Lake Trout,Salvelinus,namaycush,57,1579.3,F,ADS,1,2013-07-11,2013,Lake Superior,Whitefish Bay L Superior,46.58333,-84.75,ON,WHA,"13C10-1,5,5,6,6,10-hexachlorodecane",110,,1,2018-05-10,Chlorinated Alkane,"13C10-1,5,5,6,6,10-hexachlorodecane","13C10-1,5,5,6,6,10-hexachlorodecane",PCT,,,NLET,B_ChlorinatedAlkanes_ISO
60008,Lake Trout,Salvelinus,namaycush,57,1579.3,F,ADS,1,2013-07-11,2013,Lake Superior,Whitefish Bay L Superior,46.58333,-84.75,ON,WHA,"13C10-1,5,5,6,6,10-hexachlorodecane",98.6,,2,2025-09-17,Chlorinated Alkane,"13C10-1,5,5,6,6,10-hexachlorodecane","13C10-1,5,5,6,6,10-hexachlorodecane",PCT,,,NLET,B_ChlorinatedAlkanes_ISO
60008,Lake Trout,Salvelinus,namaycush,57,1579.3,F,ADS,1,2013-07-11,2013,Lake Superior,Whitefish Bay L Superior,46.58333,-84.75,ON,WHA,"Chlorinated Alkanes, SC (C10-C13), Total",56.8,,1,2018-05-10,Chlorinated Alkane,Short Chain Chlorinated Alkanes (C10-13) Total,Total Short Chain Chlorinated Alkanes (C10-13),NG/G wet,5,,NLET,B_ChlorinatedAlkanes_ISO
60008,Lake Trout,Salvelinus,namaycush,57,1579.3,F,ADS,1,2013-07-11,2013,Lake Superior,Whitefish Bay L Superior,46.58333,-84.75,ON,WHA,"Chlorinated Alkanes, SC (C10-C13), Total",50,BDL,2,2025-09-17,Chlorinated Alkane,Short Chain Chlorinated Alkanes (C10-13) Total,Total Short Chain Chlorinated Alkanes (C10-13),NG/G wet,5,,NLET,B_ChlorinatedAlkanes_ISO
60009,Lake Trout,Salvelinus,namaycush,52.8,1812,F,ADS,1,2013-07-11,2013,Lake Superior,Whitefish Bay L Superior,46.58333,-84.75,ON,WHA,"13C10-1,5,5,6,6,10-hexachlorodecane",111,,1,2018-05-10,Chlorinated Alkane,"13C10-1,5,5,6,6,10-hexachlorodecane","13C10-1,5,5,6,6,10-hexachlorodecane",PCT,,,NLET,B_ChlorinatedAlkanes_ISO
60009,Lake Trout,Salvelinus,namaycush,52.8,1812,F,ADS,1,2013-07-11,2013,Lake Superior,Whitefish Bay L Superior,46.58333,-84.75,ON,WHA,"Chlorinated Alkanes, SC (C10-C13), Total",28.6,,1,2018-05-10,Chlorinated Alkane,Short Chain Chlorinated Alkanes (C10-13) Total,Total Short Chain Chlorinated Alkanes (C10-13),NG/G wet,5,,NLET,B_ChlorinatedAlkanes_ISO
60010,Lake Trout,Salvelinus,namaycush,43,952.5,M,ADS,1,2013-07-11,2013,Lake Superior,Whitefish Bay L Superior,46.58333,-84.75,ON,WHA,"13C10-1,5,5,6,6,10-hexachlorodecane",94.3,,1,2018-05-10,Chlorinated Alkane,"13C10-1,5,5,6,6,10-hexachlorodecane","13C10-1,5,5,6,6,10-hexachlorodecane",PCT,,,NLET,B_ChlorinatedAlkanes_ISO
60010,Lake Trout,Salvelinus,namaycush,43,952.5,M,ADS,1,2013-07-11,2013,Lake Superior,Whitefish Bay L Superior,46.58333,-84.75,ON,WHA,"Chlorinated Alkanes, SC (C10-C13), Total",18.8,,1,2018-05-10,Chlorinated Alkane,Short Chain Chlorinated Alkanes (C10-13) Total,Total Short Chain Chlorinated Alkanes (C10-13),NG/G wet,5,,NLET,B_ChlorinatedAlkanes_ISO
60011,Lake Trout,Salvelinus,namaycush,58,2336,M,ADS,1,2013-07-11,2013,Lake Superior,Whitefish Bay L Superior,46.58333,-84.75,ON,WHA,"13C10-1,5,5,6,6,10-hexachlorodecane",126,,1,2018-05-11,Chlorinated Alkane,"13C10-1,5,5,6,6,10-hexachlorodecane","13C10-1,5,5,6,6,10-hexachlorodecane",PCT,,,NLET,B_ChlorinatedAlkanes_ISO
60011,Lake Trout,Salvelinus,namaycush,58,2336,M,ADS,1,2013-07-11,2013,Lake Superior,Whitefish Bay L Superior,46.58333,-84.75,ON,WHA,"Chlorinated Alkanes, SC (C10-C13), Total",5.97,,1,2018-05-11,Chlorinated Alkane,Short Chain Chlorinated Alkanes (C10-13) Total,Total Short Chain Chlorinated Alkanes (C10-13),NG/G wet,5,,NLET,B_ChlorinatedAlkanes_ISO
60012,Lake Trout,Salvelinus,namaycush,58.8,2576.3,F,ADS,1,2013-07-11,2013,Lake Superior,Whitefish Bay L Superior,46.58333,-84.75,ON,WHA,"13C10-1,5,5,6,6,10-hexachlorodecane",140,,1,2018-05-11,Chlorinated Alkane,"13C10-1,5,5,6,6,10-hexachlorodecane","13C10-1,5,5,6,6,10-hexachlorodecane",PCT,,,NLET,B_ChlorinatedAlkanes_ISO
60012,Lake Trout,Salvelinus,namaycush,58.8,2576.3,F,ADS,1,2013-07-11,2013,Lake Superior,Whitefish Bay L Superior,46.58333,-84.75,ON,WHA,"Chlorinated Alkanes, SC (C10-C13), Total",6.69,,1,2018-05-11,Chlorinated Alkane,Short Chain Chlorinated Alkanes (C10-13) Total,Total Short Chain Chlorinated Alkanes (C10-13),NG/G wet,5,,NLET,B_ChlorinatedAlkanes_ISO
60013,Lake Trout,Salvelinus,namaycush,51,1505,M,ADS,1,2013-07-11,2013,Lake Superior,Whitefish Bay L Superior,46.58333,-84.75,ON,WHA,"13C10-1,5,5,6,6,10-hexachlorodecane",145,,1,2018-05-11,Chlorinated Alkane,"13C10-1,5,5,6,6,10-hexachlorodecane","13C10-1,5,5,6,6,10-hexachlorodecane",PCT,,,NLET,B_ChlorinatedAlkanes_ISO
60013,Lake Trout,Salvelinus,namaycush,51,1505,M,ADS,1,2013-07-11,2013,Lake Superior,Whitefish Bay L Superior,46.58333,-84.75,ON,WHA,"Chlorinated Alkanes, SC (C10-C13), Total",15,,1,2018-05-11,Chlorinated Alkane,Short Chain Chlorinated Alkanes (C10-13) Total,Total Short Chain Chlorinated Alkanes (C10-13),NG/G wet,5,,NLET,B_ChlorinatedAlkanes_ISO
60014,Lake Trout,Salvelinus,namaycush,36,645,M,ADS,1,2013-07-11,2013,Lake Superior,Whitefish Bay L Superior,46.58333,-84.75,ON,WHA,"13C10-1,5,5,6,6,10-hexachlorodecane",101,,1,2018-02-09,Chlorinated Alkane,"13C10-1,5,5,6,6,10-hexachlorodecane","13C10-1,5,5,6,6,10-hexachlorodecane",PCT,,,NLET,B_ChlorinatedAlkanes_ISO
60014,Lake Trout,Salvelinus,namaycush,36,645,M,ADS,1,2013-07-11,2013,Lake Superior,Whitefish Bay L Superior,46.58333,-84.75,ON,WHA,"Chlorinated Alkanes, SC (C10-C13), Total",5,BDL,1,2018-02-09,Chlorinated Alkane,Short Chain Chlorinated Alkanes (C10-13) Total,Total Short Chain Chlorinated Alkanes (C10-13),NG/G wet,5,,NLET,B_ChlorinatedAlkanes_ISO
60015,Lake Trout,Salvelinus,namaycush,48,1188.1,M,ADS,1,2013-07-11,2013,Lake Superior,Whitefish Bay L Superior,46.58333,-84.75,ON,WHA,"13C10-1,5,5,6,6,10-hexachlorodecane",101,,1,2018-02-09,Chlorinated Alkane,"13C10-1,5,5,6,6,10-hexachlorodecane","13C10-1,5,5,6,6,10-hexachlorodecane",PCT,,,NLET,B_ChlorinatedAlkanes_ISO
60015,Lake Trout,Salvelinus,namaycush,48,1188.1,M,ADS,1,2013-07-11,2013,Lake Superior,Whitefish Bay L Superior,46.58333,-84.75,ON,WHA,"Chlorinated Alkanes, SC (C10-C13), Total",8.28,,1,2018-02-09,Chlorinated Alkane,Short Chain Chlorinated Alkanes (C10-13) Total,Total Short Chain Chlorinated Alkanes (C10-13),NG/G wet,5,,NLET,B_ChlorinatedAlkanes_ISO
60032,Lake Trout,Salvelinus,namaycush,49,1074.5,M,ADS,1,2013-07-17,2013,Lake Superior,Thunder Bay L Superior,48.25,-89,ON,WHA,"13C10-1,5,5,6,6,10-hexachlorodecane",103,,1,2018-02-09,Chlorinated Alkane,"13C10-1,5,5,6,6,10-hexachlorodecane","13C10-1,5,5,6,6,10-hexachlorodecane",PCT,,,NLET,B_ChlorinatedAlkanes_ISO
60032,Lake Trout,Salvelinus,namaycush,49,1074.5,M,ADS,1,2013-07-17,2013,Lake Superior,Thunder Bay L Superior,48.25,-89,ON,WHA,"Chlorinated Alkanes, SC (C10-C13), Total",5,BDL,1,2018-02-09,Chlorinated Alkane,Short Chain Chlorinated Alkanes (C10-13) Total,Total Short Chain Chlorinated Alkanes (C10-13),NG/G wet,5,,NLET,B_ChlorinatedAlkanes_ISO
60033,Lake Trout,Salvelinus,namaycush,45,841.1,M,ADS,1,2013-07-17,2013,Lake Superior,Thunder Bay L Superior,48.25,-89,ON,WHA,"13C10-1,5,5,6,6,10-hexachlorodecane",101,,1,2018-02-09,Chlorinated Alkane,"13C10-1,5,5,6,6,10-hexachlorodecane","13C10-1,5,5,6,6,10-hexachlorodecane",PCT,,,NLET,B_ChlorinatedAlkanes_ISO
60033,Lake Trout,Salvelinus,namaycush,45,841.1,M,ADS,1,2013-07-17,2013,Lake Superior,Thunder Bay L Superior,48.25,-89,ON,WHA,"Chlorinated Alkanes, SC (C10-C13), Total",5,BDL,1,2018-02-09,Chlorinated Alkane,Short Chain Chlorinated Alkanes (C10-13) Total,Total Short Chain Chlorinated Alkanes (C10-13),NG/G wet,5,,NLET,B_ChlorinatedAlkanes_ISO
60034,Lake Trout,Salvelinus,namaycush,54,1309,M,ADS,1,2013-07-17,2013,Lake Superior,Thunder Bay L Superior,48.25,-89,ON,WHA,"13C10-1,5,5,6,6,10-hexachlorodecane",154,,1,2018-05-11,Chlorinated Alkane,"13C10-1,5,5,6,6,10-hexachlorodecane","13C10-1,5,5,6,6,10-hexachlorodecane",PCT,,,NLET,B_ChlorinatedAlkanes_ISO
60034,Lake Trout,Salvelinus,namaycush,54,1309,M,ADS,1,2013-07-17,2013,Lake Superior,Thunder Bay L Superior,48.25,-89,ON,WHA,"Chlorinated Alkanes, SC (C10-C13), Total",5,BDL,1,2018-05-11,Chlorinated Alkane,Short Chain Chlorinated Alkanes (C10-13) Total,Total Short Chain Chlorinated Alkanes (C10-13),NG/G wet,5,,NLET,B_ChlorinatedAlkanes_ISO
60035,Lake Trout,Salvelinus,namaycush,37,581.6,M,ADS,1,2013-07-17,2013,Lake Superior,Thunder Bay L Superior,48.25,-89,ON,WHA,"13C10-1,5,5,6,6,10-hexachlorodecane",141,,1,2018-05-11,Chlorinated Alkane,"13C10-1,5,5,6,6,10-hexachlorodecane","13C10-1,5,5,6,6,10-hexachlorodecane",PCT,,,NLET,B_ChlorinatedAlkanes_ISO
60035,Lake Trout,Salvelinus,namaycush,37,581.6,M,ADS,1,2013-07-17,2013,Lake Superior,Thunder Bay L Superior,48.25,-89,ON,WHA,"Chlorinated Alkanes, SC (C10-C13), Total",8.02,,1,2018-05-11,Chlorinated Alkane,Short Chain Chlorinated Alkanes (C10-13) Total,Total Short Chain Chlorinated Alkanes (C10-13),NG/G wet,5,,NLET,B_ChlorinatedAlkanes_ISO
60039,Lake Trout,Salvelinus,namaycush,49,1046,M,ADS,1,2013-07-17,2013,Lake Superior,Thunder Bay L Superior,48.25,-89,ON,WHA,"13C10-1,5,5,6,6,10-hexachlorodecane",114,,1,2018-05-11,Chlorinated Alkane,"13C10-1,5,5,6,6,10-hexachlorodecane","13C10-1,5,5,6,6,10-hexachlorodecane",PCT,,,NLET,B_ChlorinatedAlkanes_ISO
60039,Lake Trout,Salvelinus,namaycush,49,1046,M,ADS,1,2013-07-17,2013,Lake Superior,Thunder Bay L Superior,48.25,-89,ON,WHA,"Chlorinated Alkanes, SC (C10-C13), Total",5,BDL,1,2018-05-11,Chlorinated Alkane,Short Chain Chlorinated Alkanes (C10-13) Total,Total Short Chain Chlorinated Alkanes (C10-13),NG/G wet,5,,NLET,B_ChlorinatedAlkanes_ISO
60040,Lake Trout,Salvelinus,namaycush,47.5,1003,M,ADS,1,2013-07-17,2013,Lake Superior,Thunder Bay L Superior,48.25,-89,ON,WHA,"13C10-1,5,5,6,6,10-hexachlorodecane",166,,1,2018-05-11,Chlorinated Alkane,"13C10-1,5,5,6,6,10-hexachlorodecane","13C10-1,5,5,6,6,10-hexachlorodecane",PCT,,,NLET,B_ChlorinatedAlkanes_ISO
60040,Lake Trout,Salvelinus,namaycush,47.5,1003,M,ADS,1,2013-07-17,2013,Lake Superior,Thunder Bay L Superior,48.25,-89,ON,WHA,"Chlorinated Alkanes, SC (C10-C13), Total",5,BDL,1,2018-05-11,Chlorinated Alkane,Short Chain Chlorinated Alkanes (C10-13) Total,Total Short Chain Chlorinated Alkanes (C10-13),NG/G wet,5,,NLET,B_ChlorinatedAlkanes_ISO
60042,Lake Trout,Salvelinus,namaycush,43,829.7,F,ADS,1,2013-07-17,2013,Lake Superior,Thunder Bay L Superior,48.25,-89,ON,WHA,"13C10-1,5,5,6,6,10-hexachlorodecane",120,,1,2018-05-25,Chlorinated Alkane,"13C10-1,5,5,6,6,10-hexachlorodecane","13C10-1,5,5,6,6,10-hexachlorodecane",PCT,,,NLET,B_ChlorinatedAlkanes_ISO
60042,Lake Trout,Salvelinus,namaycush,43,829.7,F,ADS,1,2013-07-17,2013,Lake Superior,Thunder Bay L Superior,48.25,-89,ON,WHA,"Chlorinated Alkanes, SC (C10-C13), Total",5,BDL,1,2018-05-25,Chlorinated Alkane,Short Chain Chlorinated Alkanes (C10-13) Total,Total Short Chain Chlorinated Alkanes (C10-13),NG/G wet,5,,NLET,B_ChlorinatedAlkanes_ISO
60100,Lake Trout,Salvelinus,namaycush,66,3171,M,ADS,1,2013-08-21,2013,Lake Ontario,Central Basin L Ontario,43.91667,-78.16667,ON,WHA,"13C10-1,5,5,6,6,10-hexachlorodecane",112,,1,2018-02-06,Chlorinated Alkane,"13C10-1,5,5,6,6,10-hexachlorodecane","13C10-1,5,5,6,6,10-hexachlorodecane",PCT,,,NLET,B_ChlorinatedAlkanes_ISO
60100,Lake Trout,Salvelinus,namaycush,66,3171,M,ADS,1,2013-08-21,2013,Lake Ontario,Central Basin L Ontario,43.91667,-78.16667,ON,WHA,"Chlorinated Alkanes, SC (C10-C13), Total",5,BDL,1,2018-02-06,Chlorinated Alkane,Short Chain Chlorinated Alkanes (C10-13) Total,Total Short Chain Chlorinated Alkanes (C10-13),NG/G wet,5,,NLET,B_ChlorinatedAlkanes_ISO
60101,Lake Trout,Salvelinus,namaycush,60.5,2385.8,M,ADS,1,2013-08-21,2013,Lake Ontario,Central Basin L Ontario,43.91667,-78.16667,ON,WHA,"13C10-1,5,5,6,6,10-hexachlorodecane",123,,1,2018-02-06,Chlorinated Alkane,"13C10-1,5,5,6,6,10-hexachlorodecane","13C10-1,5,5,6,6,10-hexachlorodecane",PCT,,,NLET,B_ChlorinatedAlkanes_ISO
60101,Lake Trout,Salvelinus,namaycush,60.5,2385.8,M,ADS,1,2013-08-21,2013,Lake Ontario,Central Basin L Ontario,43.91667,-78.16667,ON,WHA,"Chlorinated Alkanes, SC (C10-C13), Total",5.17,,1,2018-02-06,Chlorinated Alkane,Short Chain Chlorinated Alkanes (C10-13) Total,Total Short Chain Chlorinated Alkanes (C10-13),NG/G wet,5,,NLET,B_ChlorinatedAlkanes_ISO
60102,Lake Trout,Salvelinus,namaycush,45,1155,F,ADS,1,2013-08-21,2013,Lake Ontario,Central Basin L Ontario,43.91667,-78.16667,ON,WHA,"13C10-1,5,5,6,6,10-hexachlorodecane",119,,1,2018-05-25,Chlorinated Alkane,"13C10-1,5,5,6,6,10-hexachlorodecane","13C10-1,5,5,6,6,10-hexachlorodecane",PCT,,,NLET,B_ChlorinatedAlkanes_ISO
60102,Lake Trout,Salvelinus,namaycush,45,1155,F,ADS,1,2013-08-21,2013,Lake Ontario,Central Basin L Ontario,43.91667,-78.16667,ON,WHA,"Chlorinated Alkanes, SC (C10-C13), Total",5,BDL,1,2018-05-25,Chlorinated Alkane,Short Chain Chlorinated Alkanes (C10-13) Total,Total Short Chain Chlorinated Alkanes (C10-13),NG/G wet,5,,NLET,B_ChlorinatedAlkanes_ISO
60103,Lake Trout,Salvelinus,namaycush,59,2623.5,M,ADS,1,2013-08-21,2013,Lake Ontario,Central Basin L Ontario,43.91667,-78.16667,ON,WHA,"13C10-1,5,5,6,6,10-hexachlorodecane",149,,1,2018-05-25,Chlorinated Alkane,"13C10-1,5,5,6,6,10-hexachlorodecane","13C10-1,5,5,6,6,10-hexachlorodecane",PCT,,,NLET,B_ChlorinatedAlkanes_ISO
60103,Lake Trout,Salvelinus,namaycush,59,2623.5,M,ADS,1,2013-08-21,2013,Lake Ontario,Central Basin L Ontario,43.91667,-78.16667,ON,WHA,"Chlorinated Alkanes, SC (C10-C13), Total",5,BDL,1,2018-05-25,Chlorinated Alkane,Short Chain Chlorinated Alkanes (C10-13) Total,Total Short Chain Chlorinated Alkanes (C10-13),NG/G wet,5,,NLET,B_ChlorinatedAlkanes_ISO
60104,Lake Trout,Salvelinus,namaycush,62,3251.1,F,ADS,1,2013-08-21,2013,Lake Ontario,Central Basin L Ontario,43.91667,-78.16667,ON,WHA,"13C10-1,5,5,6,6,10-hexachlorodecane",148,,1,2018-05-25,Chlorinated Alkane,"13C10-1,5,5,6,6,10-hexachlorodecane","13C10-1,5,5,6,6,10-hexachlorodecane",PCT,,,NLET,B_ChlorinatedAlkanes_ISO
60104,Lake Trout,Salvelinus,namaycush,62,3251.1,F,ADS,1,2013-08-21,2013,Lake Ontario,Central Basin L Ontario,43.91667,-78.16667,ON,WHA,"Chlorinated Alkanes, SC (C10-C13), Total",5,BDL,1,2018-05-25,Chlorinated Alkane,Short Chain Chlorinated Alkanes (C10-13) Total,Total Short Chain Chlorinated Alkanes (C10-13),NG/G wet,5,,NLET,B_ChlorinatedAlkanes_ISO
60105,Lake Trout,Salvelinus,namaycush,52.5,1727,M,ADS,1,2013-08-21,2013,Lake Ontario,Central Basin L Ontario,43.91667,-78.16667,ON,WHA,"13C10-1,5,5,6,6,10-hexachlorodecane",135,,1,2018-06-01,Chlorinated Alkane,"13C10-1,5,5,6,6,10-hexachlorodecane","13C10-1,5,5,6,6,10-hexachlorodecane",PCT,,,NLET,B_ChlorinatedAlkanes_ISO
60105,Lake Trout,Salvelinus,namaycush,52.5,1727,M,ADS,1,2013-08-21,2013,Lake Ontario,Central Basin L Ontario,43.91667,-78.16667,ON,WHA,"Chlorinated Alkanes, SC (C10-C13), Total",5,BDL,1,2018-06-01,Chlorinated Alkane,Short Chain Chlorinated Alkanes (C10-13) Total,Total Short Chain Chlorinated Alkanes (C10-13),NG/G wet,5,,NLET,B_ChlorinatedAlkanes_ISO
60106,Lake Trout,Salvelinus,namaycush,63,3840,F,ADS,1,2013-08-21,2013,Lake Ontario,Central Basin L Ontario,43.91667,-78.16667,ON,WHA,"13C10-1,5,5,6,6,10-hexachlorodecane",126,,1,2018-06-01,Chlorinated Alkane,"13C10-1,5,5,6,6,10-hexachlorodecane","13C10-1,5,5,6,6,10-hexachlorodecane",PCT,,,NLET,B_ChlorinatedAlkanes_ISO
60106,Lake Trout,Salvelinus,namaycush,63,3840,F,ADS,1,2013-08-21,2013,Lake Ontario,Central Basin L Ontario,43.91667,-78.16667,ON,WHA,"Chlorinated Alkanes, SC (C10-C13), Total",5,BDL,1,2018-06-01,Chlorinated Alkane,Short Chain Chlorinated Alkanes (C10-13) Total,Total Short Chain Chlorinated Alkanes (C10-13),NG/G wet,5,,NLET,B_ChlorinatedAlkanes_ISO
60107,Lake Trout,Salvelinus,namaycush,69,4817,F,ADS,1,2013-08-21,2013,Lake Ontario,Central Basin L Ontario,43.91667,-78.16667,ON,WHA,"13C10-1,5,5,6,6,10-hexachlorodecane",130,,1,2018-06-01,Chlorinated Alkane,"13C10-1,5,5,6,6,10-hexachlorodecane","13C10-1,5,5,6,6,10-hexachlorodecane",PCT,,,NLET,B_ChlorinatedAlkanes_ISO
60107,Lake Trout,Salvelinus,namaycush,69,4817,F,ADS,1,2013-08-21,2013,Lake Ontario,Central Basin L Ontario,43.91667,-78.16667,ON,WHA,"Chlorinated Alkanes, SC (C10-C13), Total",5,BDL,1,2018-06-01,Chlorinated Alkane,Short Chain Chlorinated Alkanes (C10-13) Total,Total Short Chain Chlorinated Alkanes (C10-13),NG/G wet,5,,NLET,B_ChlorinatedAlkanes_ISO
60108,Lake Trout,Salvelinus,namaycush,73,5052.8,F,ADS,1,2013-08-21,2013,Lake Ontario,Central Basin L Ontario,43.91667,-78.16667,ON,WHA,"13C10-1,5,5,6,6,10-hexachlorodecane",133,,1,2018-06-01,Chlorinated Alkane,"13C10-1,5,5,6,6,10-hexachlorodecane","13C10-1,5,5,6,6,10-hexachlorodecane",PCT,,,NLET,B_ChlorinatedAlkanes_ISO
60108,Lake Trout,Salvelinus,namaycush,73,5052.8,F,ADS,1,2013-08-21,2013,Lake Ontario,Central Basin L Ontario,43.91667,-78.16667,ON,WHA,"Chlorinated Alkanes, SC (C10-C13), Total",5,BDL,1,2018-06-01,Chlorinated Alkane,Short Chain Chlorinated Alkanes (C10-13) Total,Total Short Chain Chlorinated Alkanes (C10-13),NG/G wet,5,,NLET,B_ChlorinatedAlkanes_ISO
60109,Lake Trout,Salvelinus,namaycush,49.5,1510,M,ADS,1,2013-08-21,2013,Lake Ontario,Central Basin L Ontario,43.91667,-78.16667,ON,WHA,"13C10-1,5,5,6,6,10-hexachlorodecane",168,,1,2018-06-01,Chlorinated Alkane,"13C10-1,5,5,6,6,10-hexachlorodecane","13C10-1,5,5,6,6,10-hexachlorodecane",PCT,,,NLET,B_ChlorinatedAlkanes_ISO
60109,Lake Trout,Salvelinus,namaycush,49.5,1510,M,ADS,1,2013-08-21,2013,Lake Ontario,Central Basin L Ontario,43.91667,-78.16667,ON,WHA,"Chlorinated Alkanes, SC (C10-C13), Total",5,BDL,1,2018-06-01,Chlorinated Alkane,Short Chain Chlorinated Alkanes (C10-13) Total,Total Short Chain Chlorinated Alkanes (C10-13),NG/G wet,5,,NLET,B_ChlorinatedAlkanes_ISO
60125,Lake Trout,Salvelinus,namaycush,59.5,2074,M,ADS,1,2013-08-27,2013,Lake Ontario,Niagara Basin,43.3333,-79.08333,ON,WHA,"13C10-1,5,5,6,6,10-hexachlorodecane",95.1,,1,2018-01-08,Chlorinated Alkane,"13C10-1,5,5,6,6,10-hexachlorodecane","13C10-1,5,5,6,6,10-hexachlorodecane",PCT,,,NLET,B_ChlorinatedAlkanes_ISO
60125,Lake Trout,Salvelinus,namaycush,59.5,2074,M,ADS,1,2013-08-27,2013,Lake Ontario,Niagara Basin,43.3333,-79.08333,ON,WHA,"Chlorinated Alkanes, SC (C10-C13), Total",14,,1,2018-01-08,Chlorinated Alkane,Short Chain Chlorinated Alkanes (C10-13) Total,Total Short Chain Chlorinated Alkanes (C10-13),NG/G wet,5,,NLET,B_ChlorinatedAlkanes_ISO
60126,Lake Trout,Salvelinus,namaycush,63,3493.1,F,ADS,1,2013-08-27,2013,Lake Ontario,Niagara Basin,43.3333,-79.08333,ON,WHA,"13C10-1,5,5,6,6,10-hexachlorodecane",107,,1,2018-01-08,Chlorinated Alkane,"13C10-1,5,5,6,6,10-hexachlorodecane","13C10-1,5,5,6,6,10-hexachlorodecane",PCT,,,NLET,B_ChlorinatedAlkanes_ISO
60126,Lake Trout,Salvelinus,namaycush,63,3493.1,F,ADS,1,2013-08-27,2013,Lake Ontario,Niagara Basin,43.3333,-79.08333,ON,WHA,"Chlorinated Alkanes, SC (C10-C13), Total",12.4,,1,2018-01-08,Chlorinated Alkane,Short Chain Chlorinated Alkanes (C10-13) Total,Total Short Chain Chlorinated Alkanes (C10-13),NG/G wet,5,,NLET,B_ChlorinatedAlkanes_ISO
60127,Lake Trout,Salvelinus,namaycush,57,1998,M,ADS,1,2013-08-27,2013,Lake Ontario,Niagara Basin,43.3333,-79.08333,ON,WHA,"13C10-1,5,5,6,6,10-hexachlorodecane",109,,1,2018-01-08,Chlorinated Alkane,"13C10-1,5,5,6,6,10-hexachlorodecane","13C10-1,5,5,6,6,10-hexachlorodecane",PCT,,,NLET,B_ChlorinatedAlkanes_ISO
60127,Lake Trout,Salvelinus,namaycush,57,1998,M,ADS,1,2013-08-27,2013,Lake Ontario,Niagara Basin,43.3333,-79.08333,ON,WHA,"Chlorinated Alkanes, SC (C10-C13), Total",5,BDL,1,2018-01-08,Chlorinated Alkane,Short Chain Chlorinated Alkanes (C10-13) Total,Total Short Chain Chlorinated Alkanes (C10-13),NG/G wet,5,,NLET,B_ChlorinatedAlkanes_ISO
60128,Lake Trout,Salvelinus,namaycush,61,2944.6,M,ADS,1,2013-08-27,2013,Lake Ontario,Niagara Basin,43.3333,-79.08333,ON,WHA,"13C10-1,5,5,6,6,10-hexachlorodecane",93.5,,1,2018-01-08,Chlorinated Alkane,"13C10-1,5,5,6,6,10-hexachlorodecane","13C10-1,5,5,6,6,10-hexachlorodecane",PCT,,,NLET,B_ChlorinatedAlkanes_ISO
60128,Lake Trout,Salvelinus,namaycush,61,2944.6,M,ADS,1,2013-08-27,2013,Lake Ontario,Niagara Basin,43.3333,-79.08333,ON,WHA,"Chlorinated Alkanes, SC (C10-C13), Total",7,,1,2018-01-08,Chlorinated Alkane,Short Chain Chlorinated Alkanes (C10-13) Total,Total Short Chain Chlorinated Alkanes (C10-13),NG/G wet,5,,NLET,B_ChlorinatedAlkanes_ISO
60131,Lake Trout,Salvelinus,namaycush,52,1410,M,ADS,1,2013-08-27,2013,Lake Ontario,Niagara Basin,43.3333,-79.08333,ON,WHA,"13C10-1,5,5,6,6,10-hexachlorodecane",78.4,,1,2018-01-08,Chlorinated Alkane,"13C10-1,5,5,6,6,10-hexachlorodecane","13C10-1,5,5,6,6,10-hexachlorodecane",PCT,,,NLET,B_ChlorinatedAlkanes_ISO
60131,Lake Trout,Salvelinus,namaycush,52,1410,M,ADS,1,2013-08-27,2013,Lake Ontario,Niagara Basin,43.3333,-79.08333,ON,WHA,"Chlorinated Alkanes, SC (C10-C13), Total",9.39,,1,2018-01-08,Chlorinated Alkane,Short Chain Chlorinated Alkanes (C10-13) Total,Total Short Chain Chlorinated Alkanes (C10-13),NG/G wet,5,,NLET,B_ChlorinatedAlkanes_ISO
60132,Lake Trout,Salvelinus,namaycush,72,4266.2,F,ADS,1,2013-08-27,2013,Lake Ontario,Niagara Basin,43.3333,-79.08333,ON,WHA,"13C10-1,5,5,6,6,10-hexachlorodecane",77.9,,1,2018-01-08,Chlorinated Alkane,"13C10-1,5,5,6,6,10-hexachlorodecane","13C10-1,5,5,6,6,10-hexachlorodecane",PCT,,,NLET,B_ChlorinatedAlkanes_ISO
60132,Lake Trout,Salvelinus,namaycush,72,4266.2,F,ADS,1,2013-08-27,2013,Lake Ontario,Niagara Basin,43.3333,-79.08333,ON,WHA,"Chlorinated Alkanes, SC (C10-C13), Total",10.6,,1,2018-01-08,Chlorinated Alkane,Short Chain Chlorinated Alkanes (C10-13) Total,Total Short Chain Chlorinated Alkanes (C10-13),NG/G wet,5,,NLET,B_ChlorinatedAlkanes_ISO
60134,Lake Trout,Salvelinus,namaycush,67.8,3660,F,ADS,1,2013-08-27,2013,Lake Ontario,Niagara Basin,43.3333,-79.08333,ON,WHA,"13C10-1,5,5,6,6,10-hexachlorodecane",87,,1,2018-01-08,Chlorinated Alkane,"13C10-1,5,5,6,6,10-hexachlorodecane","13C10-1,5,5,6,6,10-hexachlorodecane",PCT,,,NLET,B_ChlorinatedAlkanes_ISO
60134,Lake Trout,Salvelinus,namaycush,67.8,3660,F,ADS,1,2013-08-27,2013,Lake Ontario,Niagara Basin,43.3333,-79.08333,ON,WHA,"Chlorinated Alkanes, SC (C10-C13), Total",5.09,,1,2018-01-08,Chlorinated Alkane,Short Chain Chlorinated Alkanes (C10-13) Total,Total Short Chain Chlorinated Alkanes (C10-13),NG/G wet,5,,NLET,B_ChlorinatedAlkanes_ISO
60140,Lake Trout,Salvelinus,namaycush,65.5,3252.4,M,ADS,1,2013-08-27,2013,Lake Ontario,Niagara Basin,43.3333,-79.08333,ON,WHA,"13C10-1,5,5,6,6,10-hexachlorodecane",91.7,,1,2018-01-08,Chlorinated Alkane,"13C10-1,5,5,6,6,10-hexachlorodecane","13C10-1,5,5,6,6,10-hexachlorodecane",PCT,,,NLET,B_ChlorinatedAlkanes_ISO
60140,Lake Trout,Salvelinus,namaycush,65.5,3252.4,M,ADS,1,2013-08-27,2013,Lake Ontario,Niagara Basin,43.3333,-79.08333,ON,WHA,"13C10-1,5,5,6,6,10-hexachlorodecane",109,,2,2025-09-17,Chlorinated Alkane,"13C10-1,5,5,6,6,10-hexachlorodecane","13C10-1,5,5,6,6,10-hexachlorodecane",PCT,,,NLET,B_ChlorinatedAlkanes_ISO
60140,Lake Trout,Salvelinus,namaycush,65.5,3252.4,M,ADS,1,2013-08-27,2013,Lake Ontario,Niagara Basin,43.3333,-79.08333,ON,WHA,"Chlorinated Alkanes, SC (C10-C13), Total",30.6,,1,2018-01-08,Chlorinated Alkane,Short Chain Chlorinated Alkanes (C10-13) Total,Total Short Chain Chlorinated Alkanes (C10-13),NG/G wet,5,,NLET,B_ChlorinatedAlkanes_ISO
60140,Lake Trout,Salvelinus,namaycush,65.5,3252.4,M,ADS,1,2013-08-27,2013,Lake Ontario,Niagara Basin,43.3333,-79.08333,ON,WHA,"Chlorinated Alkanes, SC (C10-C13), Total",50,BDL,2,2025-09-17,Chlorinated Alkane,Short Chain Chlorinated Alkanes (C10-13) Total,Total Short Chain Chlorinated Alkanes (C10-13),NG/G wet,5,,NLET,B_ChlorinatedAlkanes_ISO
60145,Lake Trout,Salvelinus,namaycush,63,4262.3,F,ADS,1,2013-08-27,2013,Lake Ontario,Niagara Basin,43.3333,-79.08333,ON,WHA,"13C10-1,5,5,6,6,10-hexachlorodecane",99.6,,1,2018-01-08,Chlorinated Alkane,"13C10-1,5,5,6,6,10-hexachlorodecane","13C10-1,5,5,6,6,10-hexachlorodecane",PCT,,,NLET,B_ChlorinatedAlkanes_ISO
60145,Lake Trout,Salvelinus,namaycush,63,4262.3,F,ADS,1,2013-08-27,2013,Lake Ontario,Niagara Basin,43.3333,-79.08333,ON,WHA,"Chlorinated Alkanes, SC (C10-C13), Total",5.75,,1,2018-01-08,Chlorinated Alkane,Short Chain Chlorinated Alkanes (C10-13) Total,Total Short Chain Chlorinated Alkanes (C10-13),NG/G wet,5,,NLET,B_ChlorinatedAlkanes_ISO
60149,Lake Trout,Salvelinus,namaycush,62,3339,M,ADS,1,2013-08-27,2013,Lake Ontario,Niagara Basin,43.3333,-79.08333,ON,WHA,"13C10-1,5,5,6,6,10-hexachlorodecane",102,,1,2018-01-08,Chlorinated Alkane,"13C10-1,5,5,6,6,10-hexachlorodecane","13C10-1,5,5,6,6,10-hexachlorodecane",PCT,,,NLET,B_ChlorinatedAlkanes_ISO
60149,Lake Trout,Salvelinus,namaycush,62,3339,M,ADS,1,2013-08-27,2013,Lake Ontario,Niagara Basin,43.3333,-79.08333,ON,WHA,"Chlorinated Alkanes, SC (C10-C13), Total",5.54,,1,2018-01-08,Chlorinated Alkane,Short Chain Chlorinated Alkanes (C10-13) Total,Total Short Chain Chlorinated Alkanes (C10-13),NG/G wet,5,,NLET,B_ChlorinatedAlkanes_ISO
60195,Lake Trout,Salvelinus,namaycush,59,2953.7,M,ADS,1,2013-08-13,2013,Lake Erie,Eastern Basin L Erie,42.54222,-79.38167,ON,WHA,"13C10-1,5,5,6,6,10-hexachlorodecane",140,,1,2018-06-01,Chlorinated Alkane,"13C10-1,5,5,6,6,10-hexachlorodecane","13C10-1,5,5,6,6,10-hexachlorodecane",PCT,,,NLET,B_ChlorinatedAlkanes_ISO
60195,Lake Trout,Salvelinus,namaycush,59,2953.7,M,ADS,1,2013-08-13,2013,Lake Erie,Eastern Basin L Erie,42.54222,-79.38167,ON,WHA,"Chlorinated Alkanes, SC (C10-C13), Total",5,BDL,1,2018-06-01,Chlorinated Alkane,Short Chain Chlorinated Alkanes (C10-13) Total,Total Short Chain Chlorinated Alkanes (C10-13),NG/G wet,5,,NLET,B_ChlorinatedAlkanes_ISO
60198,Lake Trout,Salvelinus,namaycush,50,1928,F,ADS,1,2013-08-13,2013,Lake Erie,Eastern Basin L Erie,42.54222,-79.38167,ON,WHA,"13C10-1,5,5,6,6,10-hexachlorodecane",108,,1,2018-02-08,Chlorinated Alkane,"13C10-1,5,5,6,6,10-hexachlorodecane","13C10-1,5,5,6,6,10-hexachlorodecane",PCT,,,NLET,B_ChlorinatedAlkanes_ISO
60198,Lake Trout,Salvelinus,namaycush,50,1928,F,ADS,1,2013-08-13,2013,Lake Erie,Eastern Basin L Erie,42.54222,-79.38167,ON,WHA,"Chlorinated Alkanes, SC (C10-C13), Total",5,BDL,1,2018-02-08,Chlorinated Alkane,Short Chain Chlorinated Alkanes (C10-13) Total,Total Short Chain Chlorinated Alkanes (C10-13),NG/G wet,5,,NLET,B_ChlorinatedAlkanes_ISO
60200,Lake Trout,Salvelinus,namaycush,65,3672.1,M,ADS,1,2013-08-13,2013,Lake Erie,Eastern Basin L Erie,42.54222,-79.38167,ON,WHA,"13C10-1,5,5,6,6,10-hexachlorodecane",116,,1,2018-02-08,Chlorinated Alkane,"13C10-1,5,5,6,6,10-hexachlorodecane","13C10-1,5,5,6,6,10-hexachlorodecane",PCT,,,NLET,B_ChlorinatedAlkanes_ISO
60200,Lake Trout,Salvelinus,namaycush,65,3672.1,M,ADS,1,2013-08-13,2013,Lake Erie,Eastern Basin L Erie,42.54222,-79.38167,ON,WHA,"Chlorinated Alkanes, SC (C10-C13), Total",5,BDL,1,2018-02-08,Chlorinated Alkane,Short Chain Chlorinated Alkanes (C10-13) Total,Total Short Chain Chlorinated Alkanes (C10-13),NG/G wet,5,,NLET,B_ChlorinatedAlkanes_ISO
60218,Lake Trout,Salvelinus,namaycush,68,3940,M,ADS,1,2013-09-19,2013,Lake Ontario,Eastern Basin L Ontario,44.08333333,-76.66666667,ON,WHA,"13C10-1,5,5,6,6,10-hexachlorodecane",126,,1,2018-02-06,Chlorinated Alkane,"13C10-1,5,5,6,6,10-hexachlorodecane","13C10-1,5,5,6,6,10-hexachlorodecane",PCT,,,NLET,B_ChlorinatedAlkanes_ISO
60218,Lake Trout,Salvelinus,namaycush,68,3940,M,ADS,1,2013-09-19,2013,Lake Ontario,Eastern Basin L Ontario,44.08333333,-76.66666667,ON,WHA,"Chlorinated Alkanes, SC (C10-C13), Total",5,BDL,1,2018-02-06,Chlorinated Alkane,Short Chain Chlorinated Alkanes (C10-13) Total,Total Short Chain Chlorinated Alkanes (C10-13),NG/G wet,5,,NLET,B_ChlorinatedAlkanes_ISO
60222,Lake Trout,Salvelinus,namaycush,74,4742.8,F,ADS,1,2013-09-19,2013,Lake Ontario,Eastern Basin L Ontario,44.08333333,-76.66666667,ON,WHA,"13C10-1,5,5,6,6,10-hexachlorodecane",102,,1,2018-02-08,Chlorinated Alkane,"13C10-1,5,5,6,6,10-hexachlorodecane","13C10-1,5,5,6,6,10-hexachlorodecane",PCT,,,NLET,B_ChlorinatedAlkanes_ISO
60222,Lake Trout,Salvelinus,namaycush,74,4742.8,F,ADS,1,2013-09-19,2013,Lake Ontario,Eastern Basin L Ontario,44.08333333,-76.66666667,ON,WHA,"Chlorinated Alkanes, SC (C10-C13), Total",5,BDL,1,2018-02-08,Chlorinated Alkane,Short Chain Chlorinated Alkanes (C10-13) Total,Total Short Chain Chlorinated Alkanes (C10-13),NG/G wet,5,,NLET,B_ChlorinatedAlkanes_ISO
60310,Lake Trout,Salvelinus,namaycush,61,2786.1,M,ADS,1,2013-10-24,2013,Lake Ontario,Western Basin L Ontario,43.5,-79.58333,ON,WHA,"13C10-1,5,5,6,6,10-hexachlorodecane",132,,1,2018-02-06,Chlorinated Alkane,"13C10-1,5,5,6,6,10-hexachlorodecane","13C10-1,5,5,6,6,10-hexachlorodecane",PCT,,,NLET,B_ChlorinatedAlkanes_ISO
60310,Lake Trout,Salvelinus,namaycush,61,2786.1,M,ADS,1,2013-10-24,2013,Lake Ontario,Western Basin L Ontario,43.5,-79.58333,ON,WHA,"Chlorinated Alkanes, SC (C10-C13), Total",5,BDL,1,2018-02-06,Chlorinated Alkane,Short Chain Chlorinated Alkanes (C10-13) Total,Total Short Chain Chlorinated Alkanes (C10-13),NG/G wet,5,,NLET,B_ChlorinatedAlkanes_ISO
60312,Lake Trout,Salvelinus,namaycush,61,2454.4,F,ADS,1,2013-10-24,2013,Lake Ontario,Western Basin L Ontario,43.5,-79.58333,ON,WHA,"13C10-1,5,5,6,6,10-hexachlorodecane",119,,1,2018-06-01,Chlorinated Alkane,"13C10-1,5,5,6,6,10-hexachlorodecane","13C10-1,5,5,6,6,10-hexachlorodecane",PCT,,,NLET,B_ChlorinatedAlkanes_ISO
60312,Lake Trout,Salvelinus,namaycush,61,2454.4,F,ADS,1,2013-10-24,2013,Lake Ontario,Western Basin L Ontario,43.5,-79.58333,ON,WHA,"Chlorinated Alkanes, SC (C10-C13), Total",5,BDL,1,2018-06-01,Chlorinated Alkane,Short Chain Chlorinated Alkanes (C10-13) Total,Total Short Chain Chlorinated Alkanes (C10-13),NG/G wet,5,,NLET,B_ChlorinatedAlkanes_ISO
60313,Lake Trout,Salvelinus,namaycush,64.5,3585.2,M,ADS,1,2013-10-24,2013,Lake Ontario,Western Basin L Ontario,43.5,-79.58333,ON,WHA,"13C10-1,5,5,6,6,10-hexachlorodecane",144,,1,2018-02-06,Chlorinated Alkane,"13C10-1,5,5,6,6,10-hexachlorodecane","13C10-1,5,5,6,6,10-hexachlorodecane",PCT,,,NLET,B_ChlorinatedAlkanes_ISO
60313,Lake Trout,Salvelinus,namaycush,64.5,3585.2,M,ADS,1,2013-10-24,2013,Lake Ontario,Western Basin L Ontario,43.5,-79.58333,ON,WHA,"Chlorinated Alkanes, SC (C10-C13), Total",18.6,,1,2018-02-06,Chlorinated Alkane,Short Chain Chlorinated Alkanes (C10-13) Total,Total Short Chain Chlorinated Alkanes (C10-13),NG/G wet,5,,NLET,B_ChlorinatedAlkanes_ISO
60314,Lake Trout,Salvelinus,namaycush,60,3445.1,F,ADS,1,2013-10-24,2013,Lake Ontario,Western Basin L Ontario,43.5,-79.58333,ON,WHA,"13C10-1,5,5,6,6,10-hexachlorodecane",119,,1,2018-06-01,Chlorinated Alkane,"13C10-1,5,5,6,6,10-hexachlorodecane","13C10-1,5,5,6,6,10-hexachlorodecane",PCT,,,NLET,B_ChlorinatedAlkanes_ISO
60314,Lake Trout,Salvelinus,namaycush,60,3445.1,F,ADS,1,2013-10-24,2013,Lake Ontario,Western Basin L Ontario,43.5,-79.58333,ON,WHA,"Chlorinated Alkanes, SC (C10-C13), Total",5,BDL,1,2018-06-01,Chlorinated Alkane,Short Chain Chlorinated Alkanes (C10-13) Total,Total Short Chain Chlorinated Alkanes (C10-13),NG/G wet,5,,NLET,B_ChlorinatedAlkanes_ISO
60315,Lake Trout,Salvelinus,namaycush,52,1166.3,F,ADS,1,2013-10-24,2013,Lake Ontario,Western Basin L Ontario,43.5,-79.58333,ON,WHA,"13C10-1,5,5,6,6,10-hexachlorodecane",95.2,,1,2018-06-20,Chlorinated Alkane,"13C10-1,5,5,6,6,10-hexachlorodecane","13C10-1,5,5,6,6,10-hexachlorodecane",PCT,,,NLET,B_ChlorinatedAlkanes_ISO
60315,Lake Trout,Salvelinus,namaycush,52,1166.3,F,ADS,1,2013-10-24,2013,Lake Ontario,Western Basin L Ontario,43.5,-79.58333,ON,WHA,"Chlorinated Alkanes, SC (C10-C13), Total",5,BDL,1,2018-06-20,Chlorinated Alkane,Short Chain Chlorinated Alkanes (C10-13) Total,Total Short Chain Chlorinated Alkanes (C10-13),NG/G wet,5,,NLET,B_ChlorinatedAlkanes_ISO
60412,Lake Trout,Salvelinus,namaycush,44,1120,M,ADS,1,2013-07-18,2013,Great Bear Lake,Great Bear Lake,66.241197,-123.739014,NWT,WHA,"13C10-1,5,5,6,6,10-hexachlorodecane      ",151,,1,2018-09-13,Chlorinated Alkane,"13C10-1,5,5,6,6,10-hexachlorodecane","13C10-1,5,5,6,6,10-hexachlorodecane",PCT,,,NLET,B_ChlorinatedAlkanes_ISO
60412,Lake Trout,Salvelinus,namaycush,44,1120,M,ADS,1,2013-07-18,2013,Great Bear Lake,Great Bear Lake,66.241197,-123.739014,NWT,WHA,"Chlorinated Alkanes, SC (C10-C13), Total ",5,BDL,1,2018-09-13,Chlorinated Alkane,Short Chain Chlorinated Alkanes (C10-13) Total,Total Short Chain Chlorinated Alkanes (C10-13),NG/G wet,5,,NLET,B_ChlorinatedAlkanes_ISO
60413,Lake Trout,Salvelinus,namaycush,76.5,4989,F,ADS,1,2013-07-18,2013,Great Bear Lake,Great Bear Lake,66.241197,-123.739014,NWT,WHA,"13C10-1,5,5,6,6,10-hexachlorodecane      ",134,,1,2018-09-13,Chlorinated Alkane,"13C10-1,5,5,6,6,10-hexachlorodecane","13C10-1,5,5,6,6,10-hexachlorodecane",PCT,,,NLET,B_ChlorinatedAlkanes_ISO
60413,Lake Trout,Salvelinus,namaycush,76.5,4989,F,ADS,1,2013-07-18,2013,Great Bear Lake,Great Bear Lake,66.241197,-123.739014,NWT,WHA,"Chlorinated Alkanes, SC (C10-C13), Total ",5.73,,1,2018-09-13,Chlorinated Alkane,Short Chain Chlorinated Alkanes (C10-13) Total,Total Short Chain Chlorinated Alkanes (C10-13),NG/G wet,5,,NLET,B_ChlorinatedAlkanes_ISO
60414,Lake Trout,Salvelinus,namaycush,82.5,5908,M,ADS,1,2013-07-18,2013,Great Bear Lake,Great Bear Lake,66.241197,-123.739014,NWT,WHA,"13C10-1,5,5,6,6,10-hexachlorodecane",130,,1,2018-02-28,Chlorinated Alkane,"13C10-1,5,5,6,6,10-hexachlorodecane","13C10-1,5,5,6,6,10-hexachlorodecane",PCT,,,NLET,B_ChlorinatedAlkanes_ISO
60414,Lake Trout,Salvelinus,namaycush,82.5,5908,M,ADS,1,2013-07-18,2013,Great Bear Lake,Great Bear Lake,66.241197,-123.739014,NWT,WHA,"Chlorinated Alkanes, SC (C10-C13), Total",13.4,,1,2018-02-28,Chlorinated Alkane,Short Chain Chlorinated Alkanes (C10-13) Total,Total Short Chain Chlorinated Alkanes (C10-13),NG/G wet,5,,NLET,B_ChlorinatedAlkanes_ISO
60415,Lake Trout,Salvelinus,namaycush,90,6099.8,F,ADS,1,2013-07-18,2013,Great Bear Lake,Great Bear Lake,66.241197,-123.739014,NWT,WHA,"13C10-1,5,5,6,6,10-hexachlorodecane",96.4,,1,2018-02-28,Chlorinated Alkane,"13C10-1,5,5,6,6,10-hexachlorodecane","13C10-1,5,5,6,6,10-hexachlorodecane",PCT,,,NLET,B_ChlorinatedAlkanes_ISO
60415,Lake Trout,Salvelinus,namaycush,90,6099.8,F,ADS,1,2013-07-18,2013,Great Bear Lake,Great Bear Lake,66.241197,-123.739014,NWT,WHA,"Chlorinated Alkanes, SC (C10-C13), Total",9.05,,1,2018-02-28,Chlorinated Alkane,Short Chain Chlorinated Alkanes (C10-13) Total,Total Short Chain Chlorinated Alkanes (C10-13),NG/G wet,5,,NLET,B_ChlorinatedAlkanes_ISO
60416,Lake Trout,Salvelinus,namaycush,67,2919,M,ADS,1,2013-07-18,2013,Great Bear Lake,Great Bear Lake,66.241197,-123.739014,NWT,WHA,"13C10-1,5,5,6,6,10-hexachlorodecane      ",95.9,,1,2018-09-17,Chlorinated Alkane,"13C10-1,5,5,6,6,10-hexachlorodecane","13C10-1,5,5,6,6,10-hexachlorodecane",PCT,,,NLET,B_ChlorinatedAlkanes_ISO
60416,Lake Trout,Salvelinus,namaycush,67,2919,M,ADS,1,2013-07-18,2013,Great Bear Lake,Great Bear Lake,66.241197,-123.739014,NWT,WHA,"Chlorinated Alkanes, SC (C10-C13), Total ",7.03,,1,2018-09-17,Chlorinated Alkane,Short Chain Chlorinated Alkanes (C10-13) Total,Total Short Chain Chlorinated Alkanes (C10-13),NG/G wet,5,,NLET,B_ChlorinatedAlkanes_ISO
60417,Lake Trout,Salvelinus,namaycush,80,5173.8,F,ADS,1,2013-07-18,2013,Great Bear Lake,Great Bear Lake,66.241197,-123.739014,NWT,WHA,"13C10-1,5,5,6,6,10-hexachlorodecane      ",102,,1,2018-09-17,Chlorinated Alkane,"13C10-1,5,5,6,6,10-hexachlorodecane","13C10-1,5,5,6,6,10-hexachlorodecane",PCT,,,NLET,B_ChlorinatedAlkanes_ISO
60417,Lake Trout,Salvelinus,namaycush,80,5173.8,F,ADS,1,2013-07-18,2013,Great Bear Lake,Great Bear Lake,66.241197,-123.739014,NWT,WHA,"Chlorinated Alkanes, SC (C10-C13), Total ",5,BDL,1,2018-09-17,Chlorinated Alkane,Short Chain Chlorinated Alkanes (C10-13) Total,Total Short Chain Chlorinated Alkanes (C10-13),NG/G wet,5,,NLET,B_ChlorinatedAlkanes_ISO
60419,Lake Trout,Salvelinus,namaycush,83,5620,F,ADS,1,2013-07-18,2013,Great Bear Lake,Great Bear Lake,66.241197,-123.739014,NWT,WHA,"13C10-1,5,5,6,6,10-hexachlorodecane      ",129,,1,2018-09-17,Chlorinated Alkane,"13C10-1,5,5,6,6,10-hexachlorodecane","13C10-1,5,5,6,6,10-hexachlorodecane",PCT,,,NLET,B_ChlorinatedAlkanes_ISO
60419,Lake Trout,Salvelinus,namaycush,83,5620,F,ADS,1,2013-07-18,2013,Great Bear Lake,Great Bear Lake,66.241197,-123.739014,NWT,WHA,"Chlorinated Alkanes, SC (C10-C13), Total ",5,BDL,1,2018-09-17,Chlorinated Alkane,Short Chain Chlorinated Alkanes (C10-13) Total,Total Short Chain Chlorinated Alkanes (C10-13),NG/G wet,5,,NLET,B_ChlorinatedAlkanes_ISO
60420,Lake Trout,Salvelinus,namaycush,65,2453,F,ADS,1,2013-07-18,2013,Great Bear Lake,Great Bear Lake,66.241197,-123.739014,NWT,WHA,"13C10-1,5,5,6,6,10-hexachlorodecane      ",125,,1,2018-09-17,Chlorinated Alkane,"13C10-1,5,5,6,6,10-hexachlorodecane","13C10-1,5,5,6,6,10-hexachlorodecane",PCT,,,NLET,B_ChlorinatedAlkanes_ISO
60420,Lake Trout,Salvelinus,namaycush,65,2453,F,ADS,1,2013-07-18,2013,Great Bear Lake,Great Bear Lake,66.241197,-123.739014,NWT,WHA,"Chlorinated Alkanes, SC (C10-C13), Total ",5,BDL,1,2018-09-17,Chlorinated Alkane,Short Chain Chlorinated Alkanes (C10-13) Total,Total Short Chain Chlorinated Alkanes (C10-13),NG/G wet,5,,NLET,B_ChlorinatedAlkanes_ISO
60421,Lake Trout,Salvelinus,namaycush,57.5,1883,M,ADS,1,2013-07-18,2013,Great Bear Lake,Great Bear Lake,66.241197,-123.739014,NWT,WHA,"13C10-1,5,5,6,6,10-hexachlorodecane      ",148,,1,2018-09-17,Chlorinated Alkane,"13C10-1,5,5,6,6,10-hexachlorodecane","13C10-1,5,5,6,6,10-hexachlorodecane",PCT,,,NLET,B_ChlorinatedAlkanes_ISO
60421,Lake Trout,Salvelinus,namaycush,57.5,1883,M,ADS,1,2013-07-18,2013,Great Bear Lake,Great Bear Lake,66.241197,-123.739014,NWT,WHA,"Chlorinated Alkanes, SC (C10-C13), Total ",31.8,,1,2018-09-17,Chlorinated Alkane,Short Chain Chlorinated Alkanes (C10-13) Total,Total Short Chain Chlorinated Alkanes (C10-13),NG/G wet,5,,NLET,B_ChlorinatedAlkanes_ISO
60422,Lake Trout,Salvelinus,namaycush,77,4657.8,M,ADS,1,2013-07-18,2013,Great Bear Lake,Great Bear Lake,66.241197,-123.739014,NWT,WHA,"13C10-1,5,5,6,6,10-hexachlorodecane      ",110,,1,2018-09-17,Chlorinated Alkane,"13C10-1,5,5,6,6,10-hexachlorodecane","13C10-1,5,5,6,6,10-hexachlorodecane",PCT,,,NLET,B_ChlorinatedAlkanes_ISO
60422,Lake Trout,Salvelinus,namaycush,77,4657.8,M,ADS,1,2013-07-18,2013,Great Bear Lake,Great Bear Lake,66.241197,-123.739014,NWT,WHA,"Chlorinated Alkanes, SC (C10-C13), Total ",5,BDL,1,2018-09-17,Chlorinated Alkane,Short Chain Chlorinated Alkanes (C10-13) Total,Total Short Chain Chlorinated Alkanes (C10-13),NG/G wet,5,,NLET,B_ChlorinatedAlkanes_ISO
60425,Lake Trout,Salvelinus,namaycush,68,3343,F,ADS,1,2013-07-18,2013,Great Bear Lake,Great Bear Lake,66.241197,-123.739014,NWT,WHA,"13C10-1,5,5,6,6,10-hexachlorodecane",94.9,,1,2024-02-20,Chlorinated Alkane,"13C10-1,5,5,6,6,10-hexachlorodecane","13C10-1,5,5,6,6,10-hexachlorodecane",PCT,,,NLET,B_ChlorinatedAlkanes_ISO
60425,Lake Trout,Salvelinus,namaycush,68,3343,F,ADS,1,2013-07-18,2013,Great Bear Lake,Great Bear Lake,66.241197,-123.739014,NWT,WHA,"Chlorinated Alkanes, SC (C10-C13), Total",50,L,1,2024-02-20,Chlorinated Alkane,Short Chain Chlorinated Alkanes (C10-13) Total,Total Short Chain Chlorinated Alkanes (C10-13),NG/G wet,5,,NLET,B_ChlorinatedAlkanes_ISO
60568,Lake Trout,Salvelinus,namaycush,43,765,M,ADS,1,2013-08-30,2013,Lake Huron,Southern Basin L Huron,43.75,-81.83333,ON,WHA,"13C10-1,5,5,6,6,10-hexachlorodecane",117,,1,2018-06-20,Chlorinated Alkane,"13C10-1,5,5,6,6,10-hexachlorodecane","13C10-1,5,5,6,6,10-hexachlorodecane",PCT,,,NLET,B_ChlorinatedAlkanes_ISO
60568,Lake Trout,Salvelinus,namaycush,43,765,M,ADS,1,2013-08-30,2013,Lake Huron,Southern Basin L Huron,43.75,-81.83333,ON,WHA,"Chlorinated Alkanes, SC (C10-C13), Total",5,BDL,1,2018-06-20,Chlorinated Alkane,Short Chain Chlorinated Alkanes (C10-13) Total,Total Short Chain Chlorinated Alkanes (C10-13),NG/G wet,5,,NLET,B_ChlorinatedAlkanes_ISO
60570,Lake Trout,Salvelinus,namaycush,60,2130,F,ADS,1,2013-08-30,2013,Lake Huron,Southern Basin L Huron,43.75,-81.83333,ON,WHA,"13C10-1,5,5,6,6,10-hexachlorodecane",130,,1,2018-06-20,Chlorinated Alkane,"13C10-1,5,5,6,6,10-hexachlorodecane","13C10-1,5,5,6,6,10-hexachlorodecane",PCT,,,NLET,B_ChlorinatedAlkanes_ISO
60570,Lake Trout,Salvelinus,namaycush,60,2130,F,ADS,1,2013-08-30,2013,Lake Huron,Southern Basin L Huron,43.75,-81.83333,ON,WHA,"Chlorinated Alkanes, SC (C10-C13), Total",5,BDL,1,2018-06-20,Chlorinated Alkane,Short Chain Chlorinated Alkanes (C10-13) Total,Total Short Chain Chlorinated Alkanes (C10-13),NG/G wet,5,,NLET,B_ChlorinatedAlkanes_ISO
60576,Lake Trout,Salvelinus,namaycush,49,1242.5,M,ADS,1,2013-08-30,2013,Lake Huron,Southern Basin L Huron,43.75,-81.83333,ON,WHA,"13C10-1,5,5,6,6,10-hexachlorodecane",98.9,,1,2018-06-20,Chlorinated Alkane,"13C10-1,5,5,6,6,10-hexachlorodecane","13C10-1,5,5,6,6,10-hexachlorodecane",PCT,,,NLET,B_ChlorinatedAlkanes_ISO
60576,Lake Trout,Salvelinus,namaycush,49,1242.5,M,ADS,1,2013-08-30,2013,Lake Huron,Southern Basin L Huron,43.75,-81.83333,ON,WHA,"Chlorinated Alkanes, SC (C10-C13), Total",5,BDL,1,2018-06-20,Chlorinated Alkane,Short Chain Chlorinated Alkanes (C10-13) Total,Total Short Chain Chlorinated Alkanes (C10-13),NG/G wet,5,,NLET,B_ChlorinatedAlkanes_ISO
60577,Lake Trout,Salvelinus,namaycush,49,1313.1,M,ADS,1,2013-08-30,2013,Lake Huron,Southern Basin L Huron,43.75,-81.83333,ON,WHA,"13C10-1,5,5,6,6,10-hexachlorodecane",82.3,,1,2018-06-20,Chlorinated Alkane,"13C10-1,5,5,6,6,10-hexachlorodecane","13C10-1,5,5,6,6,10-hexachlorodecane",PCT,,,NLET,B_ChlorinatedAlkanes_ISO
60577,Lake Trout,Salvelinus,namaycush,49,1313.1,M,ADS,1,2013-08-30,2013,Lake Huron,Southern Basin L Huron,43.75,-81.83333,ON,WHA,"Chlorinated Alkanes, SC (C10-C13), Total",5,BDL,1,2018-06-20,Chlorinated Alkane,Short Chain Chlorinated Alkanes (C10-13) Total,Total Short Chain Chlorinated Alkanes (C10-13),NG/G wet,5,,NLET,B_ChlorinatedAlkanes_ISO
60583,Lake Trout,Salvelinus,namaycush,55,1980,M,ADS,1,2013-07-22,2013,Lake Huron,North Channel L Huron,45.91666667,-83.5,ON,WHA,"13C10-1,5,5,6,6,10-hexachlorodecane",88.6,,1,2018-06-20,Chlorinated Alkane,"13C10-1,5,5,6,6,10-hexachlorodecane","13C10-1,5,5,6,6,10-hexachlorodecane",PCT,,,NLET,B_ChlorinatedAlkanes_ISO
60583,Lake Trout,Salvelinus,namaycush,55,1980,M,ADS,1,2013-07-22,2013,Lake Huron,North Channel L Huron,45.91666667,-83.5,ON,WHA,"Chlorinated Alkanes, SC (C10-C13), Total",5,BDL,1,2018-06-20,Chlorinated Alkane,Short Chain Chlorinated Alkanes (C10-13) Total,Total Short Chain Chlorinated Alkanes (C10-13),NG/G wet,5,,NLET,B_ChlorinatedAlkanes_ISO
60584,Lake Trout,Salvelinus,namaycush,53,1732.1,M,ADS,1,2013-07-22,2013,Lake Huron,North Channel L Huron,45.91666667,-83.5,ON,WHA,"13C10-1,5,5,6,6,10-hexachlorodecane",91.8,,1,2018-06-20,Chlorinated Alkane,"13C10-1,5,5,6,6,10-hexachlorodecane","13C10-1,5,5,6,6,10-hexachlorodecane",PCT,,,NLET,B_ChlorinatedAlkanes_ISO
60584,Lake Trout,Salvelinus,namaycush,53,1732.1,M,ADS,1,2013-07-22,2013,Lake Huron,North Channel L Huron,45.91666667,-83.5,ON,WHA,"Chlorinated Alkanes, SC (C10-C13), Total",5,BDL,1,2018-06-20,Chlorinated Alkane,Short Chain Chlorinated Alkanes (C10-13) Total,Total Short Chain Chlorinated Alkanes (C10-13),NG/G wet,5,,NLET,B_ChlorinatedAlkanes_ISO
60585,Lake Trout,Salvelinus,namaycush,55,1663,M,ADS,1,2013-07-22,2013,Lake Huron,North Channel L Huron,45.91666667,-83.5,ON,WHA,"13C10-1,5,5,6,6,10-hexachlorodecane",69.1,,1,2018-06-20,Chlorinated Alkane,"13C10-1,5,5,6,6,10-hexachlorodecane","13C10-1,5,5,6,6,10-hexachlorodecane",PCT,,,NLET,B_ChlorinatedAlkanes_ISO
60585,Lake Trout,Salvelinus,namaycush,55,1663,M,ADS,1,2013-07-22,2013,Lake Huron,North Channel L Huron,45.91666667,-83.5,ON,WHA,"Chlorinated Alkanes, SC (C10-C13), Total",5,BDL,1,2018-06-20,Chlorinated Alkane,Short Chain Chlorinated Alkanes (C10-13) Total,Total Short Chain Chlorinated Alkanes (C10-13),NG/G wet,5,,NLET,B_ChlorinatedAlkanes_ISO
60586,Lake Trout,Salvelinus,namaycush,59,2300.5,F,ADS,1,2013-07-22,2013,Lake Huron,North Channel L Huron,45.91666667,-83.5,ON,WHA,"13C10-1,5,5,6,6,10-hexachlorodecane",63.7,,1,2018-06-21,Chlorinated Alkane,"13C10-1,5,5,6,6,10-hexachlorodecane","13C10-1,5,5,6,6,10-hexachlorodecane",PCT,,,NLET,B_ChlorinatedAlkanes_ISO
60586,Lake Trout,Salvelinus,namaycush,59,2300.5,F,ADS,1,2013-07-22,2013,Lake Huron,North Channel L Huron,45.91666667,-83.5,ON,WHA,"Chlorinated Alkanes, SC (C10-C13), Total",5,BDL,1,2018-06-21,Chlorinated Alkane,Short Chain Chlorinated Alkanes (C10-13) Total,Total Short Chain Chlorinated Alkanes (C10-13),NG/G wet,5,,NLET,B_ChlorinatedAlkanes_ISO
60587,Lake Trout,Salvelinus,namaycush,59,2594.3,F,ADS,1,2013-07-22,2013,Lake Huron,North Channel L Huron,45.91666667,-83.5,ON,WHA,"13C10-1,5,5,6,6,10-hexachlorodecane",70.3,,1,2018-06-21,Chlorinated Alkane,"13C10-1,5,5,6,6,10-hexachlorodecane","13C10-1,5,5,6,6,10-hexachlorodecane",PCT,,,NLET,B_ChlorinatedAlkanes_ISO
60587,Lake Trout,Salvelinus,namaycush,59,2594.3,F,ADS,1,2013-07-22,2013,Lake Huron,North Channel L Huron,45.91666667,-83.5,ON,WHA,"Chlorinated Alkanes, SC (C10-C13), Total",5,BDL,1,2018-06-21,Chlorinated Alkane,Short Chain Chlorinated Alkanes (C10-13) Total,Total Short Chain Chlorinated Alkanes (C10-13),NG/G wet,5,,NLET,B_ChlorinatedAlkanes_ISO
60588,Lake Trout,Salvelinus,namaycush,63,2455,M,ADS,1,2013-07-22,2013,Lake Huron,North Channel L Huron,45.91666667,-83.5,ON,WHA,"13C10-1,5,5,6,6,10-hexachlorodecane",58.1,,1,2018-06-21,Chlorinated Alkane,"13C10-1,5,5,6,6,10-hexachlorodecane","13C10-1,5,5,6,6,10-hexachlorodecane",PCT,,,NLET,B_ChlorinatedAlkanes_ISO
60588,Lake Trout,Salvelinus,namaycush,63,2455,M,ADS,1,2013-07-22,2013,Lake Huron,North Channel L Huron,45.91666667,-83.5,ON,WHA,"Chlorinated Alkanes, SC (C10-C13), Total",5,BDL,1,2018-06-21,Chlorinated Alkane,Short Chain Chlorinated Alkanes (C10-13) Total,Total Short Chain Chlorinated Alkanes (C10-13),NG/G wet,5,,NLET,B_ChlorinatedAlkanes_ISO
60589,Lake Trout,Salvelinus,namaycush,61,3266,M,ADS,1,2013-07-22,2013,Lake Huron,North Channel L Huron,45.91666667,-83.5,ON,WHA,"13C10-1,5,5,6,6,10-hexachlorodecane",75.4,,1,2018-06-21,Chlorinated Alkane,"13C10-1,5,5,6,6,10-hexachlorodecane","13C10-1,5,5,6,6,10-hexachlorodecane",PCT,,,NLET,B_ChlorinatedAlkanes_ISO
60589,Lake Trout,Salvelinus,namaycush,61,3266,M,ADS,1,2013-07-22,2013,Lake Huron,North Channel L Huron,45.91666667,-83.5,ON,WHA,"Chlorinated Alkanes, SC (C10-C13), Total",5,BDL,1,2018-06-21,Chlorinated Alkane,Short Chain Chlorinated Alkanes (C10-13) Total,Total Short Chain Chlorinated Alkanes (C10-13),NG/G wet,5,,NLET,B_ChlorinatedAlkanes_ISO
60592,Lake Trout,Salvelinus,namaycush,53,1416.5,M,ADS,1,2013-07-22,2013,Lake Huron,North Channel L Huron,45.91666667,-83.5,ON,WHA,"13C10-1,5,5,6,6,10-hexachlorodecane",96.5,,1,2018-02-09,Chlorinated Alkane,"13C10-1,5,5,6,6,10-hexachlorodecane","13C10-1,5,5,6,6,10-hexachlorodecane",PCT,,,NLET,B_ChlorinatedAlkanes_ISO
60592,Lake Trout,Salvelinus,namaycush,53,1416.5,M,ADS,1,2013-07-22,2013,Lake Huron,North Channel L Huron,45.91666667,-83.5,ON,WHA,"Chlorinated Alkanes, SC (C10-C13), Total",5,BDL,1,2018-02-09,Chlorinated Alkane,Short Chain Chlorinated Alkanes (C10-13) Total,Total Short Chain Chlorinated Alkanes (C10-13),NG/G wet,5,,NLET,B_ChlorinatedAlkanes_ISO
60593,Lake Trout,Salvelinus,namaycush,62.5,2744,F,ADS,1,2013-07-22,2013,Lake Huron,North Channel L Huron,45.91666667,-83.5,ON,WHA,"13C10-1,5,5,6,6,10-hexachlorodecane",103,,1,2018-02-09,Chlorinated Alkane,"13C10-1,5,5,6,6,10-hexachlorodecane","13C10-1,5,5,6,6,10-hexachlorodecane",PCT,,,NLET,B_ChlorinatedAlkanes_ISO
60593,Lake Trout,Salvelinus,namaycush,62.5,2744,F,ADS,1,2013-07-22,2013,Lake Huron,North Channel L Huron,45.91666667,-83.5,ON,WHA,"Chlorinated Alkanes, SC (C10-C13), Total",5,BDL,1,2018-02-09,Chlorinated Alkane,Short Chain Chlorinated Alkanes (C10-13) Total,Total Short Chain Chlorinated Alkanes (C10-13),NG/G wet,5,,NLET,B_ChlorinatedAlkanes_ISO
60745,Lake Trout,Salvelinus,namaycush,53,1265.7,M,ADS,1,2013-11-30,2013,Lake Athabasca,Lake Athabasca,59.279265,-106.031857,SK,WHA,"13C10-1,5,5,6,6,10-hexachlorodecane      ",115,,1,2018-10-11,Chlorinated Alkane,"13C10-1,5,5,6,6,10-hexachlorodecane","13C10-1,5,5,6,6,10-hexachlorodecane",PCT,,,NLET,B_ChlorinatedAlkanes_ISO
60745,Lake Trout,Salvelinus,namaycush,53,1265.7,M,ADS,1,2013-11-30,2013,Lake Athabasca,Lake Athabasca,59.279265,-106.031857,SK,WHA,"Chlorinated Alkanes, SC (C10-C13), Total ",12.1,,1,2018-10-11,Chlorinated Alkane,Short Chain Chlorinated Alkanes (C10-13) Total,Total Short Chain Chlorinated Alkanes (C10-13),NG/G wet,5,,NLET,B_ChlorinatedAlkanes_ISO
60746,Lake Trout,Salvelinus,namaycush,62,1926.1,M,ADS,1,2013-11-30,2013,Lake Athabasca,Lake Athabasca,59.279265,-106.031857,SK,WHA,"13C10-1,5,5,6,6,10-hexachlorodecane      ",109,,1,2018-10-11,Chlorinated Alkane,"13C10-1,5,5,6,6,10-hexachlorodecane","13C10-1,5,5,6,6,10-hexachlorodecane",PCT,,,NLET,B_ChlorinatedAlkanes_ISO
60746,Lake Trout,Salvelinus,namaycush,62,1926.1,M,ADS,1,2013-11-30,2013,Lake Athabasca,Lake Athabasca,59.279265,-106.031857,SK,WHA,"Chlorinated Alkanes, SC (C10-C13), Total ",5,BDL,1,2018-10-11,Chlorinated Alkane,Short Chain Chlorinated Alkanes (C10-13) Total,Total Short Chain Chlorinated Alkanes (C10-13),NG/G wet,5,,NLET,B_ChlorinatedAlkanes_ISO
60747,Lake Trout,Salvelinus,namaycush,58.5,1747.5,M,ADS,1,2013-11-30,2013,Lake Athabasca,Lake Athabasca,59.279265,-106.031857,SK,WHA,"13C10-1,5,5,6,6,10-hexachlorodecane",104,,1,2018-03-13,Chlorinated Alkane,"13C10-1,5,5,6,6,10-hexachlorodecane","13C10-1,5,5,6,6,10-hexachlorodecane",PCT,,,NLET,B_ChlorinatedAlkanes_ISO
60747,Lake Trout,Salvelinus,namaycush,58.5,1747.5,M,ADS,1,2013-11-30,2013,Lake Athabasca,Lake Athabasca,59.279265,-106.031857,SK,WHA,"Chlorinated Alkanes, SC (C10-C13), Total",5,BDL,1,2018-03-13,Chlorinated Alkane,Short Chain Chlorinated Alkanes (C10-13) Total,Total Short Chain Chlorinated Alkanes (C10-13),NG/G wet,5,,NLET,B_ChlorinatedAlkanes_ISO
60748,Lake Trout,Salvelinus,namaycush,60.5,2110,M,ADS,1,2013-11-30,2013,Lake Athabasca,Lake Athabasca,59.279265,-106.031857,SK,WHA,"13C10-1,5,5,6,6,10-hexachlorodecane      ",103,,1,2018-10-11,Chlorinated Alkane,"13C10-1,5,5,6,6,10-hexachlorodecane","13C10-1,5,5,6,6,10-hexachlorodecane",PCT,,,NLET,B_ChlorinatedAlkanes_ISO
60748,Lake Trout,Salvelinus,namaycush,60.5,2110,M,ADS,1,2013-11-30,2013,Lake Athabasca,Lake Athabasca,59.279265,-106.031857,SK,WHA,"Chlorinated Alkanes, SC (C10-C13), Total ",5,BDL,1,2018-10-11,Chlorinated Alkane,Short Chain Chlorinated Alkanes (C10-13) Total,Total Short Chain Chlorinated Alkanes (C10-13),NG/G wet,5,,NLET,B_ChlorinatedAlkanes_ISO
60749,Lake Trout,Salvelinus,namaycush,65,2229.5,M,ADS,1,2013-11-30,2013,Lake Athabasca,Lake Athabasca,59.279265,-106.031857,SK,WHA,"13C10-1,5,5,6,6,10-hexachlorodecane",107,,1,2018-03-13,Chlorinated Alkane,"13C10-1,5,5,6,6,10-hexachlorodecane","13C10-1,5,5,6,6,10-hexachlorodecane",PCT,,,NLET,B_ChlorinatedAlkanes_ISO
60749,Lake Trout,Salvelinus,namaycush,65,2229.5,M,ADS,1,2013-11-30,2013,Lake Athabasca,Lake Athabasca,59.279265,-106.031857,SK,WHA,"Chlorinated Alkanes, SC (C10-C13), Total",5,BDL,1,2018-03-13,Chlorinated Alkane,Short Chain Chlorinated Alkanes (C10-13) Total,Total Short Chain Chlorinated Alkanes (C10-13),NG/G wet,5,,NLET,B_ChlorinatedAlkanes_ISO
60759,Lake Trout,Salvelinus,namaycush,69,2445,F,ADS,1,2013-12-10,2013,Lake Athabasca,Lake Athabasca,58.705519,-111.090317,AB,WHA,"13C10-1,5,5,6,6,10-hexachlorodecane",125,,1,2018-02-28,Chlorinated Alkane,"13C10-1,5,5,6,6,10-hexachlorodecane","13C10-1,5,5,6,6,10-hexachlorodecane",PCT,,,NLET,B_ChlorinatedAlkanes_ISO
60759,Lake Trout,Salvelinus,namaycush,69,2445,F,ADS,1,2013-12-10,2013,Lake Athabasca,Lake Athabasca,58.705519,-111.090317,AB,WHA,"Chlorinated Alkanes, SC (C10-C13), Total",9.02,,1,2018-02-28,Chlorinated Alkane,Short Chain Chlorinated Alkanes (C10-13) Total,Total Short Chain Chlorinated Alkanes (C10-13),NG/G wet,5,,NLET,B_ChlorinatedAlkanes_ISO
60760,Lake Trout,Salvelinus,namaycush,69.5,2582,F,ADS,1,2013-12-10,2013,Lake Athabasca,Lake Athabasca,58.705519,-111.090317,AB,WHA,"13C10-1,5,5,6,6,10-hexachlorodecane",99.9,,1,2018-02-28,Chlorinated Alkane,"13C10-1,5,5,6,6,10-hexachlorodecane","13C10-1,5,5,6,6,10-hexachlorodecane",PCT,,,NLET,B_ChlorinatedAlkanes_ISO
60760,Lake Trout,Salvelinus,namaycush,69.5,2582,F,ADS,1,2013-12-10,2013,Lake Athabasca,Lake Athabasca,58.705519,-111.090317,AB,WHA,"Chlorinated Alkanes, SC (C10-C13), Total",17.8,,1,2018-02-28,Chlorinated Alkane,Short Chain Chlorinated Alkanes (C10-13) Total,Total Short Chain Chlorinated Alkanes (C10-13),NG/G wet,5,,NLET,B_ChlorinatedAlkanes_ISO
60761,Lake Trout,Salvelinus,namaycush,70,3060,F,ADS,1,2013-12-10,2013,Lake Athabasca,Lake Athabasca,58.705519,-111.090317,AB,WHA,"13C10-1,5,5,6,6,10-hexachlorodecane      ",89.5,,1,2018-10-11,Chlorinated Alkane,"13C10-1,5,5,6,6,10-hexachlorodecane","13C10-1,5,5,6,6,10-hexachlorodecane",PCT,,,NLET,B_ChlorinatedAlkanes_ISO
60761,Lake Trout,Salvelinus,namaycush,70,3060,F,ADS,1,2013-12-10,2013,Lake Athabasca,Lake Athabasca,58.705519,-111.090317,AB,WHA,"Chlorinated Alkanes, SC (C10-C13), Total ",5,BDL,1,2018-10-11,Chlorinated Alkane,Short Chain Chlorinated Alkanes (C10-13) Total,Total Short Chain Chlorinated Alkanes (C10-13),NG/G wet,5,,NLET,B_ChlorinatedAlkanes_ISO
60762,Lake Trout,Salvelinus,namaycush,66.5,2059,F,ADS,1,2013-12-10,2013,Lake Athabasca,Lake Athabasca,58.705519,-111.090317,AB,WHA,"13C10-1,5,5,6,6,10-hexachlorodecane      ",89.2,,1,2018-10-11,Chlorinated Alkane,"13C10-1,5,5,6,6,10-hexachlorodecane","13C10-1,5,5,6,6,10-hexachlorodecane",PCT,,,NLET,B_ChlorinatedAlkanes_ISO
60762,Lake Trout,Salvelinus,namaycush,66.5,2059,F,ADS,1,2013-12-10,2013,Lake Athabasca,Lake Athabasca,58.705519,-111.090317,AB,WHA,"Chlorinated Alkanes, SC (C10-C13), Total ",5,BDL,1,2018-10-11,Chlorinated Alkane,Short Chain Chlorinated Alkanes (C10-13) Total,Total Short Chain Chlorinated Alkanes (C10-13),NG/G wet,5,,NLET,B_ChlorinatedAlkanes_ISO
60763,Lake Trout,Salvelinus,namaycush,62,2186,M,ADS,1,2013-12-10,2013,Lake Athabasca,Lake Athabasca,58.705519,-111.090317,AB,WHA,"13C10-1,5,5,6,6,10-hexachlorodecane      ",98.1,,1,2018-10-11,Chlorinated Alkane,"13C10-1,5,5,6,6,10-hexachlorodecane","13C10-1,5,5,6,6,10-hexachlorodecane",PCT,,,NLET,B_ChlorinatedAlkanes_ISO
60763,Lake Trout,Salvelinus,namaycush,62,2186,M,ADS,1,2013-12-10,2013,Lake Athabasca,Lake Athabasca,58.705519,-111.090317,AB,WHA,"Chlorinated Alkanes, SC (C10-C13), Total ",8.08,,1,2018-10-11,Chlorinated Alkane,Short Chain Chlorinated Alkanes (C10-13) Total,Total Short Chain Chlorinated Alkanes (C10-13),NG/G wet,5,,NLET,B_ChlorinatedAlkanes_ISO
60779,Lake Trout,Salvelinus,namaycush,55,1830.2,F,ADS,1,2013-12-31,2013,Cold Lake,Cold Lake,54.63639,-109.985,AB,WHA,"13C10-1,5,5,6,6,10-hexachlorodecane      ",108,,1,2018-10-11,Chlorinated Alkane,"13C10-1,5,5,6,6,10-hexachlorodecane","13C10-1,5,5,6,6,10-hexachlorodecane",PCT,,,NLET,B_ChlorinatedAlkanes_ISO
60779,Lake Trout,Salvelinus,namaycush,55,1830.2,F,ADS,1,2013-12-31,2013,Cold Lake,Cold Lake,54.63639,-109.985,AB,WHA,"Chlorinated Alkanes, SC (C10-C13), Total ",5,BDL,1,2018-10-11,Chlorinated Alkane,Short Chain Chlorinated Alkanes (C10-13) Total,Total Short Chain Chlorinated Alkanes (C10-13),NG/G wet,5,,NLET,B_ChlorinatedAlkanes_ISO
60780,Lake Trout,Salvelinus,namaycush,69.3,3424,F,ADS,1,2013-12-31,2013,Cold Lake,Cold Lake,54.63639,-109.985,AB,WHA,"13C10-1,5,5,6,6,10-hexachlorodecane      ",102,,1,2018-10-11,Chlorinated Alkane,"13C10-1,5,5,6,6,10-hexachlorodecane","13C10-1,5,5,6,6,10-hexachlorodecane",PCT,,,NLET,B_ChlorinatedAlkanes_ISO
60780,Lake Trout,Salvelinus,namaycush,69.3,3424,F,ADS,1,2013-12-31,2013,Cold Lake,Cold Lake,54.63639,-109.985,AB,WHA,"Chlorinated Alkanes, SC (C10-C13), Total ",5,BDL,1,2018-10-11,Chlorinated Alkane,Short Chain Chlorinated Alkanes (C10-13) Total,Total Short Chain Chlorinated Alkanes (C10-13),NG/G wet,5,,NLET,B_ChlorinatedAlkanes_ISO
60781,Lake Trout,Salvelinus,namaycush,69,3316.5,F,ADS,1,2013-12-31,2013,Cold Lake,Cold Lake,54.63639,-109.985,AB,WHA,"13C10-1,5,5,6,6,10-hexachlorodecane      ",108,,1,2018-10-11,Chlorinated Alkane,"13C10-1,5,5,6,6,10-hexachlorodecane","13C10-1,5,5,6,6,10-hexachlorodecane",PCT,,,NLET,B_ChlorinatedAlkanes_ISO
60781,Lake Trout,Salvelinus,namaycush,69,3316.5,F,ADS,1,2013-12-31,2013,Cold Lake,Cold Lake,54.63639,-109.985,AB,WHA,"Chlorinated Alkanes, SC (C10-C13), Total ",5,BDL,1,2018-10-11,Chlorinated Alkane,Short Chain Chlorinated Alkanes (C10-13) Total,Total Short Chain Chlorinated Alkanes (C10-13),NG/G wet,5,,NLET,B_ChlorinatedAlkanes_ISO
60782,Lake Trout,Salvelinus,namaycush,63,2495,F,ADS,1,2013-12-31,2013,Cold Lake,Cold Lake,54.63639,-109.985,AB,WHA,"13C10-1,5,5,6,6,10-hexachlorodecane      ",80.8,,1,2018-09-12,Chlorinated Alkane,"13C10-1,5,5,6,6,10-hexachlorodecane","13C10-1,5,5,6,6,10-hexachlorodecane",PCT,,,NLET,B_ChlorinatedAlkanes_ISO
60782,Lake Trout,Salvelinus,namaycush,63,2495,F,ADS,1,2013-12-31,2013,Cold Lake,Cold Lake,54.63639,-109.985,AB,WHA,"Chlorinated Alkanes, SC (C10-C13), Total ",5,BDL,1,2018-09-12,Chlorinated Alkane,Short Chain Chlorinated Alkanes (C10-13) Total,Total Short Chain Chlorinated Alkanes (C10-13),NG/G wet,5,,NLET,B_ChlorinatedAlkanes_ISO
60783,Lake Trout,Salvelinus,namaycush,65,2727.5,M,ADS,1,2013-12-31,2013,Cold Lake,Cold Lake,54.63639,-109.985,AB,WHA,"13C10-1,5,5,6,6,10-hexachlorodecane      ",158,,1,2018-09-12,Chlorinated Alkane,"13C10-1,5,5,6,6,10-hexachlorodecane","13C10-1,5,5,6,6,10-hexachlorodecane",PCT,,,NLET,B_ChlorinatedAlkanes_ISO
60783,Lake Trout,Salvelinus,namaycush,65,2727.5,M,ADS,1,2013-12-31,2013,Cold Lake,Cold Lake,54.63639,-109.985,AB,WHA,"Chlorinated Alkanes, SC (C10-C13), Total ",5,BDL,1,2018-09-12,Chlorinated Alkane,Short Chain Chlorinated Alkanes (C10-13) Total,Total Short Chain Chlorinated Alkanes (C10-13),NG/G wet,5,,NLET,B_ChlorinatedAlkanes_ISO
60784,Lake Trout,Salvelinus,namaycush,61,2605,F,ADS,1,2013-12-31,2013,Cold Lake,Cold Lake,54.63639,-109.985,AB,WHA,"13C10-1,5,5,6,6,10-hexachlorodecane      ",111,,1,2018-09-12,Chlorinated Alkane,"13C10-1,5,5,6,6,10-hexachlorodecane","13C10-1,5,5,6,6,10-hexachlorodecane",PCT,,,NLET,B_ChlorinatedAlkanes_ISO
60784,Lake Trout,Salvelinus,namaycush,61,2605,F,ADS,1,2013-12-31,2013,Cold Lake,Cold Lake,54.63639,-109.985,AB,WHA,"Chlorinated Alkanes, SC (C10-C13), Total ",6.92,,1,2018-09-12,Chlorinated Alkane,Short Chain Chlorinated Alkanes (C10-13) Total,Total Short Chain Chlorinated Alkanes (C10-13),NG/G wet,5,,NLET,B_ChlorinatedAlkanes_ISO
60785,Lake Trout,Salvelinus,namaycush,65.5,3257.2,F,ADS,1,2013-12-31,2013,Cold Lake,Cold Lake,54.63639,-109.985,AB,WHA,"13C10-1,5,5,6,6,10-hexachlorodecane",103,,1,2018-02-28,Chlorinated Alkane,"13C10-1,5,5,6,6,10-hexachlorodecane","13C10-1,5,5,6,6,10-hexachlorodecane",PCT,,,NLET,B_ChlorinatedAlkanes_ISO
60785,Lake Trout,Salvelinus,namaycush,65.5,3257.2,F,ADS,1,2013-12-31,2013,Cold Lake,Cold Lake,54.63639,-109.985,AB,WHA,"Chlorinated Alkanes, SC (C10-C13), Total",15.1,,1,2018-02-28,Chlorinated Alkane,Short Chain Chlorinated Alkanes (C10-13) Total,Total Short Chain Chlorinated Alkanes (C10-13),NG/G wet,5,,NLET,B_ChlorinatedAlkanes_ISO
60786,Lake Trout,Salvelinus,namaycush,65,2571.7,F,ADS,1,2013-12-31,2013,Cold Lake,Cold Lake,54.63639,-109.985,AB,WHA,"13C10-1,5,5,6,6,10-hexachlorodecane",99.9,,1,2018-02-28,Chlorinated Alkane,"13C10-1,5,5,6,6,10-hexachlorodecane","13C10-1,5,5,6,6,10-hexachlorodecane",PCT,,,NLET,B_ChlorinatedAlkanes_ISO
60786,Lake Trout,Salvelinus,namaycush,65,2571.7,F,ADS,1,2013-12-31,2013,Cold Lake,Cold Lake,54.63639,-109.985,AB,WHA,"Chlorinated Alkanes, SC (C10-C13), Total",9.08,,1,2018-02-28,Chlorinated Alkane,Short Chain Chlorinated Alkanes (C10-13) Total,Total Short Chain Chlorinated Alkanes (C10-13),NG/G wet,5,,NLET,B_ChlorinatedAlkanes_ISO
60787,Lake Trout,Salvelinus,namaycush,66,2977,F,ADS,1,2013-12-31,2013,Cold Lake,Cold Lake,54.63639,-109.985,AB,WHA,"13C10-1,5,5,6,6,10-hexachlorodecane      ",166,,1,2018-09-12,Chlorinated Alkane,"13C10-1,5,5,6,6,10-hexachlorodecane","13C10-1,5,5,6,6,10-hexachlorodecane",PCT,,,NLET,B_ChlorinatedAlkanes_ISO
60787,Lake Trout,Salvelinus,namaycush,66,2977,F,ADS,1,2013-12-31,2013,Cold Lake,Cold Lake,54.63639,-109.985,AB,WHA,"Chlorinated Alkanes, SC (C10-C13), Total ",6.39,,1,2018-09-12,Chlorinated Alkane,Short Chain Chlorinated Alkanes (C10-13) Total,Total Short Chain Chlorinated Alkanes (C10-13),NG/G wet,5,,NLET,B_ChlorinatedAlkanes_ISO
60788,Lake Trout,Salvelinus,namaycush,63,2509.2,F,ADS,1,2013-12-31,2013,Cold Lake,Cold Lake,54.63639,-109.985,AB,WHA,"13C10-1,5,5,6,6,10-hexachlorodecane      ",108,,1,2018-09-12,Chlorinated Alkane,"13C10-1,5,5,6,6,10-hexachlorodecane","13C10-1,5,5,6,6,10-hexachlorodecane",PCT,,,NLET,B_ChlorinatedAlkanes_ISO
60788,Lake Trout,Salvelinus,namaycush,63,2509.2,F,ADS,1,2013-12-31,2013,Cold Lake,Cold Lake,54.63639,-109.985,AB,WHA,"Chlorinated Alkanes, SC (C10-C13), Total ",5,BDL,1,2018-09-12,Chlorinated Alkane,Short Chain Chlorinated Alkanes (C10-13) Total,Total Short Chain Chlorinated Alkanes (C10-13),NG/G wet,5,,NLET,B_ChlorinatedAlkanes_ISO
60833,Lake Trout,Salvelinus,namaycush,55,1866,F,ADS,1,2013-07-15,2013,Kusawa Lake,Kusawa Lake,60.416492,-136.209119,YT,WHA,"13C10-1,5,5,6,6,10-hexachlorodecane",107,,1,2018-02-28,Chlorinated Alkane,"13C10-1,5,5,6,6,10-hexachlorodecane","13C10-1,5,5,6,6,10-hexachlorodecane",PCT,,,NLET,B_ChlorinatedAlkanes_ISO
60833,Lake Trout,Salvelinus,namaycush,55,1866,F,ADS,1,2013-07-15,2013,Kusawa Lake,Kusawa Lake,60.416492,-136.209119,YT,WHA,"Chlorinated Alkanes, SC (C10-C13), Total",10.9,,1,2018-02-28,Chlorinated Alkane,Short Chain Chlorinated Alkanes (C10-13) Total,Total Short Chain Chlorinated Alkanes (C10-13),NG/G wet,5,,NLET,B_ChlorinatedAlkanes_ISO
60834,Lake Trout,Salvelinus,namaycush,58,1496,F,ADS,1,2013-07-15,2013,Kusawa Lake,Kusawa Lake,60.416492,-136.209119,YT,WHA,"13C10-1,5,5,6,6,10-hexachlorodecane",114,,1,2018-02-28,Chlorinated Alkane,"13C10-1,5,5,6,6,10-hexachlorodecane","13C10-1,5,5,6,6,10-hexachlorodecane",PCT,,,NLET,B_ChlorinatedAlkanes_ISO
60834,Lake Trout,Salvelinus,namaycush,58,1496,F,ADS,1,2013-07-15,2013,Kusawa Lake,Kusawa Lake,60.416492,-136.209119,YT,WHA,"Chlorinated Alkanes, SC (C10-C13), Total",7.75,,1,2018-02-28,Chlorinated Alkane,Short Chain Chlorinated Alkanes (C10-13) Total,Total Short Chain Chlorinated Alkanes (C10-13),NG/G wet,5,,NLET,B_ChlorinatedAlkanes_ISO
60846,Lake Trout,Salvelinus,namaycush,52,47.5,F,ADS,1,2013-12-31,2013,Reindeer Lake,Reindeer Lake,57.492804,-102.381592,SK,WHA,"13C10-1,5,5,6,6,10-hexachlorodecane",98.9,,1,2018-03-13,Chlorinated Alkane,"13C10-1,5,5,6,6,10-hexachlorodecane","13C10-1,5,5,6,6,10-hexachlorodecane",PCT,,,NLET,B_ChlorinatedAlkanes_ISO
60846,Lake Trout,Salvelinus,namaycush,52,47.5,F,ADS,1,2013-12-31,2013,Reindeer Lake,Reindeer Lake,57.492804,-102.381592,SK,WHA,"Chlorinated Alkanes, SC (C10-C13), Total",5,BDL,1,2018-03-13,Chlorinated Alkane,Short Chain Chlorinated Alkanes (C10-13) Total,Total Short Chain Chlorinated Alkanes (C10-13),NG/G wet,5,,NLET,B_ChlorinatedAlkanes_ISO
60847,Lake Trout,Salvelinus,namaycush,67,3125.4,F,ADS,1,2013-12-31,2013,Reindeer Lake,Reindeer Lake,57.492804,-102.381592,SK,WHA,"13C10-1,5,5,6,6,10-hexachlorodecane",95.8,,1,2018-03-13,Chlorinated Alkane,"13C10-1,5,5,6,6,10-hexachlorodecane","13C10-1,5,5,6,6,10-hexachlorodecane",PCT,,,NLET,B_ChlorinatedAlkanes_ISO
60847,Lake Trout,Salvelinus,namaycush,67,3125.4,F,ADS,1,2013-12-31,2013,Reindeer Lake,Reindeer Lake,57.492804,-102.381592,SK,WHA,"Chlorinated Alkanes, SC (C10-C13), Total",5,BDL,1,2018-03-13,Chlorinated Alkane,Short Chain Chlorinated Alkanes (C10-13) Total,Total Short Chain Chlorinated Alkanes (C10-13),NG/G wet,5,,NLET,B_ChlorinatedAlkanes_ISO
60851,Lake Trout,Salvelinus,namaycush,46,1026,M,ADS,1,2013-12-31,2013,Reindeer Lake,Reindeer Lake,57.492804,-102.381592,SK,WHA,"13C10-1,5,5,6,6,10-hexachlorodecane      ",120,,1,2023-10-26,Chlorinated Alkane,"13C10-1,5,5,6,6,10-hexachlorodecane","13C10-1,5,5,6,6,10-hexachlorodecane",PCT,,,NLET,B_ChlorinatedAlkanes_ISO
60851,Lake Trout,Salvelinus,namaycush,46,1026,M,ADS,1,2013-12-31,2013,Reindeer Lake,Reindeer Lake,57.492804,-102.381592,SK,WHA,"Chlorinated Alkanes, SC (C10-C13), Total ",50,L,1,2023-10-26,Chlorinated Alkane,Short Chain Chlorinated Alkanes (C10-13) Total,Total Short Chain Chlorinated Alkanes (C10-13),NG/G wet,5,,NLET,B_ChlorinatedAlkanes_ISO
60858,Lake Trout,Salvelinus,namaycush,57,1924,M,ADS,1,2013-12-31,2013,Reindeer Lake,Reindeer Lake,57.492804,-102.381592,SK,WHA,"13C10-1,5,5,6,6,10-hexachlorodecane      ",135,,1,2023-10-26,Chlorinated Alkane,"13C10-1,5,5,6,6,10-hexachlorodecane","13C10-1,5,5,6,6,10-hexachlorodecane",PCT,,,NLET,B_ChlorinatedAlkanes_ISO
60858,Lake Trout,Salvelinus,namaycush,57,1924,M,ADS,1,2013-12-31,2013,Reindeer Lake,Reindeer Lake,57.492804,-102.381592,SK,WHA,"Chlorinated Alkanes, SC (C10-C13), Total ",50,L,1,2023-10-26,Chlorinated Alkane,Short Chain Chlorinated Alkanes (C10-13) Total,Total Short Chain Chlorinated Alkanes (C10-13),NG/G wet,5,,NLET,B_ChlorinatedAlkanes_ISO
61534,Lake Trout,Salvelinus,namaycush,57.5,1574,F,ADS,1,2014-12-10,2014,Reindeer Lake,Reindeer Lake,57.492804,-102.381592,SK,WHA,"13C10-1,5,5,6,6,10-hexachlorodecane      ",108,,1,2023-10-26,Chlorinated Alkane,"13C10-1,5,5,6,6,10-hexachlorodecane","13C10-1,5,5,6,6,10-hexachlorodecane",PCT,,,NLET,B_ChlorinatedAlkanes_ISO
61534,Lake Trout,Salvelinus,namaycush,57.5,1574,F,ADS,1,2014-12-10,2014,Reindeer Lake,Reindeer Lake,57.492804,-102.381592,SK,WHA,"Chlorinated Alkanes, SC (C10-C13), Total ",50,L,1,2023-10-26,Chlorinated Alkane,Short Chain Chlorinated Alkanes (C10-13) Total,Total Short Chain Chlorinated Alkanes (C10-13),NG/G wet,5,,NLET,B_ChlorinatedAlkanes_ISO
61550,Lake Trout,Salvelinus,namaycush,72,3729.6,F,ADS,1,2014-09-30,2014,Great Bear Lake,Great Bear Lake,66.241197,-123.739014,NWT,WHA,"13C10-1,5,5,6,6,10-hexachlorodecane      ",110,,1,2023-10-26,Chlorinated Alkane,"13C10-1,5,5,6,6,10-hexachlorodecane","13C10-1,5,5,6,6,10-hexachlorodecane",PCT,,,NLET,B_ChlorinatedAlkanes_ISO
61550,Lake Trout,Salvelinus,namaycush,72,3729.6,F,ADS,1,2014-09-30,2014,Great Bear Lake,Great Bear Lake,66.241197,-123.739014,NWT,WHA,"Chlorinated Alkanes, SC (C10-C13), Total ",77.9,,1,2023-10-26,Chlorinated Alkane,Short Chain Chlorinated Alkanes (C10-13) Total,Total Short Chain Chlorinated Alkanes (C10-13),NG/G wet,5,,NLET,B_ChlorinatedAlkanes_ISO
61551,Lake Trout,Salvelinus,namaycush,44,838,M,ADS,1,2014-09-30,2014,Great Bear Lake,Great Bear Lake,66.241197,-123.739014,NWT,WHA,"13C10-1,5,5,6,6,10-hexachlorodecane      ",107,,1,2023-10-26,Chlorinated Alkane,"13C10-1,5,5,6,6,10-hexachlorodecane","13C10-1,5,5,6,6,10-hexachlorodecane",PCT,,,NLET,B_ChlorinatedAlkanes_ISO
61551,Lake Trout,Salvelinus,namaycush,44,838,M,ADS,1,2014-09-30,2014,Great Bear Lake,Great Bear Lake,66.241197,-123.739014,NWT,WHA,"Chlorinated Alkanes, SC (C10-C13), Total ",121,,1,2023-10-26,Chlorinated Alkane,Short Chain Chlorinated Alkanes (C10-13) Total,Total Short Chain Chlorinated Alkanes (C10-13),NG/G wet,5,,NLET,B_ChlorinatedAlkanes_ISO
61556,Lake Trout,Salvelinus,namaycush,82,5346.4,F,ADS,1,2014-09-30,2014,Great Bear Lake,Great Bear Lake,66.241197,-123.739014,NWT,WHA,"13C10-1,5,5,6,6,10-hexachlorodecane",91.7,,1,2024-02-20,Chlorinated Alkane,"13C10-1,5,5,6,6,10-hexachlorodecane","13C10-1,5,5,6,6,10-hexachlorodecane",PCT,,,NLET,B_ChlorinatedAlkanes_ISO
61556,Lake Trout,Salvelinus,namaycush,82,5346.4,F,ADS,1,2014-09-30,2014,Great Bear Lake,Great Bear Lake,66.241197,-123.739014,NWT,WHA,"Chlorinated Alkanes, SC (C10-C13), Total",50,L,1,2024-02-20,Chlorinated Alkane,Short Chain Chlorinated Alkanes (C10-13) Total,Total Short Chain Chlorinated Alkanes (C10-13),NG/G wet,5,,NLET,B_ChlorinatedAlkanes_ISO
61557,Lake Trout,Salvelinus,namaycush,44,852.5,M,ADS,1,2014-09-30,2014,Great Bear Lake,Great Bear Lake,66.241197,-123.739014,NWT,WHA,"13C10-1,5,5,6,6,10-hexachlorodecane      ",95.1,,1,2023-10-26,Chlorinated Alkane,"13C10-1,5,5,6,6,10-hexachlorodecane","13C10-1,5,5,6,6,10-hexachlorodecane",PCT,,,NLET,B_ChlorinatedAlkanes_ISO
61557,Lake Trout,Salvelinus,namaycush,44,852.5,M,ADS,1,2014-09-30,2014,Great Bear Lake,Great Bear Lake,66.241197,-123.739014,NWT,WHA,"Chlorinated Alkanes, SC (C10-C13), Total ",50,L,1,2023-10-26,Chlorinated Alkane,Short Chain Chlorinated Alkanes (C10-13) Total,Total Short Chain Chlorinated Alkanes (C10-13),NG/G wet,5,,NLET,B_ChlorinatedAlkanes_ISO
61558,Lake Trout,Salvelinus,namaycush,41,651.6,M,ADS,1,2014-09-30,2014,Great Bear Lake,Great Bear Lake,66.241197,-123.739014,NWT,WHA,"13C10-1,5,5,6,6,10-hexachlorodecane      ",106,,1,2023-10-26,Chlorinated Alkane,"13C10-1,5,5,6,6,10-hexachlorodecane","13C10-1,5,5,6,6,10-hexachlorodecane",PCT,,,NLET,B_ChlorinatedAlkanes_ISO
61558,Lake Trout,Salvelinus,namaycush,41,651.6,M,ADS,1,2014-09-30,2014,Great Bear Lake,Great Bear Lake,66.241197,-123.739014,NWT,WHA,"Chlorinated Alkanes, SC (C10-C13), Total ",50,L,1,2023-10-26,Chlorinated Alkane,Short Chain Chlorinated Alkanes (C10-13) Total,Total Short Chain Chlorinated Alkanes (C10-13),NG/G wet,5,,NLET,B_ChlorinatedAlkanes_ISO
62318,Lake Trout,Salvelinus,namaycush,60,2532.5,M,ADS,1,2015-09-15,2015,Lake Ontario,Central Basin L Ontario,43.91667,-78.16667,ON,WHA,"13C10-1,5,5,6,6,10-hexachlorodecane      ",83.3,,1,2023-10-26,Chlorinated Alkane,"13C10-1,5,5,6,6,10-hexachlorodecane","13C10-1,5,5,6,6,10-hexachlorodecane",PCT,,,NLET,B_ChlorinatedAlkanes_ISO
62318,Lake Trout,Salvelinus,namaycush,60,2532.5,M,ADS,1,2015-09-15,2015,Lake Ontario,Central Basin L Ontario,43.91667,-78.16667,ON,WHA,"Chlorinated Alkanes, SC (C10-C13), Total ",50,L,1,2023-10-26,Chlorinated Alkane,Short Chain Chlorinated Alkanes (C10-13) Total,Total Short Chain Chlorinated Alkanes (C10-13),NG/G wet,5,,NLET,B_ChlorinatedAlkanes_ISO
62319,Lake Trout,Salvelinus,namaycush,55,1819,F,ADS,1,2015-09-15,2015,Lake Ontario,Central Basin L Ontario,43.91667,-78.16667,ON,WHA,"13C10-1,5,5,6,6,10-hexachlorodecane      ",92.4,,1,2023-10-26,Chlorinated Alkane,"13C10-1,5,5,6,6,10-hexachlorodecane","13C10-1,5,5,6,6,10-hexachlorodecane",PCT,,,NLET,B_ChlorinatedAlkanes_ISO
62319,Lake Trout,Salvelinus,namaycush,55,1819,F,ADS,1,2015-09-15,2015,Lake Ontario,Central Basin L Ontario,43.91667,-78.16667,ON,WHA,"Chlorinated Alkanes, SC (C10-C13), Total ",50,L,1,2023-10-26,Chlorinated Alkane,Short Chain Chlorinated Alkanes (C10-13) Total,Total Short Chain Chlorinated Alkanes (C10-13),NG/G wet,5,,NLET,B_ChlorinatedAlkanes_ISO
62320,Lake Trout,Salvelinus,namaycush,67,2524.8,M,ADS,1,2015-09-15,2015,Lake Ontario,Central Basin L Ontario,43.91667,-78.16667,ON,WHA,"13C10-1,5,5,6,6,10-hexachlorodecane      ",78.1,,1,2023-10-26,Chlorinated Alkane,"13C10-1,5,5,6,6,10-hexachlorodecane","13C10-1,5,5,6,6,10-hexachlorodecane",PCT,,,NLET,B_ChlorinatedAlkanes_ISO
62320,Lake Trout,Salvelinus,namaycush,67,2524.8,M,ADS,1,2015-09-15,2015,Lake Ontario,Central Basin L Ontario,43.91667,-78.16667,ON,WHA,"Chlorinated Alkanes, SC (C10-C13), Total ",50,L,1,2023-10-26,Chlorinated Alkane,Short Chain Chlorinated Alkanes (C10-13) Total,Total Short Chain Chlorinated Alkanes (C10-13),NG/G wet,5,,NLET,B_ChlorinatedAlkanes_ISO
62323,Lake Trout,Salvelinus,namaycush,62,3615.8,M,ADS,1,2015-09-15,2015,Lake Ontario,Central Basin L Ontario,43.91667,-78.16667,ON,WHA,"13C10-1,5,5,6,6,10-hexachlorodecane      ",90.4,,1,2023-10-26,Chlorinated Alkane,"13C10-1,5,5,6,6,10-hexachlorodecane","13C10-1,5,5,6,6,10-hexachlorodecane",PCT,,,NLET,B_ChlorinatedAlkanes_ISO
62323,Lake Trout,Salvelinus,namaycush,62,3615.8,M,ADS,1,2015-09-15,2015,Lake Ontario,Central Basin L Ontario,43.91667,-78.16667,ON,WHA,"Chlorinated Alkanes, SC (C10-C13), Total ",50,L,1,2023-10-26,Chlorinated Alkane,Short Chain Chlorinated Alkanes (C10-13) Total,Total Short Chain Chlorinated Alkanes (C10-13),NG/G wet,5,,NLET,B_ChlorinatedAlkanes_ISO
62327,Lake Trout,Salvelinus,namaycush,65,3193.2,F,ADS,1,2015-09-15,2015,Lake Ontario,Central Basin L Ontario,43.91667,-78.16667,ON,WHA,"13C10-1,5,5,6,6,10-hexachlorodecane      ",75.5,,1,2023-10-26,Chlorinated Alkane,"13C10-1,5,5,6,6,10-hexachlorodecane","13C10-1,5,5,6,6,10-hexachlorodecane",PCT,,,NLET,B_ChlorinatedAlkanes_ISO
62327,Lake Trout,Salvelinus,namaycush,65,3193.2,F,ADS,1,2015-09-15,2015,Lake Ontario,Central Basin L Ontario,43.91667,-78.16667,ON,WHA,"Chlorinated Alkanes, SC (C10-C13), Total ",50,L,1,2023-10-26,Chlorinated Alkane,Short Chain Chlorinated Alkanes (C10-13) Total,Total Short Chain Chlorinated Alkanes (C10-13),NG/G wet,5,,NLET,B_ChlorinatedAlkanes_ISO
62459,Lake Trout,Salvelinus,namaycush,57.5,2001,F,ADS,1,2015-12-31,2015,Reindeer Lake,Reindeer Lake,56.34483889,-103.2445972,AB,WHA,"13C10-1,5,5,6,6,10-hexachlorodecane      ",101,,1,2023-10-26,Chlorinated Alkane,"13C10-1,5,5,6,6,10-hexachlorodecane","13C10-1,5,5,6,6,10-hexachlorodecane",PCT,,,NLET,B_ChlorinatedAlkanes_ISO
62459,Lake Trout,Salvelinus,namaycush,57.5,2001,F,ADS,1,2015-12-31,2015,Reindeer Lake,Reindeer Lake,56.34483889,-103.2445972,AB,WHA,"Chlorinated Alkanes, SC (C10-C13), Total ",50,L,1,2023-10-26,Chlorinated Alkane,Short Chain Chlorinated Alkanes (C10-13) Total,Total Short Chain Chlorinated Alkanes (C10-13),NG/G wet,5,,NLET,B_ChlorinatedAlkanes_ISO
63647,Lake Trout,Salvelinus,namaycush,51,1516,F,ADS,1,2017-09-06,2017,Lake Ontario,Central Basin L Ontario,43.91667,-78.16667,ON,WHA,"13C10-1,5,5,6,6,10-hexachlorodecane      ",85.8,,1,2023-10-26,Chlorinated Alkane,"13C10-1,5,5,6,6,10-hexachlorodecane","13C10-1,5,5,6,6,10-hexachlorodecane",PCT,,,NLET,B_ChlorinatedAlkanes_ISO
63647,Lake Trout,Salvelinus,namaycush,51,1516,F,ADS,1,2017-09-06,2017,Lake Ontario,Central Basin L Ontario,43.91667,-78.16667,ON,WHA,"Chlorinated Alkanes, SC (C10-C13), Total ",50,L,1,2023-10-26,Chlorinated Alkane,Short Chain Chlorinated Alkanes (C10-13) Total,Total Short Chain Chlorinated Alkanes (C10-13),NG/G wet,5,,NLET,B_ChlorinatedAlkanes_ISO
63651,Lake Trout,Salvelinus,namaycush,68.5,3315,M,ADS,1,2017-09-06,2017,Lake Ontario,Central Basin L Ontario,43.91667,-78.16667,ON,WHA,"13C10-1,5,5,6,6,10-hexachlorodecane      ",90.8,,1,2023-10-26,Chlorinated Alkane,"13C10-1,5,5,6,6,10-hexachlorodecane","13C10-1,5,5,6,6,10-hexachlorodecane",PCT,,,NLET,B_ChlorinatedAlkanes_ISO
63651,Lake Trout,Salvelinus,namaycush,68.5,3315,M,ADS,1,2017-09-06,2017,Lake Ontario,Central Basin L Ontario,43.91667,-78.16667,ON,WHA,"Chlorinated Alkanes, SC (C10-C13), Total ",50,L,1,2023-10-26,Chlorinated Alkane,Short Chain Chlorinated Alkanes (C10-13) Total,Total Short Chain Chlorinated Alkanes (C10-13),NG/G wet,5,,NLET,B_ChlorinatedAlkanes_ISO
63654,Lake Trout,Salvelinus,namaycush,60,2470.3,F,ADS,1,2017-09-06,2017,Lake Ontario,Central Basin L Ontario,43.91667,-78.16667,ON,WHA,"13C10-1,5,5,6,6,10-hexachlorodecane      ",96.7,,1,2023-10-26,Chlorinated Alkane,"13C10-1,5,5,6,6,10-hexachlorodecane","13C10-1,5,5,6,6,10-hexachlorodecane",PCT,,,NLET,B_ChlorinatedAlkanes_ISO
63654,Lake Trout,Salvelinus,namaycush,60,2470.3,F,ADS,1,2017-09-06,2017,Lake Ontario,Central Basin L Ontario,43.91667,-78.16667,ON,WHA,"Chlorinated Alkanes, SC (C10-C13), Total ",50,L,1,2023-10-26,Chlorinated Alkane,Short Chain Chlorinated Alkanes (C10-13) Total,Total Short Chain Chlorinated Alkanes (C10-13),NG/G wet,5,,NLET,B_ChlorinatedAlkanes_ISO
63656,Lake Trout,Salvelinus,namaycush,45,950.1,M,ADS,1,2017-09-06,2017,Lake Ontario,Central Basin L Ontario,43.91667,-78.16667,ON,WHA,"13C10-1,5,5,6,6,10-hexachlorodecane      ",82.2,,1,2023-10-26,Chlorinated Alkane,"13C10-1,5,5,6,6,10-hexachlorodecane","13C10-1,5,5,6,6,10-hexachlorodecane",PCT,,,NLET,B_ChlorinatedAlkanes_ISO
63656,Lake Trout,Salvelinus,namaycush,45,950.1,M,ADS,1,2017-09-06,2017,Lake Ontario,Central Basin L Ontario,43.91667,-78.16667,ON,WHA,"Chlorinated Alkanes, SC (C10-C13), Total ",50,L,1,2023-10-26,Chlorinated Alkane,Short Chain Chlorinated Alkanes (C10-13) Total,Total Short Chain Chlorinated Alkanes (C10-13),NG/G wet,5,,NLET,B_ChlorinatedAlkanes_ISO
63662,Lake Trout,Salvelinus,namaycush,44,914,M,ADS,1,2017-09-06,2017,Lake Ontario,Central Basin L Ontario,43.91667,-78.16667,ON,WHA,"13C10-1,5,5,6,6,10-hexachlorodecane      ",101,,1,2023-10-26,Chlorinated Alkane,"13C10-1,5,5,6,6,10-hexachlorodecane","13C10-1,5,5,6,6,10-hexachlorodecane",PCT,,,NLET,B_ChlorinatedAlkanes_ISO
63662,Lake Trout,Salvelinus,namaycush,44,914,M,ADS,1,2017-09-06,2017,Lake Ontario,Central Basin L Ontario,43.91667,-78.16667,ON,WHA,"Chlorinated Alkanes, SC (C10-C13), Total ",50,L,1,2023-10-26,Chlorinated Alkane,Short Chain Chlorinated Alkanes (C10-13) Total,Total Short Chain Chlorinated Alkanes (C10-13),NG/G wet,5,,NLET,B_ChlorinatedAlkanes_ISO
64048,Lake Trout,Salvelinus,namaycush,68,3333,M,ADS,1,2018-08-20,2018,Lake Ontario,Niagara Basin,43.3333,-79.08333,ON,WHA,"13C10-1,5,5,6,6,10-hexachlorodecane      ",111,,1,2023-10-25,Chlorinated Alkane,"13C10-1,5,5,6,6,10-hexachlorodecane","13C10-1,5,5,6,6,10-hexachlorodecane",PCT,,,NLET,B_ChlorinatedAlkanes_ISO
64048,Lake Trout,Salvelinus,namaycush,68,3333,M,ADS,1,2018-08-20,2018,Lake Ontario,Niagara Basin,43.3333,-79.08333,ON,WHA,"Chlorinated Alkanes, SC (C10-C13), Total ",50,L,1,2023-10-25,Chlorinated Alkane,Short Chain Chlorinated Alkanes (C10-13) Total,Total Short Chain Chlorinated Alkanes (C10-13),NG/G wet,5,,NLET,B_ChlorinatedAlkanes_ISO
64050,Lake Trout,Salvelinus,namaycush,67.5,4487,F,ADS,1,2018-08-20,2018,Lake Ontario,Niagara Basin,43.3333,-79.08333,ON,WHA,"13C10-1,5,5,6,6,10-hexachlorodecane      ",149,,1,2023-10-25,Chlorinated Alkane,"13C10-1,5,5,6,6,10-hexachlorodecane","13C10-1,5,5,6,6,10-hexachlorodecane",PCT,,,NLET,B_ChlorinatedAlkanes_ISO
64050,Lake Trout,Salvelinus,namaycush,67.5,4487,F,ADS,1,2018-08-20,2018,Lake Ontario,Niagara Basin,43.3333,-79.08333,ON,WHA,"Chlorinated Alkanes, SC (C10-C13), Total ",50,L,1,2023-10-25,Chlorinated Alkane,Short Chain Chlorinated Alkanes (C10-13) Total,Total Short Chain Chlorinated Alkanes (C10-13),NG/G wet,5,,NLET,B_ChlorinatedAlkanes_ISO
64054,Lake Trout,Salvelinus,namaycush,41.5,786,M,ADS,1,2018-08-20,2018,Lake Ontario,Niagara Basin,43.3333,-79.08333,ON,WHA,"13C10-1,5,5,6,6,10-hexachlorodecane      ",107,,1,2023-10-25,Chlorinated Alkane,"13C10-1,5,5,6,6,10-hexachlorodecane","13C10-1,5,5,6,6,10-hexachlorodecane",PCT,,,NLET,B_ChlorinatedAlkanes_ISO
64054,Lake Trout,Salvelinus,namaycush,41.5,786,M,ADS,1,2018-08-20,2018,Lake Ontario,Niagara Basin,43.3333,-79.08333,ON,WHA,"Chlorinated Alkanes, SC (C10-C13), Total ",50,L,1,2023-10-25,Chlorinated Alkane,Short Chain Chlorinated Alkanes (C10-13) Total,Total Short Chain Chlorinated Alkanes (C10-13),NG/G wet,5,,NLET,B_ChlorinatedAlkanes_ISO
64058,Lake Trout,Salvelinus,namaycush,65.8,3193,F,ADS,1,2018-08-20,2018,Lake Ontario,Niagara Basin,43.3333,-79.08333,ON,WHA,"13C10-1,5,5,6,6,10-hexachlorodecane      ",132,,1,2023-10-25,Chlorinated Alkane,"13C10-1,5,5,6,6,10-hexachlorodecane","13C10-1,5,5,6,6,10-hexachlorodecane",PCT,,,NLET,B_ChlorinatedAlkanes_ISO
64058,Lake Trout,Salvelinus,namaycush,65.8,3193,F,ADS,1,2018-08-20,2018,Lake Ontario,Niagara Basin,43.3333,-79.08333,ON,WHA,"Chlorinated Alkanes, SC (C10-C13), Total ",50,L,1,2023-10-25,Chlorinated Alkane,Short Chain Chlorinated Alkanes (C10-13) Total,Total Short Chain Chlorinated Alkanes (C10-13),NG/G wet,5,,NLET,B_ChlorinatedAlkanes_ISO
64061,Lake Trout,Salvelinus,namaycush,66,3486,M,ADS,1,2018-08-20,2018,Lake Ontario,Niagara Basin,43.3333,-79.08333,ON,WHA,"13C10-1,5,5,6,6,10-hexachlorodecane      ",119,,1,2023-10-25,Chlorinated Alkane,"13C10-1,5,5,6,6,10-hexachlorodecane","13C10-1,5,5,6,6,10-hexachlorodecane",PCT,,,NLET,B_ChlorinatedAlkanes_ISO
64061,Lake Trout,Salvelinus,namaycush,66,3486,M,ADS,1,2018-08-20,2018,Lake Ontario,Niagara Basin,43.3333,-79.08333,ON,WHA,"Chlorinated Alkanes, SC (C10-C13), Total ",62.5,,1,2023-10-25,Chlorinated Alkane,Short Chain Chlorinated Alkanes (C10-13) Total,Total Short Chain Chlorinated Alkanes (C10-13),NG/G wet,5,,NLET,B_ChlorinatedAlkanes_ISO
64067,Lake Trout,Salvelinus,namaycush,61,2512.1,F,ADS,1,2018-08-20,2018,Lake Ontario,Niagara Basin,43.3333,-79.08333,ON,WHA,"13C10-1,5,5,6,6,10-hexachlorodecane      ",88.8,,1,2023-10-25,Chlorinated Alkane,"13C10-1,5,5,6,6,10-hexachlorodecane","13C10-1,5,5,6,6,10-hexachlorodecane",PCT,,,NLET,B_ChlorinatedAlkanes_ISO
64067,Lake Trout,Salvelinus,namaycush,61,2512.1,F,ADS,1,2018-08-20,2018,Lake Ontario,Niagara Basin,43.3333,-79.08333,ON,WHA,"Chlorinated Alkanes, SC (C10-C13), Total ",50,L,1,2023-10-25,Chlorinated Alkane,Short Chain Chlorinated Alkanes (C10-13) Total,Total Short Chain Chlorinated Alkanes (C10-13),NG/G wet,5,,NLET,B_ChlorinatedAlkanes_ISO
64073,Lake Trout,Salvelinus,namaycush,69,3952.9,F,ADS,1,2018-08-20,2018,Lake Ontario,Niagara Basin,43.3333,-79.08333,ON,WHA,"13C10-1,5,5,6,6,10-hexachlorodecane      ",128,,1,2023-10-25,Chlorinated Alkane,"13C10-1,5,5,6,6,10-hexachlorodecane","13C10-1,5,5,6,6,10-hexachlorodecane",PCT,,,NLET,B_ChlorinatedAlkanes_ISO
64073,Lake Trout,Salvelinus,namaycush,69,3952.9,F,ADS,1,2018-08-20,2018,Lake Ontario,Niagara Basin,43.3333,-79.08333,ON,WHA,"Chlorinated Alkanes, SC (C10-C13), Total ",50,L,1,2023-10-25,Chlorinated Alkane,Short Chain Chlorinated Alkanes (C10-13) Total,Total Short Chain Chlorinated Alkanes (C10-13),NG/G wet,5,,NLET,B_ChlorinatedAlkanes_ISO
64082,Lake Trout,Salvelinus,namaycush,59,2588,M,ADS,1,2018-08-20,2018,Lake Ontario,Niagara Basin,43.3333,-79.08333,ON,WHA,"13C10-1,5,5,6,6,10-hexachlorodecane      ",107,,1,2023-10-25,Chlorinated Alkane,"13C10-1,5,5,6,6,10-hexachlorodecane","13C10-1,5,5,6,6,10-hexachlorodecane",PCT,,,NLET,B_ChlorinatedAlkanes_ISO
64082,Lake Trout,Salvelinus,namaycush,59,2588,M,ADS,1,2018-08-20,2018,Lake Ontario,Niagara Basin,43.3333,-79.08333,ON,WHA,"Chlorinated Alkanes, SC (C10-C13), Total ",50,L,1,2023-10-25,Chlorinated Alkane,Short Chain Chlorinated Alkanes (C10-13) Total,Total Short Chain Chlorinated Alkanes (C10-13),NG/G wet,5,,NLET,B_ChlorinatedAlkanes_ISO
64094,Lake Trout,Salvelinus,namaycush,67,3585,M,ADS,1,2018-08-20,2018,Lake Ontario,Niagara Basin,43.3333,-79.08333,ON,WHA,"13C10-1,5,5,6,6,10-hexachlorodecane      ",113,,1,2023-10-25,Chlorinated Alkane,"13C10-1,5,5,6,6,10-hexachlorodecane","13C10-1,5,5,6,6,10-hexachlorodecane",PCT,,,NLET,B_ChlorinatedAlkanes_ISO
64094,Lake Trout,Salvelinus,namaycush,67,3585,M,ADS,1,2018-08-20,2018,Lake Ontario,Niagara Basin,43.3333,-79.08333,ON,WHA,"Chlorinated Alkanes, SC (C10-C13), Total ",50,L,1,2023-10-25,Chlorinated Alkane,Short Chain Chlorinated Alkanes (C10-13) Total,Total Short Chain Chlorinated Alkanes (C10-13),NG/G wet,5,,NLET,B_ChlorinatedAlkanes_ISO
64099,Lake Trout,Salvelinus,namaycush,40,711,F,ADS,1,2018-08-20,2018,Lake Ontario,Niagara Basin,43.3333,-79.08333,ON,WHA,"13C10-1,5,5,6,6,10-hexachlorodecane      ",134,,1,2023-10-25,Chlorinated Alkane,"13C10-1,5,5,6,6,10-hexachlorodecane","13C10-1,5,5,6,6,10-hexachlorodecane",PCT,,,NLET,B_ChlorinatedAlkanes_ISO
64099,Lake Trout,Salvelinus,namaycush,40,711,F,ADS,1,2018-08-20,2018,Lake Ontario,Niagara Basin,43.3333,-79.08333,ON,WHA,"Chlorinated Alkanes, SC (C10-C13), Total ",50,L,1,2023-10-25,Chlorinated Alkane,Short Chain Chlorinated Alkanes (C10-13) Total,Total Short Chain Chlorinated Alkanes (C10-13),NG/G wet,5,,NLET,B_ChlorinatedAlkanes_ISO
64470,Lake Trout,Salvelinus,namaycush,58,1849,F,ADS,1,2019-06-12,2019,Lake Huron,Southern Basin L Huron,43.75,-81.83333,ON,WHA,"13C10-1,5,5,6,6,10-hexachlorodecane      ",111,,1,2023-10-26,Chlorinated Alkane,"13C10-1,5,5,6,6,10-hexachlorodecane","13C10-1,5,5,6,6,10-hexachlorodecane",PCT,,,NLET,B_ChlorinatedAlkanes_ISO
64470,Lake Trout,Salvelinus,namaycush,58,1849,F,ADS,1,2019-06-12,2019,Lake Huron,Southern Basin L Huron,43.75,-81.83333,ON,WHA,"Chlorinated Alkanes, SC (C10-C13), Total ",50,L,1,2023-10-26,Chlorinated Alkane,Short Chain Chlorinated Alkanes (C10-13) Total,Total Short Chain Chlorinated Alkanes (C10-13),NG/G wet,5,,NLET,B_ChlorinatedAlkanes_ISO
64471,Lake Trout,Salvelinus,namaycush,52,1400,F,ADS,1,2019-06-12,2019,Lake Huron,Southern Basin L Huron,43.75,-81.83333,ON,WHA,"13C10-1,5,5,6,6,10-hexachlorodecane      ",105,,1,2023-10-26,Chlorinated Alkane,"13C10-1,5,5,6,6,10-hexachlorodecane","13C10-1,5,5,6,6,10-hexachlorodecane",PCT,,,NLET,B_ChlorinatedAlkanes_ISO
64471,Lake Trout,Salvelinus,namaycush,52,1400,F,ADS,1,2019-06-12,2019,Lake Huron,Southern Basin L Huron,43.75,-81.83333,ON,WHA,"Chlorinated Alkanes, SC (C10-C13), Total ",50,L,1,2023-10-26,Chlorinated Alkane,Short Chain Chlorinated Alkanes (C10-13) Total,Total Short Chain Chlorinated Alkanes (C10-13),NG/G wet,5,,NLET,B_ChlorinatedAlkanes_ISO
64472,Lake Trout,Salvelinus,namaycush,54.1,1696,M,ADS,1,2019-06-12,2019,Lake Huron,Southern Basin L Huron,43.75,-81.83333,ON,WHA,"13C10-1,5,5,6,6,10-hexachlorodecane      ",105,,1,2023-10-26,Chlorinated Alkane,"13C10-1,5,5,6,6,10-hexachlorodecane","13C10-1,5,5,6,6,10-hexachlorodecane",PCT,,,NLET,B_ChlorinatedAlkanes_ISO
64472,Lake Trout,Salvelinus,namaycush,54.1,1696,M,ADS,1,2019-06-12,2019,Lake Huron,Southern Basin L Huron,43.75,-81.83333,ON,WHA,"Chlorinated Alkanes, SC (C10-C13), Total ",50,L,1,2023-10-26,Chlorinated Alkane,Short Chain Chlorinated Alkanes (C10-13) Total,Total Short Chain Chlorinated Alkanes (C10-13),NG/G wet,5,,NLET,B_ChlorinatedAlkanes_ISO
64473,Lake Trout,Salvelinus,namaycush,39,558.2,M,ADS,1,2019-06-12,2019,Lake Huron,Southern Basin L Huron,43.75,-81.83333,ON,WHA,"13C10-1,5,5,6,6,10-hexachlorodecane      ",107,,1,2023-10-26,Chlorinated Alkane,"13C10-1,5,5,6,6,10-hexachlorodecane","13C10-1,5,5,6,6,10-hexachlorodecane",PCT,,,NLET,B_ChlorinatedAlkanes_ISO
64473,Lake Trout,Salvelinus,namaycush,39,558.2,M,ADS,1,2019-06-12,2019,Lake Huron,Southern Basin L Huron,43.75,-81.83333,ON,WHA,"Chlorinated Alkanes, SC (C10-C13), Total ",50,L,1,2023-10-26,Chlorinated Alkane,Short Chain Chlorinated Alkanes (C10-13) Total,Total Short Chain Chlorinated Alkanes (C10-13),NG/G wet,5,,NLET,B_ChlorinatedAlkanes_ISO
64691,Lake Trout,Salvelinus,namaycush,62,2346.5,M,ADS,1,2019-10-04,2019,Lake Ontario,Central Basin L Ontario,43.91667,-78.16667,ON,WHA,"13C10-1,5,5,6,6,10-hexachlorodecane      ",86.6,,1,2023-10-26,Chlorinated Alkane,"13C10-1,5,5,6,6,10-hexachlorodecane","13C10-1,5,5,6,6,10-hexachlorodecane",PCT,,,NLET,B_ChlorinatedAlkanes_ISO
64691,Lake Trout,Salvelinus,namaycush,62,2346.5,M,ADS,1,2019-10-04,2019,Lake Ontario,Central Basin L Ontario,43.91667,-78.16667,ON,WHA,"Chlorinated Alkanes, SC (C10-C13), Total ",50,L,1,2023-10-26,Chlorinated Alkane,Short Chain Chlorinated Alkanes (C10-13) Total,Total Short Chain Chlorinated Alkanes (C10-13),NG/G wet,5,,NLET,B_ChlorinatedAlkanes_ISO
64701,Lake Trout,Salvelinus,namaycush,59,2399,F,ADS,1,2019-10-04,2019,Lake Ontario,Central Basin L Ontario,43.91667,-78.16667,ON,WHA,"13C10-1,5,5,6,6,10-hexachlorodecane      ",88.9,,1,2023-10-26,Chlorinated Alkane,"13C10-1,5,5,6,6,10-hexachlorodecane","13C10-1,5,5,6,6,10-hexachlorodecane",PCT,,,NLET,B_ChlorinatedAlkanes_ISO
64701,Lake Trout,Salvelinus,namaycush,59,2399,F,ADS,1,2019-10-04,2019,Lake Ontario,Central Basin L Ontario,43.91667,-78.16667,ON,WHA,"Chlorinated Alkanes, SC (C10-C13), Total ",50,L,1,2023-10-26,Chlorinated Alkane,Short Chain Chlorinated Alkanes (C10-13) Total,Total Short Chain Chlorinated Alkanes (C10-13),NG/G wet,5,,NLET,B_ChlorinatedAlkanes_ISO
64707,Lake Trout,Salvelinus,namaycush,60.5,2356.8,M,ADS,1,2019-10-04,2019,Lake Ontario,Central Basin L Ontario,43.91667,-78.16667,ON,WHA,"13C10-1,5,5,6,6,10-hexachlorodecane      ",77.7,,1,2023-10-26,Chlorinated Alkane,"13C10-1,5,5,6,6,10-hexachlorodecane","13C10-1,5,5,6,6,10-hexachlorodecane",PCT,,,NLET,B_ChlorinatedAlkanes_ISO
64707,Lake Trout,Salvelinus,namaycush,60.5,2356.8,M,ADS,1,2019-10-04,2019,Lake Ontario,Central Basin L Ontario,43.91667,-78.16667,ON,WHA,"Chlorinated Alkanes, SC (C10-C13), Total ",50,L,1,2023-10-26,Chlorinated Alkane,Short Chain Chlorinated Alkanes (C10-13) Total,Total Short Chain Chlorinated Alkanes (C10-13),NG/G wet,5,,NLET,B_ChlorinatedAlkanes_ISO
64713,Lake Trout,Salvelinus,namaycush,64.5,3308,F,ADS,1,2019-10-04,2019,Lake Ontario,Central Basin L Ontario,43.91667,-78.16667,ON,WHA,"13C10-1,5,5,6,6,10-hexachlorodecane      ",77.1,,1,2023-10-26,Chlorinated Alkane,"13C10-1,5,5,6,6,10-hexachlorodecane","13C10-1,5,5,6,6,10-hexachlorodecane",PCT,,,NLET,B_ChlorinatedAlkanes_ISO
64713,Lake Trout,Salvelinus,namaycush,64.5,3308,F,ADS,1,2019-10-04,2019,Lake Ontario,Central Basin L Ontario,43.91667,-78.16667,ON,WHA,"Chlorinated Alkanes, SC (C10-C13), Total ",50,L,1,2023-10-26,Chlorinated Alkane,Short Chain Chlorinated Alkanes (C10-13) Total,Total Short Chain Chlorinated Alkanes (C10-13),NG/G wet,5,,NLET,B_ChlorinatedAlkanes_ISO
64717,Lake Trout,Salvelinus,namaycush,60,2018.5,M,ADS,1,2019-10-04,2019,Lake Ontario,Central Basin L Ontario,43.91667,-78.16667,ON,WHA,"13C10-1,5,5,6,6,10-hexachlorodecane      ",135,,1,2023-10-26,Chlorinated Alkane,"13C10-1,5,5,6,6,10-hexachlorodecane","13C10-1,5,5,6,6,10-hexachlorodecane",PCT,,,NLET,B_ChlorinatedAlkanes_ISO
64717,Lake Trout,Salvelinus,namaycush,60,2018.5,M,ADS,1,2019-10-04,2019,Lake Ontario,Central Basin L Ontario,43.91667,-78.16667,ON,WHA,"Chlorinated Alkanes, SC (C10-C13), Total ",50,L,1,2023-10-26,Chlorinated Alkane,Short Chain Chlorinated Alkanes (C10-13) Total,Total Short Chain Chlorinated Alkanes (C10-13),NG/G wet,5,,NLET,B_ChlorinatedAlkanes_ISO
64832,Lake Trout,Salvelinus,namaycush,56.5,2021,F,ADS,1,2019-12-31,2019,Cold Lake,Cold Lake,54.46333,-110.0281,SK,WHA,"13C10-1,5,5,6,6,10-hexachlorodecane",120,,1,2024-02-20,Chlorinated Alkane,"13C10-1,5,5,6,6,10-hexachlorodecane","13C10-1,5,5,6,6,10-hexachlorodecane",PCT,,,NLET,B_ChlorinatedAlkanes_ISO
64832,Lake Trout,Salvelinus,namaycush,56.5,2021,F,ADS,1,2019-12-31,2019,Cold Lake,Cold Lake,54.46333,-110.0281,SK,WHA,"Chlorinated Alkanes, SC (C10-C13), Total",50,L,1,2024-02-20,Chlorinated Alkane,Short Chain Chlorinated Alkanes (C10-13) Total,Total Short Chain Chlorinated Alkanes (C10-13),NG/G wet,5,,NLET,B_ChlorinatedAlkanes_ISO
64833,Lake Trout,Salvelinus,namaycush,61,2332.5,M,ADS,1,2019-12-31,2019,Cold Lake,Cold Lake,54.46333,-110.0281,SK,WHA,"13C10-1,5,5,6,6,10-hexachlorodecane",79.9,,1,2024-02-20,Chlorinated Alkane,"13C10-1,5,5,6,6,10-hexachlorodecane","13C10-1,5,5,6,6,10-hexachlorodecane",PCT,,,NLET,B_ChlorinatedAlkanes_ISO
64833,Lake Trout,Salvelinus,namaycush,61,2332.5,M,ADS,1,2019-12-31,2019,Cold Lake,Cold Lake,54.46333,-110.0281,SK,WHA,"Chlorinated Alkanes, SC (C10-C13), Total",50,L,1,2024-02-20,Chlorinated Alkane,Short Chain Chlorinated Alkanes (C10-13) Total,Total Short Chain Chlorinated Alkanes (C10-13),NG/G wet,5,,NLET,B_ChlorinatedAlkanes_ISO
64835,Lake Trout,Salvelinus,namaycush,59.5,2154,F,ADS,1,2019-12-31,2019,Cold Lake,Cold Lake,54.46333,-110.0281,SK,WHA,"13C10-1,5,5,6,6,10-hexachlorodecane",68,,1,2024-02-20,Chlorinated Alkane,"13C10-1,5,5,6,6,10-hexachlorodecane","13C10-1,5,5,6,6,10-hexachlorodecane",PCT,,,NLET,B_ChlorinatedAlkanes_ISO
64835,Lake Trout,Salvelinus,namaycush,59.5,2154,F,ADS,1,2019-12-31,2019,Cold Lake,Cold Lake,54.46333,-110.0281,SK,WHA,"Chlorinated Alkanes, SC (C10-C13), Total",50,L,1,2024-02-20,Chlorinated Alkane,Short Chain Chlorinated Alkanes (C10-13) Total,Total Short Chain Chlorinated Alkanes (C10-13),NG/G wet,5,,NLET,B_ChlorinatedAlkanes_ISO
64837,Lake Trout,Salvelinus,namaycush,64,2433.5,F,ADS,1,2019-12-31,2019,Cold Lake,Cold Lake,54.46333,-110.0281,SK,WHA,"13C10-1,5,5,6,6,10-hexachlorodecane",67.8,,1,2024-02-20,Chlorinated Alkane,"13C10-1,5,5,6,6,10-hexachlorodecane","13C10-1,5,5,6,6,10-hexachlorodecane",PCT,,,NLET,B_ChlorinatedAlkanes_ISO
64837,Lake Trout,Salvelinus,namaycush,64,2433.5,F,ADS,1,2019-12-31,2019,Cold Lake,Cold Lake,54.46333,-110.0281,SK,WHA,"Chlorinated Alkanes, SC (C10-C13), Total",50,L,1,2024-02-20,Chlorinated Alkane,Short Chain Chlorinated Alkanes (C10-13) Total,Total Short Chain Chlorinated Alkanes (C10-13),NG/G wet,5,,NLET,B_ChlorinatedAlkanes_ISO
64838,Lake Trout,Salvelinus,namaycush,54,1888,M,ADS,1,2019-12-31,2019,Cold Lake,Cold Lake,54.46333,-110.0281,SK,WHA,"13C10-1,5,5,6,6,10-hexachlorodecane",80.2,,1,2024-02-20,Chlorinated Alkane,"13C10-1,5,5,6,6,10-hexachlorodecane","13C10-1,5,5,6,6,10-hexachlorodecane",PCT,,,NLET,B_ChlorinatedAlkanes_ISO
64838,Lake Trout,Salvelinus,namaycush,54,1888,M,ADS,1,2019-12-31,2019,Cold Lake,Cold Lake,54.46333,-110.0281,SK,WHA,"Chlorinated Alkanes, SC (C10-C13), Total",50,L,1,2024-02-20,Chlorinated Alkane,Short Chain Chlorinated Alkanes (C10-13) Total,Total Short Chain Chlorinated Alkanes (C10-13),NG/G wet,5,,NLET,B_ChlorinatedAlkanes_ISO
65068,Lake Trout,Salvelinus,namaycush,62,1866,F,ADS,1,2019-12-31,2019,Lake Athabasca,Lake Athabasca,59.279265,-106.031857,SK,WHA,"13C10-1,5,5,6,6,10-hexachlorodecane      ",104,,1,2023-12-20,Chlorinated Alkane,"13C10-1,5,5,6,6,10-hexachlorodecane","13C10-1,5,5,6,6,10-hexachlorodecane",PCT,,,NLET,B_ChlorinatedAlkanes_ISO
65068,Lake Trout,Salvelinus,namaycush,62,1866,F,ADS,1,2019-12-31,2019,Lake Athabasca,Lake Athabasca,59.279265,-106.031857,SK,WHA,"Chlorinated Alkanes, SC (C10-C13), Total ",50,L,1,2023-12-20,Chlorinated Alkane,Short Chain Chlorinated Alkanes (C10-13) Total,Total Short Chain Chlorinated Alkanes (C10-13),NG/G wet,5,,NLET,B_ChlorinatedAlkanes_ISO
65070,Lake Trout,Salvelinus,namaycush,65,2164,M,ADS,1,2019-12-31,2019,Lake Athabasca,Lake Athabasca,59.279265,-106.031857,SK,WHA,"13C10-1,5,5,6,6,10-hexachlorodecane      ",110,,1,2023-12-20,Chlorinated Alkane,"13C10-1,5,5,6,6,10-hexachlorodecane","13C10-1,5,5,6,6,10-hexachlorodecane",PCT,,,NLET,B_ChlorinatedAlkanes_ISO
65070,Lake Trout,Salvelinus,namaycush,65,2164,M,ADS,1,2019-12-31,2019,Lake Athabasca,Lake Athabasca,59.279265,-106.031857,SK,WHA,"Chlorinated Alkanes, SC (C10-C13), Total ",50,L,1,2023-12-20,Chlorinated Alkane,Short Chain Chlorinated Alkanes (C10-13) Total,Total Short Chain Chlorinated Alkanes (C10-13),NG/G wet,5,,NLET,B_ChlorinatedAlkanes_ISO
65071,Lake Trout,Salvelinus,namaycush,60,1412,M,ADS,1,2019-12-31,2019,Lake Athabasca,Lake Athabasca,59.279265,-106.031857,SK,WHA,"13C10-1,5,5,6,6,10-hexachlorodecane      ",106,,1,2023-12-20,Chlorinated Alkane,"13C10-1,5,5,6,6,10-hexachlorodecane","13C10-1,5,5,6,6,10-hexachlorodecane",PCT,,,NLET,B_ChlorinatedAlkanes_ISO
65071,Lake Trout,Salvelinus,namaycush,60,1412,M,ADS,1,2019-12-31,2019,Lake Athabasca,Lake Athabasca,59.279265,-106.031857,SK,WHA,"Chlorinated Alkanes, SC (C10-C13), Total ",50,L,1,2023-12-20,Chlorinated Alkane,Short Chain Chlorinated Alkanes (C10-13) Total,Total Short Chain Chlorinated Alkanes (C10-13),NG/G wet,5,,NLET,B_ChlorinatedAlkanes_ISO
65072,Lake Trout,Salvelinus,namaycush,61,1742,M,ADS,1,2019-12-31,2019,Lake Athabasca,Lake Athabasca,59.279265,-106.031857,SK,WHA,"13C10-1,5,5,6,6,10-hexachlorodecane      ",97.5,,1,2023-12-20,Chlorinated Alkane,"13C10-1,5,5,6,6,10-hexachlorodecane","13C10-1,5,5,6,6,10-hexachlorodecane",PCT,,,NLET,B_ChlorinatedAlkanes_ISO
65072,Lake Trout,Salvelinus,namaycush,61,1742,M,ADS,1,2019-12-31,2019,Lake Athabasca,Lake Athabasca,59.279265,-106.031857,SK,WHA,"Chlorinated Alkanes, SC (C10-C13), Total ",50,L,1,2023-12-20,Chlorinated Alkane,Short Chain Chlorinated Alkanes (C10-13) Total,Total Short Chain Chlorinated Alkanes (C10-13),NG/G wet,5,,NLET,B_ChlorinatedAlkanes_ISO
65074,Lake Trout,Salvelinus,namaycush,58,1455,M,ADS,1,2019-12-31,2019,Lake Athabasca,Lake Athabasca,59.279265,-106.031857,SK,WHA,"13C10-1,5,5,6,6,10-hexachlorodecane      ",103,,1,2023-12-20,Chlorinated Alkane,"13C10-1,5,5,6,6,10-hexachlorodecane","13C10-1,5,5,6,6,10-hexachlorodecane",PCT,,,NLET,B_ChlorinatedAlkanes_ISO
65074,Lake Trout,Salvelinus,namaycush,58,1455,M,ADS,1,2019-12-31,2019,Lake Athabasca,Lake Athabasca,59.279265,-106.031857,SK,WHA,"Chlorinated Alkanes, SC (C10-C13), Total ",50,L,1,2023-12-20,Chlorinated Alkane,Short Chain Chlorinated Alkanes (C10-13) Total,Total Short Chain Chlorinated Alkanes (C10-13),NG/G wet,5,,NLET,B_ChlorinatedAlkanes_ISO
65079,Lake Trout,Salvelinus,namaycush,64,2387.1,F,ADS,1,2019-12-31,2019,Lake Athabasca,Lake Athabasca,59.279265,-106.031857,SK,WHA,"13C10-1,5,5,6,6,10-hexachlorodecane      ",87.7,,1,2023-12-20,Chlorinated Alkane,"13C10-1,5,5,6,6,10-hexachlorodecane","13C10-1,5,5,6,6,10-hexachlorodecane",PCT,,,NLET,B_ChlorinatedAlkanes_ISO
65079,Lake Trout,Salvelinus,namaycush,64,2387.1,F,ADS,1,2019-12-31,2019,Lake Athabasca,Lake Athabasca,59.279265,-106.031857,SK,WHA,"Chlorinated Alkanes, SC (C10-C13), Total ",50,L,1,2023-12-20,Chlorinated Alkane,Short Chain Chlorinated Alkanes (C10-13) Total,Total Short Chain Chlorinated Alkanes (C10-13),NG/G wet,5,,NLET,B_ChlorinatedAlkanes_ISO
65080,Lake Trout,Salvelinus,namaycush,74,3563.5,F,ADS,1,2019-12-31,2019,Lake Athabasca,Lake Athabasca,59.279265,-106.031857,SK,WHA,"13C10-1,5,5,6,6,10-hexachlorodecane      ",93.1,,1,2023-12-20,Chlorinated Alkane,"13C10-1,5,5,6,6,10-hexachlorodecane","13C10-1,5,5,6,6,10-hexachlorodecane",PCT,,,NLET,B_ChlorinatedAlkanes_ISO
65080,Lake Trout,Salvelinus,namaycush,74,3563.5,F,ADS,1,2019-12-31,2019,Lake Athabasca,Lake Athabasca,59.279265,-106.031857,SK,WHA,"Chlorinated Alkanes, SC (C10-C13), Total ",50,L,1,2023-12-20,Chlorinated Alkane,Short Chain Chlorinated Alkanes (C10-13) Total,Total Short Chain Chlorinated Alkanes (C10-13),NG/G wet,5,,NLET,B_ChlorinatedAlkanes_ISO
65083,Lake Trout,Salvelinus,namaycush,60,1877.1,M,ADS,1,2019-12-31,2019,Lake Athabasca,Lake Athabasca,59.279265,-106.031857,SK,WHA,"13C10-1,5,5,6,6,10-hexachlorodecane      ",101,,1,2023-12-20,Chlorinated Alkane,"13C10-1,5,5,6,6,10-hexachlorodecane","13C10-1,5,5,6,6,10-hexachlorodecane",PCT,,,NLET,B_ChlorinatedAlkanes_ISO
65083,Lake Trout,Salvelinus,namaycush,60,1877.1,M,ADS,1,2019-12-31,2019,Lake Athabasca,Lake Athabasca,59.279265,-106.031857,SK,WHA,"Chlorinated Alkanes, SC (C10-C13), Total ",50,L,1,2023-12-20,Chlorinated Alkane,Short Chain Chlorinated Alkanes (C10-13) Total,Total Short Chain Chlorinated Alkanes (C10-13),NG/G wet,5,,NLET,B_ChlorinatedAlkanes_ISO
65084,Lake Trout,Salvelinus,namaycush,62,1770,F,ADS,1,2019-12-31,2019,Lake Athabasca,Lake Athabasca,59.279265,-106.031857,SK,WHA,"13C10-1,5,5,6,6,10-hexachlorodecane      ",108,,1,2023-12-20,Chlorinated Alkane,"13C10-1,5,5,6,6,10-hexachlorodecane","13C10-1,5,5,6,6,10-hexachlorodecane",PCT,,,NLET,B_ChlorinatedAlkanes_ISO
65084,Lake Trout,Salvelinus,namaycush,62,1770,F,ADS,1,2019-12-31,2019,Lake Athabasca,Lake Athabasca,59.279265,-106.031857,SK,WHA,"Chlorinated Alkanes, SC (C10-C13), Total ",50,L,1,2023-12-20,Chlorinated Alkane,Short Chain Chlorinated Alkanes (C10-13) Total,Total Short Chain Chlorinated Alkanes (C10-13),NG/G wet,5,,NLET,B_ChlorinatedAlkanes_ISO
65085,Lake Trout,Salvelinus,namaycush,62,2304.4,M,ADS,1,2019-12-31,2019,Lake Athabasca,Lake Athabasca,59.279265,-106.031857,SK,WHA,"13C10-1,5,5,6,6,10-hexachlorodecane      ",98.8,,1,2023-12-20,Chlorinated Alkane,"13C10-1,5,5,6,6,10-hexachlorodecane","13C10-1,5,5,6,6,10-hexachlorodecane",PCT,,,NLET,B_ChlorinatedAlkanes_ISO
65085,Lake Trout,Salvelinus,namaycush,62,2304.4,M,ADS,1,2019-12-31,2019,Lake Athabasca,Lake Athabasca,59.279265,-106.031857,SK,WHA,"Chlorinated Alkanes, SC (C10-C13), Total ",50,L,1,2023-12-20,Chlorinated Alkane,Short Chain Chlorinated Alkanes (C10-13) Total,Total Short Chain Chlorinated Alkanes (C10-13),NG/G wet,5,,NLET,B_ChlorinatedAlkanes_ISO
65087,Lake Trout,Salvelinus,namaycush,83,5274.5,F,ADS,1,2019-12-31,2019,Great Bear Lake,Great Bear Lake,66.241197,-123.739014,NWT,WHA,"13C10-1,5,5,6,6,10-hexachlorodecane",67,,1,2024-02-20,Chlorinated Alkane,"13C10-1,5,5,6,6,10-hexachlorodecane","13C10-1,5,5,6,6,10-hexachlorodecane",PCT,,,NLET,B_ChlorinatedAlkanes_ISO
65087,Lake Trout,Salvelinus,namaycush,83,5274.5,F,ADS,1,2019-12-31,2019,Great Bear Lake,Great Bear Lake,66.241197,-123.739014,NWT,WHA,"Chlorinated Alkanes, SC (C10-C13), Total",50,L,1,2024-02-20,Chlorinated Alkane,Short Chain Chlorinated Alkanes (C10-13) Total,Total Short Chain Chlorinated Alkanes (C10-13),NG/G wet,5,,NLET,B_ChlorinatedAlkanes_ISO
65088,Lake Trout,Salvelinus,namaycush,56,1820,M,ADS,1,2019-12-31,2019,Great Bear Lake,Great Bear Lake,66.241197,-123.739014,NWT,WHA,"13C10-1,5,5,6,6,10-hexachlorodecane",79.4,,1,2024-02-20,Chlorinated Alkane,"13C10-1,5,5,6,6,10-hexachlorodecane","13C10-1,5,5,6,6,10-hexachlorodecane",PCT,,,NLET,B_ChlorinatedAlkanes_ISO
65088,Lake Trout,Salvelinus,namaycush,56,1820,M,ADS,1,2019-12-31,2019,Great Bear Lake,Great Bear Lake,66.241197,-123.739014,NWT,WHA,"Chlorinated Alkanes, SC (C10-C13), Total",50,L,1,2024-02-20,Chlorinated Alkane,Short Chain Chlorinated Alkanes (C10-13) Total,Total Short Chain Chlorinated Alkanes (C10-13),NG/G wet,5,,NLET,B_ChlorinatedAlkanes_ISO
65089,Lake Trout,Salvelinus,namaycush,61,2121.6,F,ADS,1,2019-12-31,2019,Great Bear Lake,Great Bear Lake,66.241197,-123.739014,NWT,WHA,"13C10-1,5,5,6,6,10-hexachlorodecane",86.6,,1,2024-02-20,Chlorinated Alkane,"13C10-1,5,5,6,6,10-hexachlorodecane","13C10-1,5,5,6,6,10-hexachlorodecane",PCT,,,NLET,B_ChlorinatedAlkanes_ISO
65089,Lake Trout,Salvelinus,namaycush,61,2121.6,F,ADS,1,2019-12-31,2019,Great Bear Lake,Great Bear Lake,66.241197,-123.739014,NWT,WHA,"Chlorinated Alkanes, SC (C10-C13), Total",50,L,1,2024-02-20,Chlorinated Alkane,Short Chain Chlorinated Alkanes (C10-13) Total,Total Short Chain Chlorinated Alkanes (C10-13),NG/G wet,5,,NLET,B_ChlorinatedAlkanes_ISO
65091,Lake Trout,Salvelinus,namaycush,67,2817,F,ADS,1,2019-12-31,2019,Great Bear Lake,Great Bear Lake,66.241197,-123.739014,NWT,WHA,"13C10-1,5,5,6,6,10-hexachlorodecane",83.3,,1,2024-02-20,Chlorinated Alkane,"13C10-1,5,5,6,6,10-hexachlorodecane","13C10-1,5,5,6,6,10-hexachlorodecane",PCT,,,NLET,B_ChlorinatedAlkanes_ISO
65091,Lake Trout,Salvelinus,namaycush,67,2817,F,ADS,1,2019-12-31,2019,Great Bear Lake,Great Bear Lake,66.241197,-123.739014,NWT,WHA,"Chlorinated Alkanes, SC (C10-C13), Total",50,L,1,2024-02-20,Chlorinated Alkane,Short Chain Chlorinated Alkanes (C10-13) Total,Total Short Chain Chlorinated Alkanes (C10-13),NG/G wet,5,,NLET,B_ChlorinatedAlkanes_ISO
65094,Lake Trout,Salvelinus,namaycush,77,4683.7,F,ADS,1,2019-12-31,2019,Great Bear Lake,Great Bear Lake,66.241197,-123.739014,NWT,WHA,"13C10-1,5,5,6,6,10-hexachlorodecane",95.3,,1,2024-02-20,Chlorinated Alkane,"13C10-1,5,5,6,6,10-hexachlorodecane","13C10-1,5,5,6,6,10-hexachlorodecane",PCT,,,NLET,B_ChlorinatedAlkanes_ISO
65094,Lake Trout,Salvelinus,namaycush,77,4683.7,F,ADS,1,2019-12-31,2019,Great Bear Lake,Great Bear Lake,66.241197,-123.739014,NWT,WHA,"Chlorinated Alkanes, SC (C10-C13), Total",50,L,1,2024-02-20,Chlorinated Alkane,Short Chain Chlorinated Alkanes (C10-13) Total,Total Short Chain Chlorinated Alkanes (C10-13),NG/G wet,5,,NLET,B_ChlorinatedAlkanes_ISO
65172,Lake Trout,Salvelinus,namaycush,43,722.1,M,ADS,1,2020-06-15,2020,Kusawa Lake,Kusawa Lake,60.416492,-136.209119,YT,WHA,"13C10-1,5,5,6,6,10-hexachlorodecane      ",92.1,,1,2023-12-20,Chlorinated Alkane,"13C10-1,5,5,6,6,10-hexachlorodecane","13C10-1,5,5,6,6,10-hexachlorodecane",PCT,,,NLET,B_ChlorinatedAlkanes_ISO
65172,Lake Trout,Salvelinus,namaycush,43,722.1,M,ADS,1,2020-06-15,2020,Kusawa Lake,Kusawa Lake,60.416492,-136.209119,YT,WHA,"Chlorinated Alkanes, SC (C10-C13), Total ",50,L,1,2023-12-20,Chlorinated Alkane,Short Chain Chlorinated Alkanes (C10-13) Total,Total Short Chain Chlorinated Alkanes (C10-13),NG/G wet,5,,NLET,B_ChlorinatedAlkanes_ISO
65173,Lake Trout,Salvelinus,namaycush,44,922.5,M,ADS,1,2020-06-15,2020,Kusawa Lake,Kusawa Lake,60.416492,-136.209119,YT,WHA,"13C10-1,5,5,6,6,10-hexachlorodecane      ",76.1,,1,2023-12-20,Chlorinated Alkane,"13C10-1,5,5,6,6,10-hexachlorodecane","13C10-1,5,5,6,6,10-hexachlorodecane",PCT,,,NLET,B_ChlorinatedAlkanes_ISO
65173,Lake Trout,Salvelinus,namaycush,44,922.5,M,ADS,1,2020-06-15,2020,Kusawa Lake,Kusawa Lake,60.416492,-136.209119,YT,WHA,"Chlorinated Alkanes, SC (C10-C13), Total ",50,L,1,2023-12-20,Chlorinated Alkane,Short Chain Chlorinated Alkanes (C10-13) Total,Total Short Chain Chlorinated Alkanes (C10-13),NG/G wet,5,,NLET,B_ChlorinatedAlkanes_ISO
65175,Lake Trout,Salvelinus,namaycush,53.5,1703,F,ADS,1,2020-06-15,2020,Kusawa Lake,Kusawa Lake,60.416492,-136.209119,YT,WHA,"13C10-1,5,5,6,6,10-hexachlorodecane      ",98.9,,1,2023-12-20,Chlorinated Alkane,"13C10-1,5,5,6,6,10-hexachlorodecane","13C10-1,5,5,6,6,10-hexachlorodecane",PCT,,,NLET,B_ChlorinatedAlkanes_ISO
65175,Lake Trout,Salvelinus,namaycush,53.5,1703,F,ADS,1,2020-06-15,2020,Kusawa Lake,Kusawa Lake,60.416492,-136.209119,YT,WHA,"Chlorinated Alkanes, SC (C10-C13), Total ",50,L,1,2023-12-20,Chlorinated Alkane,Short Chain Chlorinated Alkanes (C10-13) Total,Total Short Chain Chlorinated Alkanes (C10-13),NG/G wet,5,,NLET,B_ChlorinatedAlkanes_ISO
65176,Lake Trout,Salvelinus,namaycush,43,737,M,ADS,1,2020-06-15,2020,Kusawa Lake,Kusawa Lake,60.416492,-136.209119,YT,WHA,"13C10-1,5,5,6,6,10-hexachlorodecane      ",93.6,,1,2023-12-20,Chlorinated Alkane,"13C10-1,5,5,6,6,10-hexachlorodecane","13C10-1,5,5,6,6,10-hexachlorodecane",PCT,,,NLET,B_ChlorinatedAlkanes_ISO
65176,Lake Trout,Salvelinus,namaycush,43,737,M,ADS,1,2020-06-15,2020,Kusawa Lake,Kusawa Lake,60.416492,-136.209119,YT,WHA,"Chlorinated Alkanes, SC (C10-C13), Total ",50,L,1,2023-12-20,Chlorinated Alkane,Short Chain Chlorinated Alkanes (C10-13) Total,Total Short Chain Chlorinated Alkanes (C10-13),NG/G wet,5,,NLET,B_ChlorinatedAlkanes_ISO
65179,Lake Trout,Salvelinus,namaycush,40.5,645,M,ADS,1,2020-06-15,2020,Kusawa Lake,Kusawa Lake,60.416492,-136.209119,YT,WHA,"13C10-1,5,5,6,6,10-hexachlorodecane      ",85.2,,1,2023-12-20,Chlorinated Alkane,"13C10-1,5,5,6,6,10-hexachlorodecane","13C10-1,5,5,6,6,10-hexachlorodecane",PCT,,,NLET,B_ChlorinatedAlkanes_ISO
65179,Lake Trout,Salvelinus,namaycush,40.5,645,M,ADS,1,2020-06-15,2020,Kusawa Lake,Kusawa Lake,60.416492,-136.209119,YT,WHA,"Chlorinated Alkanes, SC (C10-C13), Total ",50,L,1,2023-12-20,Chlorinated Alkane,Short Chain Chlorinated Alkanes (C10-13) Total,Total Short Chain Chlorinated Alkanes (C10-13),NG/G wet,5,,NLET,B_ChlorinatedAlkanes_ISO
65182,Lake Trout,Salvelinus,namaycush,42.5,671,M,ADS,1,2020-06-15,2020,Kusawa Lake,Kusawa Lake,60.416492,-136.209119,YT,WHA,"13C10-1,5,5,6,6,10-hexachlorodecane      ",81.3,,1,2023-12-20,Chlorinated Alkane,"13C10-1,5,5,6,6,10-hexachlorodecane","13C10-1,5,5,6,6,10-hexachlorodecane",PCT,,,NLET,B_ChlorinatedAlkanes_ISO
65182,Lake Trout,Salvelinus,namaycush,42.5,671,M,ADS,1,2020-06-15,2020,Kusawa Lake,Kusawa Lake,60.416492,-136.209119,YT,WHA,"Chlorinated Alkanes, SC (C10-C13), Total ",50,L,1,2023-12-20,Chlorinated Alkane,Short Chain Chlorinated Alkanes (C10-13) Total,Total Short Chain Chlorinated Alkanes (C10-13),NG/G wet,5,,NLET,B_ChlorinatedAlkanes_ISO
65186,Lake Trout,Salvelinus,namaycush,41.5,591.7,M,ADS,1,2020-06-15,2020,Kusawa Lake,Kusawa Lake,60.416492,-136.209119,YT,WHA,"13C10-1,5,5,6,6,10-hexachlorodecane      ",82.2,,1,2023-12-20,Chlorinated Alkane,"13C10-1,5,5,6,6,10-hexachlorodecane","13C10-1,5,5,6,6,10-hexachlorodecane",PCT,,,NLET,B_ChlorinatedAlkanes_ISO
65186,Lake Trout,Salvelinus,namaycush,41.5,591.7,M,ADS,1,2020-06-15,2020,Kusawa Lake,Kusawa Lake,60.416492,-136.209119,YT,WHA,"Chlorinated Alkanes, SC (C10-C13), Total ",50,L,1,2023-12-20,Chlorinated Alkane,Short Chain Chlorinated Alkanes (C10-13) Total,Total Short Chain Chlorinated Alkanes (C10-13),NG/G wet,5,,NLET,B_ChlorinatedAlkanes_ISO
65187,Lake Trout,Salvelinus,namaycush,41,751,M,,1,2020-06-15,2020,Kusawa Lake,Kusawa Lake,60.416492,-136.209119,YT,WHA,"13C10-1,5,5,6,6,10-hexachlorodecane      ",86.8,,1,2023-12-20,Chlorinated Alkane,"13C10-1,5,5,6,6,10-hexachlorodecane","13C10-1,5,5,6,6,10-hexachlorodecane",PCT,,,NLET,B_ChlorinatedAlkanes_ISO
65187,Lake Trout,Salvelinus,namaycush,41,751,M,,1,2020-06-15,2020,Kusawa Lake,Kusawa Lake,60.416492,-136.209119,YT,WHA,"Chlorinated Alkanes, SC (C10-C13), Total ",50,L,1,2023-12-20,Chlorinated Alkane,Short Chain Chlorinated Alkanes (C10-13) Total,Total Short Chain Chlorinated Alkanes (C10-13),NG/G wet,5,,NLET,B_ChlorinatedAlkanes_ISO
65188,Lake Trout,Salvelinus,namaycush,42,788,F,,1,2020-06-15,2020,Kusawa Lake,Kusawa Lake,60.416492,-136.209119,YT,WHA,"13C10-1,5,5,6,6,10-hexachlorodecane      ",89.8,,1,2023-12-20,Chlorinated Alkane,"13C10-1,5,5,6,6,10-hexachlorodecane","13C10-1,5,5,6,6,10-hexachlorodecane",PCT,,,NLET,B_ChlorinatedAlkanes_ISO
65188,Lake Trout,Salvelinus,namaycush,42,788,F,,1,2020-06-15,2020,Kusawa Lake,Kusawa Lake,60.416492,-136.209119,YT,WHA,"Chlorinated Alkanes, SC (C10-C13), Total ",50,L,1,2023-12-20,Chlorinated Alkane,Short Chain Chlorinated Alkanes (C10-13) Total,Total Short Chain Chlorinated Alkanes (C10-13),NG/G wet,5,,NLET,B_ChlorinatedAlkanes_ISO
65189,Lake Trout,Salvelinus,namaycush,46.5,1100.8,F,,1,2020-06-15,2020,Kusawa Lake,Kusawa Lake,60.416492,-136.209119,YT,WHA,"13C10-1,5,5,6,6,10-hexachlorodecane      ",79.9,,1,2023-12-20,Chlorinated Alkane,"13C10-1,5,5,6,6,10-hexachlorodecane","13C10-1,5,5,6,6,10-hexachlorodecane",PCT,,,NLET,B_ChlorinatedAlkanes_ISO
65189,Lake Trout,Salvelinus,namaycush,46.5,1100.8,F,,1,2020-06-15,2020,Kusawa Lake,Kusawa Lake,60.416492,-136.209119,YT,WHA,"Chlorinated Alkanes, SC (C10-C13), Total ",50,L,1,2023-12-20,Chlorinated Alkane,Short Chain Chlorinated Alkanes (C10-13) Total,Total Short Chain Chlorinated Alkanes (C10-13),NG/G wet,5,,NLET,B_ChlorinatedAlkanes_ISO
66104,Lake Trout,Salvelinus,namaycush,65.1,2542.7,M,ADS,1,2021-12-21,2021,Great Bear Lake,Great Bear Lake,66.241197,-123.739014,NWT,WHA,"13C10-1,5,5,6,6,10-hexachlorodecane      ",97.7,,1,2023-12-20,Chlorinated Alkane,"13C10-1,5,5,6,6,10-hexachlorodecane","13C10-1,5,5,6,6,10-hexachlorodecane",PCT,,,NLET,B_ChlorinatedAlkanes_ISO
66104,Lake Trout,Salvelinus,namaycush,65.1,2542.7,M,ADS,1,2021-12-21,2021,Great Bear Lake,Great Bear Lake,66.241197,-123.739014,NWT,WHA,"Chlorinated Alkanes, SC (C10-C13), Total ",50,L,1,2023-12-20,Chlorinated Alkane,Short Chain Chlorinated Alkanes (C10-13) Total,Total Short Chain Chlorinated Alkanes (C10-13),NG/G wet,5,,NLET,B_ChlorinatedAlkanes_ISO
66105,Lake Trout,Salvelinus,namaycush,68.7,3429.8,M,ADS,1,2021-12-21,2021,Great Bear Lake,Great Bear Lake,66.241197,-123.739014,NWT,WHA,"13C10-1,5,5,6,6,10-hexachlorodecane      ",98,,1,2023-12-20,Chlorinated Alkane,"13C10-1,5,5,6,6,10-hexachlorodecane","13C10-1,5,5,6,6,10-hexachlorodecane",PCT,,,NLET,B_ChlorinatedAlkanes_ISO
66105,Lake Trout,Salvelinus,namaycush,68.7,3429.8,M,ADS,1,2021-12-21,2021,Great Bear Lake,Great Bear Lake,66.241197,-123.739014,NWT,WHA,"Chlorinated Alkanes, SC (C10-C13), Total ",50,L,1,2023-12-20,Chlorinated Alkane,Short Chain Chlorinated Alkanes (C10-13) Total,Total Short Chain Chlorinated Alkanes (C10-13),NG/G wet,5,,NLET,B_ChlorinatedAlkanes_ISO
66105,Lake Trout,Salvelinus,namaycush,68.7,3429.8,M,ADS,1,2021-12-21,2021,Great Bear Lake,Great Bear Lake,66.241197,-123.739014,NWT,WHA,13C12-Beta-Hexabromocyclododecane,58.6,,1,2026-01-26,Chlorinated Alkane,Chlorinated alkane surrogate,13C12-Beta-Hexabromocyclododecane,PCT,,,NLET,B_ChlorinatedAlkanes_MC_Biota
66105,Lake Trout,Salvelinus,namaycush,68.7,3429.8,M,ADS,1,2021-12-21,2021,Great Bear Lake,Great Bear Lake,66.241197,-123.739014,NWT,WHA,"Chlorinated Alkanes, LC (C18-C20), Total",4.28,ND,1,2026-01-26,Chlorinated Alkane,"Long Chain Chlorinated Alkanes (C18-C20), Total","Long Chain Chlorinated Alkanes (C18-C20), Total",NG/G wet,,,NLET,B_ChlorinatedAlkanes_MC_Biota
66105,Lake Trout,Salvelinus,namaycush,68.7,3429.8,M,ADS,1,2021-12-21,2021,Great Bear Lake,Great Bear Lake,66.241197,-123.739014,NWT,WHA,"Chlorinated Alkanes, MC (C14-C17), Total",3.7,ND,1,2026-01-26,Chlorinated Alkane,Medium Chain Chlorinated Paraffins (C14-17) Total,Medium Chain Chlorinated Paraffins (C14-17) Total,NG/G wet,,,NLET,B_ChlorinatedAlkanes_MC_Biota
66106,Lake Trout,Salvelinus,namaycush,63,2834.1,F,ADS,1,2021-12-21,2021,Great Bear Lake,Great Bear Lake,66.241197,-123.739014,NWT,WHA,"13C10-1,5,5,6,6,10-hexachlorodecane      ",107,,1,2023-12-20,Chlorinated Alkane,"13C10-1,5,5,6,6,10-hexachlorodecane","13C10-1,5,5,6,6,10-hexachlorodecane",PCT,,,NLET,B_ChlorinatedAlkanes_ISO
66106,Lake Trout,Salvelinus,namaycush,63,2834.1,F,ADS,1,2021-12-21,2021,Great Bear Lake,Great Bear Lake,66.241197,-123.739014,NWT,WHA,"Chlorinated Alkanes, SC (C10-C13), Total ",50,L,1,2023-12-20,Chlorinated Alkane,Short Chain Chlorinated Alkanes (C10-13) Total,Total Short Chain Chlorinated Alkanes (C10-13),NG/G wet,5,,NLET,B_ChlorinatedAlkanes_ISO
66107,Lake Trout,Salvelinus,namaycush,70.5,3096.4,M,ADS,1,2021-12-21,2021,Great Bear Lake,Great Bear Lake,66.241197,-123.739014,NWT,WHA,"13C10-1,5,5,6,6,10-hexachlorodecane      ",102,,1,2023-12-20,Chlorinated Alkane,"13C10-1,5,5,6,6,10-hexachlorodecane","13C10-1,5,5,6,6,10-hexachlorodecane",PCT,,,NLET,B_ChlorinatedAlkanes_ISO
66107,Lake Trout,Salvelinus,namaycush,70.5,3096.4,M,ADS,1,2021-12-21,2021,Great Bear Lake,Great Bear Lake,66.241197,-123.739014,NWT,WHA,"Chlorinated Alkanes, SC (C10-C13), Total ",50,L,1,2023-12-20,Chlorinated Alkane,Short Chain Chlorinated Alkanes (C10-13) Total,Total Short Chain Chlorinated Alkanes (C10-13),NG/G wet,5,,NLET,B_ChlorinatedAlkanes_ISO
66108,Lake Trout,Salvelinus,namaycush,66.6,2912.4,M,ADS,1,2021-12-21,2021,Great Bear Lake,Great Bear Lake,66.241197,-123.739014,NWT,WHA,"13C10-1,5,5,6,6,10-hexachlorodecane      ",99.2,,1,2023-12-20,Chlorinated Alkane,"13C10-1,5,5,6,6,10-hexachlorodecane","13C10-1,5,5,6,6,10-hexachlorodecane",PCT,,,NLET,B_ChlorinatedAlkanes_ISO
66108,Lake Trout,Salvelinus,namaycush,66.6,2912.4,M,ADS,1,2021-12-21,2021,Great Bear Lake,Great Bear Lake,66.241197,-123.739014,NWT,WHA,"Chlorinated Alkanes, SC (C10-C13), Total ",50,L,1,2023-12-20,Chlorinated Alkane,Short Chain Chlorinated Alkanes (C10-13) Total,Total Short Chain Chlorinated Alkanes (C10-13),NG/G wet,5,,NLET,B_ChlorinatedAlkanes_ISO
66109,Lake Trout,Salvelinus,namaycush,67.5,2720.2,M,ADS,1,2021-12-21,2021,Great Bear Lake,Great Bear Lake,66.241197,-123.739014,NWT,WHA,13C12-Beta-Hexabromocyclododecane,68.6,,1,2026-01-26,Chlorinated Alkane,Chlorinated alkane surrogate,13C12-Beta-Hexabromocyclododecane,PCT,,,NLET,B_ChlorinatedAlkanes_MC_Biota
66109,Lake Trout,Salvelinus,namaycush,67.5,2720.2,M,ADS,1,2021-12-21,2021,Great Bear Lake,Great Bear Lake,66.241197,-123.739014,NWT,WHA,"Chlorinated Alkanes, LC (C18-C20), Total",4.25,ND,1,2026-01-26,Chlorinated Alkane,"Long Chain Chlorinated Alkanes (C18-C20), Total","Long Chain Chlorinated Alkanes (C18-C20), Total",NG/G wet,,,NLET,B_ChlorinatedAlkanes_MC_Biota
66109,Lake Trout,Salvelinus,namaycush,67.5,2720.2,M,ADS,1,2021-12-21,2021,Great Bear Lake,Great Bear Lake,66.241197,-123.739014,NWT,WHA,"Chlorinated Alkanes, MC (C14-C17), Total",3.67,ND,1,2026-01-26,Chlorinated Alkane,Medium Chain Chlorinated Paraffins (C14-17) Total,Medium Chain Chlorinated Paraffins (C14-17) Total,NG/G wet,,,NLET,B_ChlorinatedAlkanes_MC_Biota
66110,Lake Trout,Salvelinus,namaycush,66,2778,F,ADS,1,2021-12-21,2021,Great Bear Lake,Great Bear Lake,66.241197,-123.739014,NWT,WHA,"13C10-1,5,5,6,6,10-hexachlorodecane      ",97.4,,1,2023-12-20,Chlorinated Alkane,"13C10-1,5,5,6,6,10-hexachlorodecane","13C10-1,5,5,6,6,10-hexachlorodecane",PCT,,,NLET,B_ChlorinatedAlkanes_ISO
66110,Lake Trout,Salvelinus,namaycush,66,2778,F,ADS,1,2021-12-21,2021,Great Bear Lake,Great Bear Lake,66.241197,-123.739014,NWT,WHA,"Chlorinated Alkanes, SC (C10-C13), Total ",50,L,1,2023-12-20,Chlorinated Alkane,Short Chain Chlorinated Alkanes (C10-13) Total,Total Short Chain Chlorinated Alkanes (C10-13),NG/G wet,5,,NLET,B_ChlorinatedAlkanes_ISO
66112,Lake Trout,Salvelinus,namaycush,69.9,3434.6,F,ADS,1,2021-12-21,2021,Great Bear Lake,Great Bear Lake,66.241197,-123.739014,NWT,WHA,"13C10-1,5,5,6,6,10-hexachlorodecane      ",98.3,,1,2023-12-20,Chlorinated Alkane,"13C10-1,5,5,6,6,10-hexachlorodecane","13C10-1,5,5,6,6,10-hexachlorodecane",PCT,,,NLET,B_ChlorinatedAlkanes_ISO
66112,Lake Trout,Salvelinus,namaycush,69.9,3434.6,F,ADS,1,2021-12-21,2021,Great Bear Lake,Great Bear Lake,66.241197,-123.739014,NWT,WHA,"Chlorinated Alkanes, SC (C10-C13), Total ",50,L,1,2023-12-20,Chlorinated Alkane,Short Chain Chlorinated Alkanes (C10-13) Total,Total Short Chain Chlorinated Alkanes (C10-13),NG/G wet,5,,NLET,B_ChlorinatedAlkanes_ISO
66112,Lake Trout,Salvelinus,namaycush,69.9,3434.6,F,ADS,1,2021-12-21,2021,Great Bear Lake,Great Bear Lake,66.241197,-123.739014,NWT,WHA,13C12-Beta-Hexabromocyclododecane,65.7,,1,2026-01-26,Chlorinated Alkane,Chlorinated alkane surrogate,13C12-Beta-Hexabromocyclododecane,PCT,,,NLET,B_ChlorinatedAlkanes_MC_Biota
66112,Lake Trout,Salvelinus,namaycush,69.9,3434.6,F,ADS,1,2021-12-21,2021,Great Bear Lake,Great Bear Lake,66.241197,-123.739014,NWT,WHA,"Chlorinated Alkanes, LC (C18-C20), Total",4.35,ND,1,2026-01-26,Chlorinated Alkane,"Long Chain Chlorinated Alkanes (C18-C20), Total","Long Chain Chlorinated Alkanes (C18-C20), Total",NG/G wet,,,NLET,B_ChlorinatedAlkanes_MC_Biota
66112,Lake Trout,Salvelinus,namaycush,69.9,3434.6,F,ADS,1,2021-12-21,2021,Great Bear Lake,Great Bear Lake,66.241197,-123.739014,NWT,WHA,"Chlorinated Alkanes, MC (C14-C17), Total",3.75,ND,1,2026-01-26,Chlorinated Alkane,Medium Chain Chlorinated Paraffins (C14-17) Total,Medium Chain Chlorinated Paraffins (C14-17) Total,NG/G wet,,,NLET,B_ChlorinatedAlkanes_MC_Biota
66113,Lake Trout,Salvelinus,namaycush,70,3140.1,M,ADS,1,2021-12-21,2021,Great Bear Lake,Great Bear Lake,66.241197,-123.739014,NWT,WHA,"13C10-1,5,5,6,6,10-hexachlorodecane      ",97,,1,2023-12-20,Chlorinated Alkane,"13C10-1,5,5,6,6,10-hexachlorodecane","13C10-1,5,5,6,6,10-hexachlorodecane",PCT,,,NLET,B_ChlorinatedAlkanes_ISO
66113,Lake Trout,Salvelinus,namaycush,70,3140.1,M,ADS,1,2021-12-21,2021,Great Bear Lake,Great Bear Lake,66.241197,-123.739014,NWT,WHA,"Chlorinated Alkanes, SC (C10-C13), Total ",50,L,1,2023-12-20,Chlorinated Alkane,Short Chain Chlorinated Alkanes (C10-13) Total,Total Short Chain Chlorinated Alkanes (C10-13),NG/G wet,5,,NLET,B_ChlorinatedAlkanes_ISO
66113,Lake Trout,Salvelinus,namaycush,70,3140.1,M,ADS,1,2021-12-21,2021,Great Bear Lake,Great Bear Lake,66.241197,-123.739014,NWT,WHA,13C12-Beta-Hexabromocyclododecane,61.3,,1,2026-01-26,Chlorinated Alkane,Chlorinated alkane surrogate,13C12-Beta-Hexabromocyclododecane,PCT,,,NLET,B_ChlorinatedAlkanes_MC_Biota
66113,Lake Trout,Salvelinus,namaycush,70,3140.1,M,ADS,1,2021-12-21,2021,Great Bear Lake,Great Bear Lake,66.241197,-123.739014,NWT,WHA,"Chlorinated Alkanes, LC (C18-C20), Total",4.3,ND,1,2026-01-26,Chlorinated Alkane,"Long Chain Chlorinated Alkanes (C18-C20), Total","Long Chain Chlorinated Alkanes (C18-C20), Total",NG/G wet,,,NLET,B_ChlorinatedAlkanes_MC_Biota
66113,Lake Trout,Salvelinus,namaycush,70,3140.1,M,ADS,1,2021-12-21,2021,Great Bear Lake,Great Bear Lake,66.241197,-123.739014,NWT,WHA,"Chlorinated Alkanes, MC (C14-C17), Total",3.71,ND,1,2026-01-26,Chlorinated Alkane,Medium Chain Chlorinated Paraffins (C14-17) Total,Medium Chain Chlorinated Paraffins (C14-17) Total,NG/G wet,,,NLET,B_ChlorinatedAlkanes_MC_Biota
66120,Lake Trout,Salvelinus,namaycush,60.5,2124,F,ADS,1,2021-12-21,2021,Great Bear Lake,Great Bear Lake,66.241197,-123.739014,NWT,WHA,"13C10-1,5,5,6,6,10-hexachlorodecane      ",102,,1,2023-12-20,Chlorinated Alkane,"13C10-1,5,5,6,6,10-hexachlorodecane","13C10-1,5,5,6,6,10-hexachlorodecane",PCT,,,NLET,B_ChlorinatedAlkanes_ISO
66120,Lake Trout,Salvelinus,namaycush,60.5,2124,F,ADS,1,2021-12-21,2021,Great Bear Lake,Great Bear Lake,66.241197,-123.739014,NWT,WHA,"Chlorinated Alkanes, SC (C10-C13), Total ",50,L,1,2023-12-20,Chlorinated Alkane,Short Chain Chlorinated Alkanes (C10-13) Total,Total Short Chain Chlorinated Alkanes (C10-13),NG/G wet,5,,NLET,B_ChlorinatedAlkanes_ISO
66122,Lake Trout,Salvelinus,namaycush,74,4017.3,M,ADS,1,2021-12-21,2021,Great Bear Lake,Great Bear Lake,66.241197,-123.739014,NWT,WHA,"13C10-1,5,5,6,6,10-hexachlorodecane      ",95.1,,1,2023-12-20,Chlorinated Alkane,"13C10-1,5,5,6,6,10-hexachlorodecane","13C10-1,5,5,6,6,10-hexachlorodecane",PCT,,,NLET,B_ChlorinatedAlkanes_ISO
66122,Lake Trout,Salvelinus,namaycush,74,4017.3,M,ADS,1,2021-12-21,2021,Great Bear Lake,Great Bear Lake,66.241197,-123.739014,NWT,WHA,"Chlorinated Alkanes, SC (C10-C13), Total ",50,L,1,2023-12-20,Chlorinated Alkane,Short Chain Chlorinated Alkanes (C10-13) Total,Total Short Chain Chlorinated Alkanes (C10-13),NG/G wet,5,,NLET,B_ChlorinatedAlkanes_ISO
66122,Lake Trout,Salvelinus,namaycush,74,4017.3,M,ADS,1,2021-12-21,2021,Great Bear Lake,Great Bear Lake,66.241197,-123.739014,NWT,WHA,13C12-Beta-Hexabromocyclododecane,79.2,,1,2026-01-26,Chlorinated Alkane,Chlorinated alkane surrogate,13C12-Beta-Hexabromocyclododecane,PCT,,,NLET,B_ChlorinatedAlkanes_MC_Biota
66122,Lake Trout,Salvelinus,namaycush,74,4017.3,M,ADS,1,2021-12-21,2021,Great Bear Lake,Great Bear Lake,66.241197,-123.739014,NWT,WHA,"Chlorinated Alkanes, LC (C18-C20), Total",4.07,ND,1,2026-01-26,Chlorinated Alkane,"Long Chain Chlorinated Alkanes (C18-C20), Total","Long Chain Chlorinated Alkanes (C18-C20), Total",NG/G wet,,,NLET,B_ChlorinatedAlkanes_MC_Biota
66122,Lake Trout,Salvelinus,namaycush,74,4017.3,M,ADS,1,2021-12-21,2021,Great Bear Lake,Great Bear Lake,66.241197,-123.739014,NWT,WHA,"Chlorinated Alkanes, MC (C14-C17), Total",7.21,,1,2026-01-26,Chlorinated Alkane,Medium Chain Chlorinated Paraffins (C14-17) Total,Medium Chain Chlorinated Paraffins (C14-17) Total,NG/G wet,,,NLET,B_ChlorinatedAlkanes_MC_Biota
66217,Lake Trout,Salvelinus,namaycush,60.5,2408.1,F,ADS,1,2022-06-21,2022,Lake Huron,North Channel L Huron,45.91666667,-83.5,ON,WHA,13C12-Beta-Hexabromocyclododecane,89.1,,1,2026-02-20,Chlorinated Alkane,Chlorinated alkane surrogate,13C12-Beta-Hexabromocyclododecane,PCT,,,NLET,B_ChlorinatedAlkanes_MC_Biota
66217,Lake Trout,Salvelinus,namaycush,60.5,2408.1,F,ADS,1,2022-06-21,2022,Lake Huron,North Channel L Huron,45.91666667,-83.5,ON,WHA,"Chlorinated Alkanes, LC (C18-C20), Total",4.44,ND,1,2026-02-20,Chlorinated Alkane,"Long Chain Chlorinated Alkanes (C18-C20), Total","Long Chain Chlorinated Alkanes (C18-C20), Total",NG/G wet,,,NLET,B_ChlorinatedAlkanes_MC_Biota
66217,Lake Trout,Salvelinus,namaycush,60.5,2408.1,F,ADS,1,2022-06-21,2022,Lake Huron,North Channel L Huron,45.91666667,-83.5,ON,WHA,"Chlorinated Alkanes, MC (C14-C17), Total",3.83,ND,1,2026-02-20,Chlorinated Alkane,Medium Chain Chlorinated Paraffins (C14-17) Total,Medium Chain Chlorinated Paraffins (C14-17) Total,NG/G wet,,,NLET,B_ChlorinatedAlkanes_MC_Biota
66231,Lake Trout,Salvelinus,namaycush,50.5,1376,F,ADS,1,2022-06-21,2022,Lake Huron,North Channel L Huron,45.91666667,-83.5,ON,WHA,13C12-Beta-Hexabromocyclododecane,59.3,,1,2026-02-20,Chlorinated Alkane,Chlorinated alkane surrogate,13C12-Beta-Hexabromocyclododecane,PCT,,,NLET,B_ChlorinatedAlkanes_MC_Biota
66231,Lake Trout,Salvelinus,namaycush,50.5,1376,F,ADS,1,2022-06-21,2022,Lake Huron,North Channel L Huron,45.91666667,-83.5,ON,WHA,"Chlorinated Alkanes, LC (C18-C20), Total",4.38,ND,1,2026-02-20,Chlorinated Alkane,"Long Chain Chlorinated Alkanes (C18-C20), Total","Long Chain Chlorinated Alkanes (C18-C20), Total",NG/G wet,,,NLET,B_ChlorinatedAlkanes_MC_Biota
66231,Lake Trout,Salvelinus,namaycush,50.5,1376,F,ADS,1,2022-06-21,2022,Lake Huron,North Channel L Huron,45.91666667,-83.5,ON,WHA,"Chlorinated Alkanes, MC (C14-C17), Total",3.78,ND,1,2026-02-20,Chlorinated Alkane,Medium Chain Chlorinated Paraffins (C14-17) Total,Medium Chain Chlorinated Paraffins (C14-17) Total,NG/G wet,,,NLET,B_ChlorinatedAlkanes_MC_Biota
66237,Lake Trout,Salvelinus,namaycush,47,1244.3,UNK,ADS,1,2022-06-21,2022,Lake Huron,North Channel L Huron,45.91666667,-83.5,ON,WHA,13C12-Beta-Hexabromocyclododecane,49.3,COM,1,2026-02-20,Chlorinated Alkane,Chlorinated alkane surrogate,13C12-Beta-Hexabromocyclododecane,PCT,,,NLET,B_ChlorinatedAlkanes_MC_Biota
66237,Lake Trout,Salvelinus,namaycush,47,1244.3,UNK,ADS,1,2022-06-21,2022,Lake Huron,North Channel L Huron,45.91666667,-83.5,ON,WHA,"Chlorinated Alkanes, LC (C18-C20), Total",3.95,ND,1,2026-02-20,Chlorinated Alkane,"Long Chain Chlorinated Alkanes (C18-C20), Total","Long Chain Chlorinated Alkanes (C18-C20), Total",NG/G wet,,,NLET,B_ChlorinatedAlkanes_MC_Biota
66237,Lake Trout,Salvelinus,namaycush,47,1244.3,UNK,ADS,1,2022-06-21,2022,Lake Huron,North Channel L Huron,45.91666667,-83.5,ON,WHA,"Chlorinated Alkanes, MC (C14-C17), Total",3.41,ND,1,2026-02-20,Chlorinated Alkane,Medium Chain Chlorinated Paraffins (C14-17) Total,Medium Chain Chlorinated Paraffins (C14-17) Total,NG/G wet,,,NLET,B_ChlorinatedAlkanes_MC_Biota
66244,Lake Trout,Salvelinus,namaycush,52,1641.2,F,ADS,1,2022-06-21,2022,Lake Huron,North Channel L Huron,45.91666667,-83.5,ON,WHA,13C12-Beta-Hexabromocyclododecane,60.4,,1,2026-02-20,Chlorinated Alkane,Chlorinated alkane surrogate,13C12-Beta-Hexabromocyclododecane,PCT,,,NLET,B_ChlorinatedAlkanes_MC_Biota
66244,Lake Trout,Salvelinus,namaycush,52,1641.2,F,ADS,1,2022-06-21,2022,Lake Huron,North Channel L Huron,45.91666667,-83.5,ON,WHA,"Chlorinated Alkanes, LC (C18-C20), Total",3.94,ND,1,2026-02-20,Chlorinated Alkane,"Long Chain Chlorinated Alkanes (C18-C20), Total","Long Chain Chlorinated Alkanes (C18-C20), Total",NG/G wet,,,NLET,B_ChlorinatedAlkanes_MC_Biota
66244,Lake Trout,Salvelinus,namaycush,52,1641.2,F,ADS,1,2022-06-21,2022,Lake Huron,North Channel L Huron,45.91666667,-83.5,ON,WHA,"Chlorinated Alkanes, MC (C14-C17), Total",3.4,ND,1,2026-02-20,Chlorinated Alkane,Medium Chain Chlorinated Paraffins (C14-17) Total,Medium Chain Chlorinated Paraffins (C14-17) Total,NG/G wet,,,NLET,B_ChlorinatedAlkanes_MC_Biota
66245,Lake Trout,Salvelinus,namaycush,52,1457.9,F,ADS,1,2022-06-21,2022,Lake Huron,North Channel L Huron,45.91666667,-83.5,ON,WHA,13C12-Beta-Hexabromocyclododecane,55.2,,1,2026-02-20,Chlorinated Alkane,Chlorinated alkane surrogate,13C12-Beta-Hexabromocyclododecane,PCT,,,NLET,B_ChlorinatedAlkanes_MC_Biota
66245,Lake Trout,Salvelinus,namaycush,52,1457.9,F,ADS,1,2022-06-21,2022,Lake Huron,North Channel L Huron,45.91666667,-83.5,ON,WHA,"Chlorinated Alkanes, LC (C18-C20), Total",4.07,ND,1,2026-02-20,Chlorinated Alkane,"Long Chain Chlorinated Alkanes (C18-C20), Total","Long Chain Chlorinated Alkanes (C18-C20), Total",NG/G wet,,,NLET,B_ChlorinatedAlkanes_MC_Biota
66245,Lake Trout,Salvelinus,namaycush,52,1457.9,F,ADS,1,2022-06-21,2022,Lake Huron,North Channel L Huron,45.91666667,-83.5,ON,WHA,"Chlorinated Alkanes, MC (C14-C17), Total",3.52,ND,1,2026-02-20,Chlorinated Alkane,Medium Chain Chlorinated Paraffins (C14-17) Total,Medium Chain Chlorinated Paraffins (C14-17) Total,NG/G wet,,,NLET,B_ChlorinatedAlkanes_MC_Biota
66350,Lake Trout,Salvelinus,namaycush,46,1131.5,M,ADS,1,2022-07-19,2022,Lake Superior,Whitefish Bay L Superior,46.58333,-84.75,ON,WHA,"13C10-1,5,5,6,6,10-hexachlorodecane      ",102,,1,2023-12-20,Chlorinated Alkane,"13C10-1,5,5,6,6,10-hexachlorodecane","13C10-1,5,5,6,6,10-hexachlorodecane",PCT,,,NLET,B_ChlorinatedAlkanes_ISO
66350,Lake Trout,Salvelinus,namaycush,46,1131.5,M,ADS,1,2022-07-19,2022,Lake Superior,Whitefish Bay L Superior,46.58333,-84.75,ON,WHA,"Chlorinated Alkanes, SC (C10-C13), Total ",55.3,,1,2023-12-20,Chlorinated Alkane,Short Chain Chlorinated Alkanes (C10-13) Total,Total Short Chain Chlorinated Alkanes (C10-13),NG/G wet,5,,NLET,B_ChlorinatedAlkanes_ISO
66351,Lake Trout,Salvelinus,namaycush,51,1683.5,F,ADS,1,2022-07-19,2022,Lake Superior,Whitefish Bay L Superior,46.58333,-84.75,ON,WHA,"13C10-1,5,5,6,6,10-hexachlorodecane      ",101,,1,2023-12-20,Chlorinated Alkane,"13C10-1,5,5,6,6,10-hexachlorodecane","13C10-1,5,5,6,6,10-hexachlorodecane",PCT,,,NLET,B_ChlorinatedAlkanes_ISO
66351,Lake Trout,Salvelinus,namaycush,51,1683.5,F,ADS,1,2022-07-19,2022,Lake Superior,Whitefish Bay L Superior,46.58333,-84.75,ON,WHA,"Chlorinated Alkanes, SC (C10-C13), Total ",50,L,1,2023-12-20,Chlorinated Alkane,Short Chain Chlorinated Alkanes (C10-13) Total,Total Short Chain Chlorinated Alkanes (C10-13),NG/G wet,5,,NLET,B_ChlorinatedAlkanes_ISO
66352,Lake Trout,Salvelinus,namaycush,45,1006.5,M,ADS,1,2022-07-19,2022,Lake Superior,Whitefish Bay L Superior,46.58333,-84.75,ON,WHA,"13C10-1,5,5,6,6,10-hexachlorodecane      ",122,,1,2023-12-20,Chlorinated Alkane,"13C10-1,5,5,6,6,10-hexachlorodecane","13C10-1,5,5,6,6,10-hexachlorodecane",PCT,,,NLET,B_ChlorinatedAlkanes_ISO
66352,Lake Trout,Salvelinus,namaycush,45,1006.5,M,ADS,1,2022-07-19,2022,Lake Superior,Whitefish Bay L Superior,46.58333,-84.75,ON,WHA,"Chlorinated Alkanes, SC (C10-C13), Total ",50,L,1,2023-12-20,Chlorinated Alkane,Short Chain Chlorinated Alkanes (C10-13) Total,Total Short Chain Chlorinated Alkanes (C10-13),NG/G wet,5,,NLET,B_ChlorinatedAlkanes_ISO
66353,Lake Trout,Salvelinus,namaycush,54,1363.3,F,ADS,1,2022-07-19,2022,Lake Superior,Whitefish Bay L Superior,46.58333,-84.75,ON,WHA,"13C10-1,5,5,6,6,10-hexachlorodecane      ",134,,1,2023-12-20,Chlorinated Alkane,"13C10-1,5,5,6,6,10-hexachlorodecane","13C10-1,5,5,6,6,10-hexachlorodecane",PCT,,,NLET,B_ChlorinatedAlkanes_ISO
66353,Lake Trout,Salvelinus,namaycush,54,1363.3,F,ADS,1,2022-07-19,2022,Lake Superior,Whitefish Bay L Superior,46.58333,-84.75,ON,WHA,"Chlorinated Alkanes, SC (C10-C13), Total ",50,L,1,2023-12-20,Chlorinated Alkane,Short Chain Chlorinated Alkanes (C10-13) Total,Total Short Chain Chlorinated Alkanes (C10-13),NG/G wet,5,,NLET,B_ChlorinatedAlkanes_ISO
66360,Lake Trout,Salvelinus,namaycush,52.5,1647.5,F,ADS,1,2022-07-19,2022,Lake Superior,Whitefish Bay L Superior,46.58333,-84.75,ON,WHA,"13C10-1,5,5,6,6,10-hexachlorodecane      ",107,,1,2023-12-20,Chlorinated Alkane,"13C10-1,5,5,6,6,10-hexachlorodecane","13C10-1,5,5,6,6,10-hexachlorodecane",PCT,,,NLET,B_ChlorinatedAlkanes_ISO
66360,Lake Trout,Salvelinus,namaycush,52.5,1647.5,F,ADS,1,2022-07-19,2022,Lake Superior,Whitefish Bay L Superior,46.58333,-84.75,ON,WHA,"Chlorinated Alkanes, SC (C10-C13), Total ",50,L,1,2023-12-20,Chlorinated Alkane,Short Chain Chlorinated Alkanes (C10-13) Total,Total Short Chain Chlorinated Alkanes (C10-13),NG/G wet,5,,NLET,B_ChlorinatedAlkanes_ISO
66366,Lake Trout,Salvelinus,namaycush,51,1219.5,M,ADS,1,2022-07-19,2022,Lake Superior,Whitefish Bay L Superior,46.58333,-84.75,ON,WHA,"13C10-1,5,5,6,6,10-hexachlorodecane      ",100,,1,2023-12-20,Chlorinated Alkane,"13C10-1,5,5,6,6,10-hexachlorodecane","13C10-1,5,5,6,6,10-hexachlorodecane",PCT,,,NLET,B_ChlorinatedAlkanes_ISO
66366,Lake Trout,Salvelinus,namaycush,51,1219.5,M,ADS,1,2022-07-19,2022,Lake Superior,Whitefish Bay L Superior,46.58333,-84.75,ON,WHA,"Chlorinated Alkanes, SC (C10-C13), Total ",50,L,1,2023-12-20,Chlorinated Alkane,Short Chain Chlorinated Alkanes (C10-13) Total,Total Short Chain Chlorinated Alkanes (C10-13),NG/G wet,5,,NLET,B_ChlorinatedAlkanes_ISO
66367,Lake Trout,Salvelinus,namaycush,43.5,830.4,M,ADS,1,2022-07-19,2022,Lake Superior,Whitefish Bay L Superior,46.58333,-84.75,ON,WHA,"13C10-1,5,5,6,6,10-hexachlorodecane      ",142,,1,2023-12-20,Chlorinated Alkane,"13C10-1,5,5,6,6,10-hexachlorodecane","13C10-1,5,5,6,6,10-hexachlorodecane",PCT,,,NLET,B_ChlorinatedAlkanes_ISO
66367,Lake Trout,Salvelinus,namaycush,43.5,830.4,M,ADS,1,2022-07-19,2022,Lake Superior,Whitefish Bay L Superior,46.58333,-84.75,ON,WHA,"Chlorinated Alkanes, SC (C10-C13), Total ",50,L,1,2023-12-20,Chlorinated Alkane,Short Chain Chlorinated Alkanes (C10-13) Total,Total Short Chain Chlorinated Alkanes (C10-13),NG/G wet,5,,NLET,B_ChlorinatedAlkanes_ISO
66368,Lake Trout,Salvelinus,namaycush,43.5,922.1,M,ADS,1,2022-07-19,2022,Lake Superior,Whitefish Bay L Superior,46.58333,-84.75,ON,WHA,"13C10-1,5,5,6,6,10-hexachlorodecane      ",95.9,,1,2023-12-20,Chlorinated Alkane,"13C10-1,5,5,6,6,10-hexachlorodecane","13C10-1,5,5,6,6,10-hexachlorodecane",PCT,,,NLET,B_ChlorinatedAlkanes_ISO
66368,Lake Trout,Salvelinus,namaycush,43.5,922.1,M,ADS,1,2022-07-19,2022,Lake Superior,Whitefish Bay L Superior,46.58333,-84.75,ON,WHA,"Chlorinated Alkanes, SC (C10-C13), Total ",50,L,1,2023-12-20,Chlorinated Alkane,Short Chain Chlorinated Alkanes (C10-13) Total,Total Short Chain Chlorinated Alkanes (C10-13),NG/G wet,5,,NLET,B_ChlorinatedAlkanes_ISO
66369,Lake Trout,Salvelinus,namaycush,47,1208.8,M,ADS,1,2022-07-19,2022,Lake Superior,Whitefish Bay L Superior,46.58333,-84.75,ON,WHA,"13C10-1,5,5,6,6,10-hexachlorodecane      ",100,,1,2023-12-20,Chlorinated Alkane,"13C10-1,5,5,6,6,10-hexachlorodecane","13C10-1,5,5,6,6,10-hexachlorodecane",PCT,,,NLET,B_ChlorinatedAlkanes_ISO
66369,Lake Trout,Salvelinus,namaycush,47,1208.8,M,ADS,1,2022-07-19,2022,Lake Superior,Whitefish Bay L Superior,46.58333,-84.75,ON,WHA,"Chlorinated Alkanes, SC (C10-C13), Total ",50,L,1,2023-12-20,Chlorinated Alkane,Short Chain Chlorinated Alkanes (C10-13) Total,Total Short Chain Chlorinated Alkanes (C10-13),NG/G wet,5,,NLET,B_ChlorinatedAlkanes_ISO
66371,Lake Trout,Salvelinus,namaycush,47,1239.8,M,ADS,1,2022-07-19,2022,Lake Superior,Whitefish Bay L Superior,46.58333,-84.75,ON,WHA,"13C10-1,5,5,6,6,10-hexachlorodecane      ",88.6,,1,2023-12-20,Chlorinated Alkane,"13C10-1,5,5,6,6,10-hexachlorodecane","13C10-1,5,5,6,6,10-hexachlorodecane",PCT,,,NLET,B_ChlorinatedAlkanes_ISO
66371,Lake Trout,Salvelinus,namaycush,47,1239.8,M,ADS,1,2022-07-19,2022,Lake Superior,Whitefish Bay L Superior,46.58333,-84.75,ON,WHA,"Chlorinated Alkanes, SC (C10-C13), Total ",50,L,1,2023-12-20,Chlorinated Alkane,Short Chain Chlorinated Alkanes (C10-13) Total,Total Short Chain Chlorinated Alkanes (C10-13),NG/G wet,5,,NLET,B_ChlorinatedAlkanes_ISO
66696,Lake Trout,Salvelinus,namaycush,59,2118.7,F,ADS,1,2022-12-31,2022,Cold Lake,Cold Lake,54.63639,-109.985,AB,WHA,13C12-Beta-Hexabromocyclododecane,71.7,,1,2026-01-29,Chlorinated Alkane,Chlorinated alkane surrogate,13C12-Beta-Hexabromocyclododecane,PCT,,,NLET,B_ChlorinatedAlkanes_MC_Biota
66696,Lake Trout,Salvelinus,namaycush,59,2118.7,F,ADS,1,2022-12-31,2022,Cold Lake,Cold Lake,54.63639,-109.985,AB,WHA,"Chlorinated Alkanes, LC (C18-C20), Total",4.33,ND,1,2026-01-29,Chlorinated Alkane,"Long Chain Chlorinated Alkanes (C18-C20), Total","Long Chain Chlorinated Alkanes (C18-C20), Total",NG/G wet,,,NLET,B_ChlorinatedAlkanes_MC_Biota
66696,Lake Trout,Salvelinus,namaycush,59,2118.7,F,ADS,1,2022-12-31,2022,Cold Lake,Cold Lake,54.63639,-109.985,AB,WHA,"Chlorinated Alkanes, MC (C14-C17), Total",3.73,ND,1,2026-01-29,Chlorinated Alkane,Medium Chain Chlorinated Paraffins (C14-17) Total,Medium Chain Chlorinated Paraffins (C14-17) Total,NG/G wet,,,NLET,B_ChlorinatedAlkanes_MC_Biota
66698,Lake Trout,Salvelinus,namaycush,58,1939.3,M,ADS,1,2022-12-31,2022,Cold Lake,Cold Lake,54.63639,-109.985,AB,WHA,13C12-Beta-Hexabromocyclododecane,61.7,,1,2026-01-29,Chlorinated Alkane,Chlorinated alkane surrogate,13C12-Beta-Hexabromocyclododecane,PCT,,,NLET,B_ChlorinatedAlkanes_MC_Biota
66698,Lake Trout,Salvelinus,namaycush,58,1939.3,M,ADS,1,2022-12-31,2022,Cold Lake,Cold Lake,54.63639,-109.985,AB,WHA,"Chlorinated Alkanes, LC (C18-C20), Total",4.21,ND,1,2026-01-29,Chlorinated Alkane,"Long Chain Chlorinated Alkanes (C18-C20), Total","Long Chain Chlorinated Alkanes (C18-C20), Total",NG/G wet,,,NLET,B_ChlorinatedAlkanes_MC_Biota
66698,Lake Trout,Salvelinus,namaycush,58,1939.3,M,ADS,1,2022-12-31,2022,Cold Lake,Cold Lake,54.63639,-109.985,AB,WHA,"Chlorinated Alkanes, MC (C14-C17), Total",3.63,ND,1,2026-01-29,Chlorinated Alkane,Medium Chain Chlorinated Paraffins (C14-17) Total,Medium Chain Chlorinated Paraffins (C14-17) Total,NG/G wet,,,NLET,B_ChlorinatedAlkanes_MC_Biota
66699,Lake Trout,Salvelinus,namaycush,60,2078,M,ADS,1,2022-12-31,2022,Cold Lake,Cold Lake,54.63639,-109.985,AB,WHA,13C12-Beta-Hexabromocyclododecane,63.8,,1,2026-01-29,Chlorinated Alkane,Chlorinated alkane surrogate,13C12-Beta-Hexabromocyclododecane,PCT,,,NLET,B_ChlorinatedAlkanes_MC_Biota
66699,Lake Trout,Salvelinus,namaycush,60,2078,M,ADS,1,2022-12-31,2022,Cold Lake,Cold Lake,54.63639,-109.985,AB,WHA,"Chlorinated Alkanes, LC (C18-C20), Total",4.22,ND,1,2026-01-29,Chlorinated Alkane,"Long Chain Chlorinated Alkanes (C18-C20), Total","Long Chain Chlorinated Alkanes (C18-C20), Total",NG/G wet,,,NLET,B_ChlorinatedAlkanes_MC_Biota
66699,Lake Trout,Salvelinus,namaycush,60,2078,M,ADS,1,2022-12-31,2022,Cold Lake,Cold Lake,54.63639,-109.985,AB,WHA,"Chlorinated Alkanes, MC (C14-C17), Total",3.64,ND,1,2026-01-29,Chlorinated Alkane,Medium Chain Chlorinated Paraffins (C14-17) Total,Medium Chain Chlorinated Paraffins (C14-17) Total,NG/G wet,,,NLET,B_ChlorinatedAlkanes_MC_Biota
66709,Lake Trout,Salvelinus,namaycush,63.5,2073,M,ADS,1,2022-12-31,2022,Cold Lake,Cold Lake,54.63639,-109.985,AB,WHA,13C12-Beta-Hexabromocyclododecane,55.9,,1,2026-01-29,Chlorinated Alkane,Chlorinated alkane surrogate,13C12-Beta-Hexabromocyclododecane,PCT,,,NLET,B_ChlorinatedAlkanes_MC_Biota
66709,Lake Trout,Salvelinus,namaycush,63.5,2073,M,ADS,1,2022-12-31,2022,Cold Lake,Cold Lake,54.63639,-109.985,AB,WHA,"Chlorinated Alkanes, LC (C18-C20), Total",4.13,ND,1,2026-01-29,Chlorinated Alkane,"Long Chain Chlorinated Alkanes (C18-C20), Total","Long Chain Chlorinated Alkanes (C18-C20), Total",NG/G wet,,,NLET,B_ChlorinatedAlkanes_MC_Biota
66709,Lake Trout,Salvelinus,namaycush,63.5,2073,M,ADS,1,2022-12-31,2022,Cold Lake,Cold Lake,54.63639,-109.985,AB,WHA,"Chlorinated Alkanes, MC (C14-C17), Total",3.56,ND,1,2026-01-29,Chlorinated Alkane,Medium Chain Chlorinated Paraffins (C14-17) Total,Medium Chain Chlorinated Paraffins (C14-17) Total,NG/G wet,,,NLET,B_ChlorinatedAlkanes_MC_Biota
66714,Lake Trout,Salvelinus,namaycush,63,2607,F,ADS,1,2022-12-31,2022,Reindeer Lake,Reindeer Lake,57.492804,-102.381592,SK,WHA,"13C10-1,5,5,6,6,10-hexachlorodecane",151,,1,2025-09-17,Chlorinated Alkane,"13C10-1,5,5,6,6,10-hexachlorodecane","13C10-1,5,5,6,6,10-hexachlorodecane",PCT,,,NLET,B_ChlorinatedAlkanes_ISO
66714,Lake Trout,Salvelinus,namaycush,63,2607,F,ADS,1,2022-12-31,2022,Reindeer Lake,Reindeer Lake,57.492804,-102.381592,SK,WHA,"Chlorinated Alkanes, SC (C10-C13), Total",50,BDL,1,2025-09-17,Chlorinated Alkane,Short Chain Chlorinated Alkanes (C10-13) Total,Total Short Chain Chlorinated Alkanes (C10-13),NG/G wet,5,,NLET,B_ChlorinatedAlkanes_ISO
66714,Lake Trout,Salvelinus,namaycush,63,2607,F,ADS,1,2022-12-31,2022,Reindeer Lake,Reindeer Lake,57.492804,-102.381592,SK,WHA,13C12-Beta-Hexabromocyclododecane,63.9,,1,2026-01-29,Chlorinated Alkane,Chlorinated alkane surrogate,13C12-Beta-Hexabromocyclododecane,PCT,,,NLET,B_ChlorinatedAlkanes_MC_Biota
66714,Lake Trout,Salvelinus,namaycush,63,2607,F,ADS,1,2022-12-31,2022,Reindeer Lake,Reindeer Lake,57.492804,-102.381592,SK,WHA,"Chlorinated Alkanes, LC (C18-C20), Total",4.28,ND,1,2026-01-29,Chlorinated Alkane,"Long Chain Chlorinated Alkanes (C18-C20), Total","Long Chain Chlorinated Alkanes (C18-C20), Total",NG/G wet,,,NLET,B_ChlorinatedAlkanes_MC_Biota
66714,Lake Trout,Salvelinus,namaycush,63,2607,F,ADS,1,2022-12-31,2022,Reindeer Lake,Reindeer Lake,57.492804,-102.381592,SK,WHA,"Chlorinated Alkanes, MC (C14-C17), Total",3.69,ND,1,2026-01-29,Chlorinated Alkane,Medium Chain Chlorinated Paraffins (C14-17) Total,Medium Chain Chlorinated Paraffins (C14-17) Total,NG/G wet,,,NLET,B_ChlorinatedAlkanes_MC_Biota
66726,Lake Trout,Salvelinus,namaycush,58,2182,F,ADS,1,2022-12-31,2022,Reindeer Lake,Reindeer Lake,57.492804,-102.381592,SK,WHA,"13C10-1,5,5,6,6,10-hexachlorodecane",149,,1,2025-09-17,Chlorinated Alkane,"13C10-1,5,5,6,6,10-hexachlorodecane","13C10-1,5,5,6,6,10-hexachlorodecane",PCT,,,NLET,B_ChlorinatedAlkanes_ISO
66726,Lake Trout,Salvelinus,namaycush,58,2182,F,ADS,1,2022-12-31,2022,Reindeer Lake,Reindeer Lake,57.492804,-102.381592,SK,WHA,"Chlorinated Alkanes, SC (C10-C13), Total",50,BDL,1,2025-09-17,Chlorinated Alkane,Short Chain Chlorinated Alkanes (C10-13) Total,Total Short Chain Chlorinated Alkanes (C10-13),NG/G wet,5,,NLET,B_ChlorinatedAlkanes_ISO
66726,Lake Trout,Salvelinus,namaycush,58,2182,F,ADS,1,2022-12-31,2022,Reindeer Lake,Reindeer Lake,57.492804,-102.381592,SK,WHA,13C12-Beta-Hexabromocyclododecane,63.4,,1,2026-01-29,Chlorinated Alkane,Chlorinated alkane surrogate,13C12-Beta-Hexabromocyclododecane,PCT,,,NLET,B_ChlorinatedAlkanes_MC_Biota
66726,Lake Trout,Salvelinus,namaycush,58,2182,F,ADS,1,2022-12-31,2022,Reindeer Lake,Reindeer Lake,57.492804,-102.381592,SK,WHA,"Chlorinated Alkanes, LC (C18-C20), Total",4.24,ND,1,2026-01-29,Chlorinated Alkane,"Long Chain Chlorinated Alkanes (C18-C20), Total","Long Chain Chlorinated Alkanes (C18-C20), Total",NG/G wet,,,NLET,B_ChlorinatedAlkanes_MC_Biota
66726,Lake Trout,Salvelinus,namaycush,58,2182,F,ADS,1,2022-12-31,2022,Reindeer Lake,Reindeer Lake,57.492804,-102.381592,SK,WHA,"Chlorinated Alkanes, MC (C14-C17), Total",3.66,ND,1,2026-01-29,Chlorinated Alkane,Medium Chain Chlorinated Paraffins (C14-17) Total,Medium Chain Chlorinated Paraffins (C14-17) Total,NG/G wet,,,NLET,B_ChlorinatedAlkanes_MC_Biota
66728,Lake Trout,Salvelinus,namaycush,66.8,3749.1,F,ADS,1,2022-12-31,2022,Reindeer Lake,Reindeer Lake,57.492804,-102.381592,SK,WHA,"13C10-1,5,5,6,6,10-hexachlorodecane",150,,1,2025-09-17,Chlorinated Alkane,"13C10-1,5,5,6,6,10-hexachlorodecane","13C10-1,5,5,6,6,10-hexachlorodecane",PCT,,,NLET,B_ChlorinatedAlkanes_ISO
66728,Lake Trout,Salvelinus,namaycush,66.8,3749.1,F,ADS,1,2022-12-31,2022,Reindeer Lake,Reindeer Lake,57.492804,-102.381592,SK,WHA,"Chlorinated Alkanes, SC (C10-C13), Total",50,BDL,1,2025-09-17,Chlorinated Alkane,Short Chain Chlorinated Alkanes (C10-13) Total,Total Short Chain Chlorinated Alkanes (C10-13),NG/G wet,5,,NLET,B_ChlorinatedAlkanes_ISO
66728,Lake Trout,Salvelinus,namaycush,66.8,3749.1,F,ADS,1,2022-12-31,2022,Reindeer Lake,Reindeer Lake,57.492804,-102.381592,SK,WHA,13C12-Beta-Hexabromocyclododecane,68.5,,1,2026-01-29,Chlorinated Alkane,Chlorinated alkane surrogate,13C12-Beta-Hexabromocyclododecane,PCT,,,NLET,B_ChlorinatedAlkanes_MC_Biota
66728,Lake Trout,Salvelinus,namaycush,66.8,3749.1,F,ADS,1,2022-12-31,2022,Reindeer Lake,Reindeer Lake,57.492804,-102.381592,SK,WHA,"Chlorinated Alkanes, LC (C18-C20), Total",4.01,ND,1,2026-01-29,Chlorinated Alkane,"Long Chain Chlorinated Alkanes (C18-C20), Total","Long Chain Chlorinated Alkanes (C18-C20), Total",NG/G wet,,,NLET,B_ChlorinatedAlkanes_MC_Biota
66728,Lake Trout,Salvelinus,namaycush,66.8,3749.1,F,ADS,1,2022-12-31,2022,Reindeer Lake,Reindeer Lake,57.492804,-102.381592,SK,WHA,"Chlorinated Alkanes, MC (C14-C17), Total",3.46,ND,1,2026-01-29,Chlorinated Alkane,Medium Chain Chlorinated Paraffins (C14-17) Total,Medium Chain Chlorinated Paraffins (C14-17) Total,NG/G wet,,,NLET,B_ChlorinatedAlkanes_MC_Biota
66729,Lake Trout,Salvelinus,namaycush,73,4733.1,F,ADS,1,2022-12-31,2022,Reindeer Lake,Reindeer Lake,57.492804,-102.381592,SK,WHA,"13C10-1,5,5,6,6,10-hexachlorodecane",144,,1,2025-09-17,Chlorinated Alkane,"13C10-1,5,5,6,6,10-hexachlorodecane","13C10-1,5,5,6,6,10-hexachlorodecane",PCT,,,NLET,B_ChlorinatedAlkanes_ISO
66729,Lake Trout,Salvelinus,namaycush,73,4733.1,F,ADS,1,2022-12-31,2022,Reindeer Lake,Reindeer Lake,57.492804,-102.381592,SK,WHA,"Chlorinated Alkanes, SC (C10-C13), Total",50,BDL,1,2025-09-17,Chlorinated Alkane,Short Chain Chlorinated Alkanes (C10-13) Total,Total Short Chain Chlorinated Alkanes (C10-13),NG/G wet,5,,NLET,B_ChlorinatedAlkanes_ISO
66729,Lake Trout,Salvelinus,namaycush,73,4733.1,F,ADS,1,2022-12-31,2022,Reindeer Lake,Reindeer Lake,57.492804,-102.381592,SK,WHA,13C12-Beta-Hexabromocyclododecane,72.1,,1,2026-01-29,Chlorinated Alkane,Chlorinated alkane surrogate,13C12-Beta-Hexabromocyclododecane,PCT,,,NLET,B_ChlorinatedAlkanes_MC_Biota
66729,Lake Trout,Salvelinus,namaycush,73,4733.1,F,ADS,1,2022-12-31,2022,Reindeer Lake,Reindeer Lake,57.492804,-102.381592,SK,WHA,"Chlorinated Alkanes, LC (C18-C20), Total",4.19,ND,1,2026-01-29,Chlorinated Alkane,"Long Chain Chlorinated Alkanes (C18-C20), Total","Long Chain Chlorinated Alkanes (C18-C20), Total",NG/G wet,,,NLET,B_ChlorinatedAlkanes_MC_Biota
66729,Lake Trout,Salvelinus,namaycush,73,4733.1,F,ADS,1,2022-12-31,2022,Reindeer Lake,Reindeer Lake,57.492804,-102.381592,SK,WHA,"Chlorinated Alkanes, MC (C14-C17), Total",3.62,ND,1,2026-01-29,Chlorinated Alkane,Medium Chain Chlorinated Paraffins (C14-17) Total,Medium Chain Chlorinated Paraffins (C14-17) Total,NG/G wet,,,NLET,B_ChlorinatedAlkanes_MC_Biota
66730,Lake Trout,Salvelinus,namaycush,74,4789.9,F,ADS,1,2022-12-31,2022,Reindeer Lake,Reindeer Lake,57.492804,-102.381592,SK,WHA,"13C10-1,5,5,6,6,10-hexachlorodecane",148,,1,2025-09-17,Chlorinated Alkane,"13C10-1,5,5,6,6,10-hexachlorodecane","13C10-1,5,5,6,6,10-hexachlorodecane",PCT,,,NLET,B_ChlorinatedAlkanes_ISO
66730,Lake Trout,Salvelinus,namaycush,74,4789.9,F,ADS,1,2022-12-31,2022,Reindeer Lake,Reindeer Lake,57.492804,-102.381592,SK,WHA,"Chlorinated Alkanes, SC (C10-C13), Total",50,BDL,1,2025-09-17,Chlorinated Alkane,Short Chain Chlorinated Alkanes (C10-13) Total,Total Short Chain Chlorinated Alkanes (C10-13),NG/G wet,5,,NLET,B_ChlorinatedAlkanes_ISO
66730,Lake Trout,Salvelinus,namaycush,74,4789.9,F,ADS,1,2022-12-31,2022,Reindeer Lake,Reindeer Lake,57.492804,-102.381592,SK,WHA,13C12-Beta-Hexabromocyclododecane,65.7,,1,2026-01-29,Chlorinated Alkane,Chlorinated alkane surrogate,13C12-Beta-Hexabromocyclododecane,PCT,,,NLET,B_ChlorinatedAlkanes_MC_Biota
66730,Lake Trout,Salvelinus,namaycush,74,4789.9,F,ADS,1,2022-12-31,2022,Reindeer Lake,Reindeer Lake,57.492804,-102.381592,SK,WHA,"Chlorinated Alkanes, LC (C18-C20), Total",3.97,ND,1,2026-01-29,Chlorinated Alkane,"Long Chain Chlorinated Alkanes (C18-C20), Total","Long Chain Chlorinated Alkanes (C18-C20), Total",NG/G wet,,,NLET,B_ChlorinatedAlkanes_MC_Biota
66730,Lake Trout,Salvelinus,namaycush,74,4789.9,F,ADS,1,2022-12-31,2022,Reindeer Lake,Reindeer Lake,57.492804,-102.381592,SK,WHA,"Chlorinated Alkanes, MC (C14-C17), Total",3.43,ND,1,2026-01-29,Chlorinated Alkane,Medium Chain Chlorinated Paraffins (C14-17) Total,Medium Chain Chlorinated Paraffins (C14-17) Total,NG/G wet,,,NLET,B_ChlorinatedAlkanes_MC_Biota
66731,Lake Trout,Salvelinus,namaycush,65,1987.5,F,ADS,1,2022-12-31,2022,Cold Lake,Cold Lake,54.63639,-109.985,AB,WHA,13C12-Beta-Hexabromocyclododecane,50,,1,2026-01-29,Chlorinated Alkane,Chlorinated alkane surrogate,13C12-Beta-Hexabromocyclododecane,PCT,,,NLET,B_ChlorinatedAlkanes_MC_Biota
66731,Lake Trout,Salvelinus,namaycush,65,1987.5,F,ADS,1,2022-12-31,2022,Cold Lake,Cold Lake,54.63639,-109.985,AB,WHA,"Chlorinated Alkanes, LC (C18-C20), Total",4.23,ND,1,2026-01-29,Chlorinated Alkane,"Long Chain Chlorinated Alkanes (C18-C20), Total","Long Chain Chlorinated Alkanes (C18-C20), Total",NG/G wet,,,NLET,B_ChlorinatedAlkanes_MC_Biota
66731,Lake Trout,Salvelinus,namaycush,65,1987.5,F,ADS,1,2022-12-31,2022,Cold Lake,Cold Lake,54.63639,-109.985,AB,WHA,"Chlorinated Alkanes, MC (C14-C17), Total",3.65,ND,1,2026-01-29,Chlorinated Alkane,Medium Chain Chlorinated Paraffins (C14-17) Total,Medium Chain Chlorinated Paraffins (C14-17) Total,NG/G wet,,,NLET,B_ChlorinatedAlkanes_MC_Biota
66736,Lake Trout,Salvelinus,namaycush,60,2118,F,ADS,1,2022-12-31,2022,Lake Athabasca,Lake Athabasca,59.279265,-106.031857,SK,WHA,13C12-Beta-Hexabromocyclododecane,61.8,,1,2026-01-29,Chlorinated Alkane,Chlorinated alkane surrogate,13C12-Beta-Hexabromocyclododecane,PCT,,,NLET,B_ChlorinatedAlkanes_MC_Biota
66736,Lake Trout,Salvelinus,namaycush,60,2118,F,ADS,1,2022-12-31,2022,Lake Athabasca,Lake Athabasca,59.279265,-106.031857,SK,WHA,"Chlorinated Alkanes, LC (C18-C20), Total",4.23,ND,1,2026-01-29,Chlorinated Alkane,"Long Chain Chlorinated Alkanes (C18-C20), Total","Long Chain Chlorinated Alkanes (C18-C20), Total",NG/G wet,,,NLET,B_ChlorinatedAlkanes_MC_Biota
66736,Lake Trout,Salvelinus,namaycush,60,2118,F,ADS,1,2022-12-31,2022,Lake Athabasca,Lake Athabasca,59.279265,-106.031857,SK,WHA,"Chlorinated Alkanes, MC (C14-C17), Total",3.65,ND,1,2026-01-29,Chlorinated Alkane,Medium Chain Chlorinated Paraffins (C14-17) Total,Medium Chain Chlorinated Paraffins (C14-17) Total,NG/G wet,,,NLET,B_ChlorinatedAlkanes_MC_Biota
66738,Lake Trout,Salvelinus,namaycush,61,2248.5,M,ADS,1,2022-12-31,2022,Lake Athabasca,Lake Athabasca,59.279265,-106.031857,SK,WHA,13C12-Beta-Hexabromocyclododecane,71,,1,2026-01-29,Chlorinated Alkane,Chlorinated alkane surrogate,13C12-Beta-Hexabromocyclododecane,PCT,,,NLET,B_ChlorinatedAlkanes_MC_Biota
66738,Lake Trout,Salvelinus,namaycush,61,2248.5,M,ADS,1,2022-12-31,2022,Lake Athabasca,Lake Athabasca,59.279265,-106.031857,SK,WHA,"Chlorinated Alkanes, LC (C18-C20), Total",4.27,ND,1,2026-01-29,Chlorinated Alkane,"Long Chain Chlorinated Alkanes (C18-C20), Total","Long Chain Chlorinated Alkanes (C18-C20), Total",NG/G wet,,,NLET,B_ChlorinatedAlkanes_MC_Biota
66738,Lake Trout,Salvelinus,namaycush,61,2248.5,M,ADS,1,2022-12-31,2022,Lake Athabasca,Lake Athabasca,59.279265,-106.031857,SK,WHA,"Chlorinated Alkanes, MC (C14-C17), Total",3.68,ND,1,2026-01-29,Chlorinated Alkane,Medium Chain Chlorinated Paraffins (C14-17) Total,Medium Chain Chlorinated Paraffins (C14-17) Total,NG/G wet,,,NLET,B_ChlorinatedAlkanes_MC_Biota
66739,Lake Trout,Salvelinus,namaycush,67.5,2642.1,F,ADS,1,2022-12-31,2022,Lake Athabasca,Lake Athabasca,59.279265,-106.031857,SK,WHA,13C12-Beta-Hexabromocyclododecane,68.1,,1,2026-01-29,Chlorinated Alkane,Chlorinated alkane surrogate,13C12-Beta-Hexabromocyclododecane,PCT,,,NLET,B_ChlorinatedAlkanes_MC_Biota
66739,Lake Trout,Salvelinus,namaycush,67.5,2642.1,F,ADS,1,2022-12-31,2022,Lake Athabasca,Lake Athabasca,59.279265,-106.031857,SK,WHA,13C12-Beta-Hexabromocyclododecane,69.6,,2,2026-01-29,Chlorinated Alkane,Chlorinated alkane surrogate,13C12-Beta-Hexabromocyclododecane,PCT,,,NLET,B_ChlorinatedAlkanes_MC_Biota
66739,Lake Trout,Salvelinus,namaycush,67.5,2642.1,F,ADS,1,2022-12-31,2022,Lake Athabasca,Lake Athabasca,59.279265,-106.031857,SK,WHA,"Chlorinated Alkanes, LC (C18-C20), Total",3.94,ND,1,2026-01-29,Chlorinated Alkane,"Long Chain Chlorinated Alkanes (C18-C20), Total","Long Chain Chlorinated Alkanes (C18-C20), Total",NG/G wet,,,NLET,B_ChlorinatedAlkanes_MC_Biota
66739,Lake Trout,Salvelinus,namaycush,67.5,2642.1,F,ADS,1,2022-12-31,2022,Lake Athabasca,Lake Athabasca,59.279265,-106.031857,SK,WHA,"Chlorinated Alkanes, LC (C18-C20), Total",4.33,ND,2,2026-01-29,Chlorinated Alkane,"Long Chain Chlorinated Alkanes (C18-C20), Total","Long Chain Chlorinated Alkanes (C18-C20), Total",NG/G wet,,,NLET,B_ChlorinatedAlkanes_MC_Biota
66739,Lake Trout,Salvelinus,namaycush,67.5,2642.1,F,ADS,1,2022-12-31,2022,Lake Athabasca,Lake Athabasca,59.279265,-106.031857,SK,WHA,"Chlorinated Alkanes, MC (C14-C17), Total",3.4,ND,1,2026-01-29,Chlorinated Alkane,Medium Chain Chlorinated Paraffins (C14-17) Total,Medium Chain Chlorinated Paraffins (C14-17) Total,NG/G wet,,,NLET,B_ChlorinatedAlkanes_MC_Biota
66739,Lake Trout,Salvelinus,namaycush,67.5,2642.1,F,ADS,1,2022-12-31,2022,Lake Athabasca,Lake Athabasca,59.279265,-106.031857,SK,WHA,"Chlorinated Alkanes, MC (C14-C17), Total",3.73,ND,2,2026-01-29,Chlorinated Alkane,Medium Chain Chlorinated Paraffins (C14-17) Total,Medium Chain Chlorinated Paraffins (C14-17) Total,NG/G wet,,,NLET,B_ChlorinatedAlkanes_MC_Biota
66744,Lake Trout,Salvelinus,namaycush,58.5,2108,F,ADS,1,2022-12-31,2022,Lake Athabasca,Lake Athabasca,59.279265,-106.031857,SK,WHA,13C12-Beta-Hexabromocyclododecane,63.7,,1,2026-02-04,Chlorinated Alkane,Chlorinated alkane surrogate,13C12-Beta-Hexabromocyclododecane,PCT,,,NLET,B_ChlorinatedAlkanes_MC_Biota
66744,Lake Trout,Salvelinus,namaycush,58.5,2108,F,ADS,1,2022-12-31,2022,Lake Athabasca,Lake Athabasca,59.279265,-106.031857,SK,WHA,"Chlorinated Alkanes, LC (C18-C20), Total",4.26,ND,1,2026-02-04,Chlorinated Alkane,"Long Chain Chlorinated Alkanes (C18-C20), Total","Long Chain Chlorinated Alkanes (C18-C20), Total",NG/G wet,,,NLET,B_ChlorinatedAlkanes_MC_Biota
66744,Lake Trout,Salvelinus,namaycush,58.5,2108,F,ADS,1,2022-12-31,2022,Lake Athabasca,Lake Athabasca,59.279265,-106.031857,SK,WHA,"Chlorinated Alkanes, MC (C14-C17), Total",3.68,ND,1,2026-02-04,Chlorinated Alkane,Medium Chain Chlorinated Paraffins (C14-17) Total,Medium Chain Chlorinated Paraffins (C14-17) Total,NG/G wet,,,NLET,B_ChlorinatedAlkanes_MC_Biota
66746,Lake Trout,Salvelinus,namaycush,62.5,2234.7,M,ADS,1,2022-12-31,2022,Lake Athabasca,Lake Athabasca,59.279265,-106.031857,SK,WHA,13C12-Beta-Hexabromocyclododecane,67.5,,1,2026-02-04,Chlorinated Alkane,Chlorinated alkane surrogate,13C12-Beta-Hexabromocyclododecane,PCT,,,NLET,B_ChlorinatedAlkanes_MC_Biota
66746,Lake Trout,Salvelinus,namaycush,62.5,2234.7,M,ADS,1,2022-12-31,2022,Lake Athabasca,Lake Athabasca,59.279265,-106.031857,SK,WHA,"Chlorinated Alkanes, LC (C18-C20), Total",3.99,ND,1,2026-02-04,Chlorinated Alkane,"Long Chain Chlorinated Alkanes (C18-C20), Total","Long Chain Chlorinated Alkanes (C18-C20), Total",NG/G wet,,,NLET,B_ChlorinatedAlkanes_MC_Biota
66746,Lake Trout,Salvelinus,namaycush,62.5,2234.7,M,ADS,1,2022-12-31,2022,Lake Athabasca,Lake Athabasca,59.279265,-106.031857,SK,WHA,"Chlorinated Alkanes, MC (C14-C17), Total",3.45,ND,1,2026-02-04,Chlorinated Alkane,Medium Chain Chlorinated Paraffins (C14-17) Total,Medium Chain Chlorinated Paraffins (C14-17) Total,NG/G wet,,,NLET,B_ChlorinatedAlkanes_MC_Biota
66929,Lake Trout,Salvelinus,namaycush,37,444.2,M,ADS,1,2023-06-08,2023,Lake Huron,Southern Basin L Huron,43.75,-81.83333,ON,WHA,"13C10-1,5,5,6,6,10-hexachlorodecane",116,,1,2025-09-17,Chlorinated Alkane,"13C10-1,5,5,6,6,10-hexachlorodecane","13C10-1,5,5,6,6,10-hexachlorodecane",PCT,,,NLET,B_ChlorinatedAlkanes_ISO
66929,Lake Trout,Salvelinus,namaycush,37,444.2,M,ADS,1,2023-06-08,2023,Lake Huron,Southern Basin L Huron,43.75,-81.83333,ON,WHA,"Chlorinated Alkanes, SC (C10-C13), Total",50,BDL,1,2025-09-17,Chlorinated Alkane,Short Chain Chlorinated Alkanes (C10-13) Total,Total Short Chain Chlorinated Alkanes (C10-13),NG/G wet,5,,NLET,B_ChlorinatedAlkanes_ISO
66929,Lake Trout,Salvelinus,namaycush,37,444.2,M,ADS,1,2023-06-08,2023,Lake Huron,Southern Basin L Huron,43.75,-81.83333,ON,WHA,13C12-Beta-Hexabromocyclododecane,59.7,,1,2026-02-04,Chlorinated Alkane,Chlorinated alkane surrogate,13C12-Beta-Hexabromocyclododecane,PCT,,,NLET,B_ChlorinatedAlkanes_MC_Biota
66929,Lake Trout,Salvelinus,namaycush,37,444.2,M,ADS,1,2023-06-08,2023,Lake Huron,Southern Basin L Huron,43.75,-81.83333,ON,WHA,"Chlorinated Alkanes, LC (C18-C20), Total",4.11,ND,1,2026-02-04,Chlorinated Alkane,"Long Chain Chlorinated Alkanes (C18-C20), Total","Long Chain Chlorinated Alkanes (C18-C20), Total",NG/G wet,,,NLET,B_ChlorinatedAlkanes_MC_Biota
66929,Lake Trout,Salvelinus,namaycush,37,444.2,M,ADS,1,2023-06-08,2023,Lake Huron,Southern Basin L Huron,43.75,-81.83333,ON,WHA,"Chlorinated Alkanes, MC (C14-C17), Total",3.55,ND,1,2026-02-04,Chlorinated Alkane,Medium Chain Chlorinated Paraffins (C14-17) Total,Medium Chain Chlorinated Paraffins (C14-17) Total,NG/G wet,,,NLET,B_ChlorinatedAlkanes_MC_Biota
66930,Lake Trout,Salvelinus,namaycush,42,653,M,ADS,1,2023-06-08,2023,Lake Huron,Southern Basin L Huron,43.75,-81.83333,ON,WHA,"13C10-1,5,5,6,6,10-hexachlorodecane",127,,1,2025-09-17,Chlorinated Alkane,"13C10-1,5,5,6,6,10-hexachlorodecane","13C10-1,5,5,6,6,10-hexachlorodecane",PCT,,,NLET,B_ChlorinatedAlkanes_ISO
66930,Lake Trout,Salvelinus,namaycush,42,653,M,ADS,1,2023-06-08,2023,Lake Huron,Southern Basin L Huron,43.75,-81.83333,ON,WHA,"Chlorinated Alkanes, SC (C10-C13), Total",50,BDL,1,2025-09-17,Chlorinated Alkane,Short Chain Chlorinated Alkanes (C10-13) Total,Total Short Chain Chlorinated Alkanes (C10-13),NG/G wet,5,,NLET,B_ChlorinatedAlkanes_ISO
66930,Lake Trout,Salvelinus,namaycush,42,653,M,ADS,1,2023-06-08,2023,Lake Huron,Southern Basin L Huron,43.75,-81.83333,ON,WHA,13C12-Beta-Hexabromocyclododecane,63.6,,1,2026-02-04,Chlorinated Alkane,Chlorinated alkane surrogate,13C12-Beta-Hexabromocyclododecane,PCT,,,NLET,B_ChlorinatedAlkanes_MC_Biota
66930,Lake Trout,Salvelinus,namaycush,42,653,M,ADS,1,2023-06-08,2023,Lake Huron,Southern Basin L Huron,43.75,-81.83333,ON,WHA,"Chlorinated Alkanes, LC (C18-C20), Total",4.04,ND,1,2026-02-04,Chlorinated Alkane,"Long Chain Chlorinated Alkanes (C18-C20), Total","Long Chain Chlorinated Alkanes (C18-C20), Total",NG/G wet,,,NLET,B_ChlorinatedAlkanes_MC_Biota
66930,Lake Trout,Salvelinus,namaycush,42,653,M,ADS,1,2023-06-08,2023,Lake Huron,Southern Basin L Huron,43.75,-81.83333,ON,WHA,"Chlorinated Alkanes, MC (C14-C17), Total",3.49,ND,1,2026-02-04,Chlorinated Alkane,Medium Chain Chlorinated Paraffins (C14-17) Total,Medium Chain Chlorinated Paraffins (C14-17) Total,NG/G wet,,,NLET,B_ChlorinatedAlkanes_MC_Biota
66931,Lake Trout,Salvelinus,namaycush,43,721,F,ADS,1,2023-06-08,2023,Lake Huron,Southern Basin L Huron,43.75,-81.83333,ON,WHA,"13C10-1,5,5,6,6,10-hexachlorodecane",138,,1,2025-09-17,Chlorinated Alkane,"13C10-1,5,5,6,6,10-hexachlorodecane","13C10-1,5,5,6,6,10-hexachlorodecane",PCT,,,NLET,B_ChlorinatedAlkanes_ISO
66931,Lake Trout,Salvelinus,namaycush,43,721,F,ADS,1,2023-06-08,2023,Lake Huron,Southern Basin L Huron,43.75,-81.83333,ON,WHA,"Chlorinated Alkanes, SC (C10-C13), Total",50,BDL,1,2025-09-17,Chlorinated Alkane,Short Chain Chlorinated Alkanes (C10-13) Total,Total Short Chain Chlorinated Alkanes (C10-13),NG/G wet,5,,NLET,B_ChlorinatedAlkanes_ISO
66931,Lake Trout,Salvelinus,namaycush,43,721,F,ADS,1,2023-06-08,2023,Lake Huron,Southern Basin L Huron,43.75,-81.83333,ON,WHA,13C12-Beta-Hexabromocyclododecane,71.1,,1,2026-02-04,Chlorinated Alkane,Chlorinated alkane surrogate,13C12-Beta-Hexabromocyclododecane,PCT,,,NLET,B_ChlorinatedAlkanes_MC_Biota
66931,Lake Trout,Salvelinus,namaycush,43,721,F,ADS,1,2023-06-08,2023,Lake Huron,Southern Basin L Huron,43.75,-81.83333,ON,WHA,"Chlorinated Alkanes, LC (C18-C20), Total",4.02,ND,1,2026-02-04,Chlorinated Alkane,"Long Chain Chlorinated Alkanes (C18-C20), Total","Long Chain Chlorinated Alkanes (C18-C20), Total",NG/G wet,,,NLET,B_ChlorinatedAlkanes_MC_Biota
66931,Lake Trout,Salvelinus,namaycush,43,721,F,ADS,1,2023-06-08,2023,Lake Huron,Southern Basin L Huron,43.75,-81.83333,ON,WHA,"Chlorinated Alkanes, MC (C14-C17), Total",3.47,ND,1,2026-02-04,Chlorinated Alkane,Medium Chain Chlorinated Paraffins (C14-17) Total,Medium Chain Chlorinated Paraffins (C14-17) Total,NG/G wet,,,NLET,B_ChlorinatedAlkanes_MC_Biota
66932,Lake Trout,Salvelinus,namaycush,36,428.6,M,ADS,1,2023-06-08,2023,Lake Huron,Southern Basin L Huron,43.75,-81.83333,ON,WHA,"13C10-1,5,5,6,6,10-hexachlorodecane",130,,1,2025-09-17,Chlorinated Alkane,"13C10-1,5,5,6,6,10-hexachlorodecane","13C10-1,5,5,6,6,10-hexachlorodecane",PCT,,,NLET,B_ChlorinatedAlkanes_ISO
66932,Lake Trout,Salvelinus,namaycush,36,428.6,M,ADS,1,2023-06-08,2023,Lake Huron,Southern Basin L Huron,43.75,-81.83333,ON,WHA,"Chlorinated Alkanes, SC (C10-C13), Total",50,BDL,1,2025-09-17,Chlorinated Alkane,Short Chain Chlorinated Alkanes (C10-13) Total,Total Short Chain Chlorinated Alkanes (C10-13),NG/G wet,5,,NLET,B_ChlorinatedAlkanes_ISO
66932,Lake Trout,Salvelinus,namaycush,36,428.6,M,ADS,1,2023-06-08,2023,Lake Huron,Southern Basin L Huron,43.75,-81.83333,ON,WHA,13C12-Beta-Hexabromocyclododecane,63.2,,1,2026-02-04,Chlorinated Alkane,Chlorinated alkane surrogate,13C12-Beta-Hexabromocyclododecane,PCT,,,NLET,B_ChlorinatedAlkanes_MC_Biota
66932,Lake Trout,Salvelinus,namaycush,36,428.6,M,ADS,1,2023-06-08,2023,Lake Huron,Southern Basin L Huron,43.75,-81.83333,ON,WHA,"Chlorinated Alkanes, LC (C18-C20), Total",4.15,ND,1,2026-02-04,Chlorinated Alkane,"Long Chain Chlorinated Alkanes (C18-C20), Total","Long Chain Chlorinated Alkanes (C18-C20), Total",NG/G wet,,,NLET,B_ChlorinatedAlkanes_MC_Biota
66932,Lake Trout,Salvelinus,namaycush,36,428.6,M,ADS,1,2023-06-08,2023,Lake Huron,Southern Basin L Huron,43.75,-81.83333,ON,WHA,"Chlorinated Alkanes, MC (C14-C17), Total",3.58,ND,1,2026-02-04,Chlorinated Alkane,Medium Chain Chlorinated Paraffins (C14-17) Total,Medium Chain Chlorinated Paraffins (C14-17) Total,NG/G wet,,,NLET,B_ChlorinatedAlkanes_MC_Biota
66936,Lake Trout,Salvelinus,namaycush,39,617.1,F,ADS,1,2023-06-08,2023,Lake Huron,Southern Basin L Huron,43.75,-81.83333,ON,WHA,"13C10-1,5,5,6,6,10-hexachlorodecane",137,,1,2025-09-17,Chlorinated Alkane,"13C10-1,5,5,6,6,10-hexachlorodecane","13C10-1,5,5,6,6,10-hexachlorodecane",PCT,,,NLET,B_ChlorinatedAlkanes_ISO
66936,Lake Trout,Salvelinus,namaycush,39,617.1,F,ADS,1,2023-06-08,2023,Lake Huron,Southern Basin L Huron,43.75,-81.83333,ON,WHA,"Chlorinated Alkanes, SC (C10-C13), Total",50,BDL,1,2025-09-17,Chlorinated Alkane,Short Chain Chlorinated Alkanes (C10-13) Total,Total Short Chain Chlorinated Alkanes (C10-13),NG/G wet,5,,NLET,B_ChlorinatedAlkanes_ISO
66936,Lake Trout,Salvelinus,namaycush,39,617.1,F,ADS,1,2023-06-08,2023,Lake Huron,Southern Basin L Huron,43.75,-81.83333,ON,WHA,13C12-Beta-Hexabromocyclododecane,50.5,,1,2026-02-04,Chlorinated Alkane,Chlorinated alkane surrogate,13C12-Beta-Hexabromocyclododecane,PCT,,,NLET,B_ChlorinatedAlkanes_MC_Biota
66936,Lake Trout,Salvelinus,namaycush,39,617.1,F,ADS,1,2023-06-08,2023,Lake Huron,Southern Basin L Huron,43.75,-81.83333,ON,WHA,"Chlorinated Alkanes, LC (C18-C20), Total",4.24,ND,1,2026-02-04,Chlorinated Alkane,"Long Chain Chlorinated Alkanes (C18-C20), Total","Long Chain Chlorinated Alkanes (C18-C20), Total",NG/G wet,,,NLET,B_ChlorinatedAlkanes_MC_Biota
66936,Lake Trout,Salvelinus,namaycush,39,617.1,F,ADS,1,2023-06-08,2023,Lake Huron,Southern Basin L Huron,43.75,-81.83333,ON,WHA,"Chlorinated Alkanes, MC (C14-C17), Total",3.66,ND,1,2026-02-04,Chlorinated Alkane,Medium Chain Chlorinated Paraffins (C14-17) Total,Medium Chain Chlorinated Paraffins (C14-17) Total,NG/G wet,,,NLET,B_ChlorinatedAlkanes_MC_Biota
67050,Lake Trout,Salvelinus,namaycush,55,2099.7,F,ADS,1,2023-08-09,2023,Lake Superior,Whitefish Bay L Superior,46.58333,-84.75,ON,WHA,13C12-Beta-Hexabromocyclododecane,68.9,,1,2026-02-20,Chlorinated Alkane,Chlorinated alkane surrogate,13C12-Beta-Hexabromocyclododecane,PCT,,,NLET,B_ChlorinatedAlkanes_MC_Biota
67050,Lake Trout,Salvelinus,namaycush,55,2099.7,F,ADS,1,2023-08-09,2023,Lake Superior,Whitefish Bay L Superior,46.58333,-84.75,ON,WHA,"Chlorinated Alkanes, LC (C18-C20), Total",4.36,ND,1,2026-02-20,Chlorinated Alkane,"Long Chain Chlorinated Alkanes (C18-C20), Total","Long Chain Chlorinated Alkanes (C18-C20), Total",NG/G wet,,,NLET,B_ChlorinatedAlkanes_MC_Biota
67050,Lake Trout,Salvelinus,namaycush,55,2099.7,F,ADS,1,2023-08-09,2023,Lake Superior,Whitefish Bay L Superior,46.58333,-84.75,ON,WHA,"Chlorinated Alkanes, MC (C14-C17), Total",3.76,ND,1,2026-02-20,Chlorinated Alkane,Medium Chain Chlorinated Paraffins (C14-17) Total,Medium Chain Chlorinated Paraffins (C14-17) Total,NG/G wet,,,NLET,B_ChlorinatedAlkanes_MC_Biota
67055,Lake Trout,Salvelinus,namaycush,53,1709.5,M,ADS,1,2023-08-09,2023,Lake Superior,Whitefish Bay L Superior,46.58333,-84.75,ON,WHA,13C12-Beta-Hexabromocyclododecane,73.9,,1,2026-02-20,Chlorinated Alkane,Chlorinated alkane surrogate,13C12-Beta-Hexabromocyclododecane,PCT,,,NLET,B_ChlorinatedAlkanes_MC_Biota
67055,Lake Trout,Salvelinus,namaycush,53,1709.5,M,ADS,1,2023-08-09,2023,Lake Superior,Whitefish Bay L Superior,46.58333,-84.75,ON,WHA,"Chlorinated Alkanes, LC (C18-C20), Total",4.17,ND,1,2026-02-20,Chlorinated Alkane,"Long Chain Chlorinated Alkanes (C18-C20), Total","Long Chain Chlorinated Alkanes (C18-C20), Total",NG/G wet,,,NLET,B_ChlorinatedAlkanes_MC_Biota
67055,Lake Trout,Salvelinus,namaycush,53,1709.5,M,ADS,1,2023-08-09,2023,Lake Superior,Whitefish Bay L Superior,46.58333,-84.75,ON,WHA,"Chlorinated Alkanes, MC (C14-C17), Total",3.6,ND,1,2026-02-20,Chlorinated Alkane,Medium Chain Chlorinated Paraffins (C14-17) Total,Medium Chain Chlorinated Paraffins (C14-17) Total,NG/G wet,,,NLET,B_ChlorinatedAlkanes_MC_Biota
67056,Lake Trout,Salvelinus,namaycush,52.8,1495.3,M,ADS,1,2023-08-09,2023,Lake Superior,Whitefish Bay L Superior,46.58333,-84.75,ON,WHA,13C12-Beta-Hexabromocyclododecane,64.8,,1,2026-02-20,Chlorinated Alkane,Chlorinated alkane surrogate,13C12-Beta-Hexabromocyclododecane,PCT,,,NLET,B_ChlorinatedAlkanes_MC_Biota
67056,Lake Trout,Salvelinus,namaycush,52.8,1495.3,M,ADS,1,2023-08-09,2023,Lake Superior,Whitefish Bay L Superior,46.58333,-84.75,ON,WHA,"Chlorinated Alkanes, LC (C18-C20), Total",4.29,ND,1,2026-02-20,Chlorinated Alkane,"Long Chain Chlorinated Alkanes (C18-C20), Total","Long Chain Chlorinated Alkanes (C18-C20), Total",NG/G wet,,,NLET,B_ChlorinatedAlkanes_MC_Biota
67056,Lake Trout,Salvelinus,namaycush,52.8,1495.3,M,ADS,1,2023-08-09,2023,Lake Superior,Whitefish Bay L Superior,46.58333,-84.75,ON,WHA,"Chlorinated Alkanes, MC (C14-C17), Total",3.7,ND,1,2026-02-20,Chlorinated Alkane,Medium Chain Chlorinated Paraffins (C14-17) Total,Medium Chain Chlorinated Paraffins (C14-17) Total,NG/G wet,,,NLET,B_ChlorinatedAlkanes_MC_Biota
67058,Lake Trout,Salvelinus,namaycush,55,2134.4,M,ADS,1,2023-08-09,2023,Lake Superior,Whitefish Bay L Superior,46.58333,-84.75,ON,WHA,13C12-Beta-Hexabromocyclododecane,42.8,COM,1,2026-02-20,Chlorinated Alkane,Chlorinated alkane surrogate,13C12-Beta-Hexabromocyclododecane,PCT,,,NLET,B_ChlorinatedAlkanes_MC_Biota
67058,Lake Trout,Salvelinus,namaycush,55,2134.4,M,ADS,1,2023-08-09,2023,Lake Superior,Whitefish Bay L Superior,46.58333,-84.75,ON,WHA,"Chlorinated Alkanes, LC (C18-C20), Total",4.12,ND,1,2026-02-20,Chlorinated Alkane,"Long Chain Chlorinated Alkanes (C18-C20), Total","Long Chain Chlorinated Alkanes (C18-C20), Total",NG/G wet,,,NLET,B_ChlorinatedAlkanes_MC_Biota
67058,Lake Trout,Salvelinus,namaycush,55,2134.4,M,ADS,1,2023-08-09,2023,Lake Superior,Whitefish Bay L Superior,46.58333,-84.75,ON,WHA,"Chlorinated Alkanes, MC (C14-C17), Total",3.56,ND,1,2026-02-20,Chlorinated Alkane,Medium Chain Chlorinated Paraffins (C14-17) Total,Medium Chain Chlorinated Paraffins (C14-17) Total,NG/G wet,,,NLET,B_ChlorinatedAlkanes_MC_Biota
67065,Lake Trout,Salvelinus,namaycush,52,2014.7,F,ADS,1,2023-08-09,2023,Lake Superior,Whitefish Bay L Superior,46.58333,-84.75,ON,WHA,13C12-Beta-Hexabromocyclododecane,80.6,,1,2026-02-20,Chlorinated Alkane,Chlorinated alkane surrogate,13C12-Beta-Hexabromocyclododecane,PCT,,,NLET,B_ChlorinatedAlkanes_MC_Biota
67065,Lake Trout,Salvelinus,namaycush,52,2014.7,F,ADS,1,2023-08-09,2023,Lake Superior,Whitefish Bay L Superior,46.58333,-84.75,ON,WHA,"Chlorinated Alkanes, LC (C18-C20), Total",4.05,ND,1,2026-02-20,Chlorinated Alkane,"Long Chain Chlorinated Alkanes (C18-C20), Total","Long Chain Chlorinated Alkanes (C18-C20), Total",NG/G wet,,,NLET,B_ChlorinatedAlkanes_MC_Biota
67065,Lake Trout,Salvelinus,namaycush,52,2014.7,F,ADS,1,2023-08-09,2023,Lake Superior,Whitefish Bay L Superior,46.58333,-84.75,ON,WHA,"Chlorinated Alkanes, MC (C14-C17), Total",3.5,ND,1,2026-02-20,Chlorinated Alkane,Medium Chain Chlorinated Paraffins (C14-17) Total,Medium Chain Chlorinated Paraffins (C14-17) Total,NG/G wet,,,NLET,B_ChlorinatedAlkanes_MC_Biota
67108,Lake Trout,Salvelinus,namaycush,49,1098,M,ADS,1,2023-07-08,2023,Kusawa Lake,Kusawa Lake,60.416492,-136.209119,YT,WHA,13C12-Beta-Hexabromocyclododecane,74.1,,1,2026-02-20,Chlorinated Alkane,Chlorinated alkane surrogate,13C12-Beta-Hexabromocyclododecane,PCT,,,NLET,B_ChlorinatedAlkanes_MC_Biota
67108,Lake Trout,Salvelinus,namaycush,49,1098,M,ADS,1,2023-07-08,2023,Kusawa Lake,Kusawa Lake,60.416492,-136.209119,YT,WHA,"Chlorinated Alkanes, LC (C18-C20), Total",4.5,ND,1,2026-02-20,Chlorinated Alkane,"Long Chain Chlorinated Alkanes (C18-C20), Total","Long Chain Chlorinated Alkanes (C18-C20), Total",NG/G wet,,,NLET,B_ChlorinatedAlkanes_MC_Biota
67108,Lake Trout,Salvelinus,namaycush,49,1098,M,ADS,1,2023-07-08,2023,Kusawa Lake,Kusawa Lake,60.416492,-136.209119,YT,WHA,"Chlorinated Alkanes, MC (C14-C17), Total",3.88,ND,1,2026-02-20,Chlorinated Alkane,Medium Chain Chlorinated Paraffins (C14-17) Total,Medium Chain Chlorinated Paraffins (C14-17) Total,NG/G wet,,,NLET,B_ChlorinatedAlkanes_MC_Biota
67111,Lake Trout,Salvelinus,namaycush,56,1626.1,F,ADS,1,2023-07-08,2023,Kusawa Lake,Kusawa Lake,60.416492,-136.209119,YT,WHA,13C12-Beta-Hexabromocyclododecane,57,,1,2026-02-20,Chlorinated Alkane,Chlorinated alkane surrogate,13C12-Beta-Hexabromocyclododecane,PCT,,,NLET,B_ChlorinatedAlkanes_MC_Biota
67111,Lake Trout,Salvelinus,namaycush,56,1626.1,F,ADS,1,2023-07-08,2023,Kusawa Lake,Kusawa Lake,60.416492,-136.209119,YT,WHA,"Chlorinated Alkanes, LC (C18-C20), Total",4.19,ND,1,2026-02-20,Chlorinated Alkane,"Long Chain Chlorinated Alkanes (C18-C20), Total","Long Chain Chlorinated Alkanes (C18-C20), Total",NG/G wet,,,NLET,B_ChlorinatedAlkanes_MC_Biota
67111,Lake Trout,Salvelinus,namaycush,56,1626.1,F,ADS,1,2023-07-08,2023,Kusawa Lake,Kusawa Lake,60.416492,-136.209119,YT,WHA,"Chlorinated Alkanes, MC (C14-C17), Total",3.62,ND,1,2026-02-20,Chlorinated Alkane,Medium Chain Chlorinated Paraffins (C14-17) Total,Medium Chain Chlorinated Paraffins (C14-17) Total,NG/G wet,,,NLET,B_ChlorinatedAlkanes_MC_Biota
67113,Lake Trout,Salvelinus,namaycush,52,1300,F,ADS,1,2023-07-08,2023,Kusawa Lake,Kusawa Lake,60.416492,-136.209119,YT,WHA,13C12-Beta-Hexabromocyclododecane,63.3,,1,2026-02-20,Chlorinated Alkane,Chlorinated alkane surrogate,13C12-Beta-Hexabromocyclododecane,PCT,,,NLET,B_ChlorinatedAlkanes_MC_Biota
67113,Lake Trout,Salvelinus,namaycush,52,1300,F,ADS,1,2023-07-08,2023,Kusawa Lake,Kusawa Lake,60.416492,-136.209119,YT,WHA,"Chlorinated Alkanes, LC (C18-C20), Total",4.01,ND,1,2026-02-20,Chlorinated Alkane,"Long Chain Chlorinated Alkanes (C18-C20), Total","Long Chain Chlorinated Alkanes (C18-C20), Total",NG/G wet,,,NLET,B_ChlorinatedAlkanes_MC_Biota
67113,Lake Trout,Salvelinus,namaycush,52,1300,F,ADS,1,2023-07-08,2023,Kusawa Lake,Kusawa Lake,60.416492,-136.209119,YT,WHA,"Chlorinated Alkanes, MC (C14-C17), Total",3.46,ND,1,2026-02-20,Chlorinated Alkane,Medium Chain Chlorinated Paraffins (C14-17) Total,Medium Chain Chlorinated Paraffins (C14-17) Total,NG/G wet,,,NLET,B_ChlorinatedAlkanes_MC_Biota
67114,Lake Trout,Salvelinus,namaycush,40,538,F,ADS,1,2023-07-08,2023,Kusawa Lake,Kusawa Lake,60.416492,-136.209119,YT,WHA,13C12-Beta-Hexabromocyclododecane,52.9,,1,2026-02-20,Chlorinated Alkane,Chlorinated alkane surrogate,13C12-Beta-Hexabromocyclododecane,PCT,,,NLET,B_ChlorinatedAlkanes_MC_Biota
67114,Lake Trout,Salvelinus,namaycush,40,538,F,ADS,1,2023-07-08,2023,Kusawa Lake,Kusawa Lake,60.416492,-136.209119,YT,WHA,"Chlorinated Alkanes, LC (C18-C20), Total",4.39,ND,1,2026-02-20,Chlorinated Alkane,"Long Chain Chlorinated Alkanes (C18-C20), Total","Long Chain Chlorinated Alkanes (C18-C20), Total",NG/G wet,,,NLET,B_ChlorinatedAlkanes_MC_Biota
67114,Lake Trout,Salvelinus,namaycush,40,538,F,ADS,1,2023-07-08,2023,Kusawa Lake,Kusawa Lake,60.416492,-136.209119,YT,WHA,"Chlorinated Alkanes, MC (C14-C17), Total",3.78,ND,1,2026-02-20,Chlorinated Alkane,Medium Chain Chlorinated Paraffins (C14-17) Total,Medium Chain Chlorinated Paraffins (C14-17) Total,NG/G wet,,,NLET,B_ChlorinatedAlkanes_MC_Biota
67120,Lake Trout,Salvelinus,namaycush,47,893.5,M,ADS,1,2023-07-08,2023,Kusawa Lake,Kusawa Lake,60.416492,-136.209119,YT,WHA,13C12-Beta-Hexabromocyclododecane,65.8,,1,2026-02-20,Chlorinated Alkane,Chlorinated alkane surrogate,13C12-Beta-Hexabromocyclododecane,PCT,,,NLET,B_ChlorinatedAlkanes_MC_Biota
67120,Lake Trout,Salvelinus,namaycush,47,893.5,M,ADS,1,2023-07-08,2023,Kusawa Lake,Kusawa Lake,60.416492,-136.209119,YT,WHA,13C12-Beta-Hexabromocyclododecane,72,,2,2026-02-20,Chlorinated Alkane,Chlorinated alkane surrogate,13C12-Beta-Hexabromocyclododecane,PCT,,,NLET,B_ChlorinatedAlkanes_MC_Biota
67120,Lake Trout,Salvelinus,namaycush,47,893.5,M,ADS,1,2023-07-08,2023,Kusawa Lake,Kusawa Lake,60.416492,-136.209119,YT,WHA,"Chlorinated Alkanes, LC (C18-C20), Total",3.9,ND,1,2026-02-20,Chlorinated Alkane,"Long Chain Chlorinated Alkanes (C18-C20), Total","Long Chain Chlorinated Alkanes (C18-C20), Total",NG/G wet,,,NLET,B_ChlorinatedAlkanes_MC_Biota
67120,Lake Trout,Salvelinus,namaycush,47,893.5,M,ADS,1,2023-07-08,2023,Kusawa Lake,Kusawa Lake,60.416492,-136.209119,YT,WHA,"Chlorinated Alkanes, LC (C18-C20), Total",4.17,ND,2,2026-02-20,Chlorinated Alkane,"Long Chain Chlorinated Alkanes (C18-C20), Total","Long Chain Chlorinated Alkanes (C18-C20), Total",NG/G wet,,,NLET,B_ChlorinatedAlkanes_MC_Biota
67120,Lake Trout,Salvelinus,namaycush,47,893.5,M,ADS,1,2023-07-08,2023,Kusawa Lake,Kusawa Lake,60.416492,-136.209119,YT,WHA,"Chlorinated Alkanes, MC (C14-C17), Total",3.36,ND,1,2026-02-20,Chlorinated Alkane,Medium Chain Chlorinated Paraffins (C14-17) Total,Medium Chain Chlorinated Paraffins (C14-17) Total,NG/G wet,,,NLET,B_ChlorinatedAlkanes_MC_Biota
67120,Lake Trout,Salvelinus,namaycush,47,893.5,M,ADS,1,2023-07-08,2023,Kusawa Lake,Kusawa Lake,60.416492,-136.209119,YT,WHA,"Chlorinated Alkanes, MC (C14-C17), Total",3.6,ND,2,2026-02-20,Chlorinated Alkane,Medium Chain Chlorinated Paraffins (C14-17) Total,Medium Chain Chlorinated Paraffins (C14-17) Total,NG/G wet,,,NLET,B_ChlorinatedAlkanes_MC_Biota
67137,Lake Trout,Salvelinus,namaycush,57.5,2145,F,ADS,1,2023-09-13,2023,Lake Ontario,Western Basin L Ontario,43.5,-79.58333,ON,WHA,13C12-Beta-Hexabromocyclododecane,74.3,,1,2026-02-20,Chlorinated Alkane,Chlorinated alkane surrogate,13C12-Beta-Hexabromocyclododecane,PCT,,,NLET,B_ChlorinatedAlkanes_MC_Biota
67137,Lake Trout,Salvelinus,namaycush,57.5,2145,F,ADS,1,2023-09-13,2023,Lake Ontario,Western Basin L Ontario,43.5,-79.58333,ON,WHA,"Chlorinated Alkanes, LC (C18-C20), Total",4,ND,1,2026-02-20,Chlorinated Alkane,"Long Chain Chlorinated Alkanes (C18-C20), Total","Long Chain Chlorinated Alkanes (C18-C20), Total",NG/G wet,,,NLET,B_ChlorinatedAlkanes_MC_Biota
67137,Lake Trout,Salvelinus,namaycush,57.5,2145,F,ADS,1,2023-09-13,2023,Lake Ontario,Western Basin L Ontario,43.5,-79.58333,ON,WHA,"Chlorinated Alkanes, MC (C14-C17), Total",5.42,,1,2026-02-20,Chlorinated Alkane,Medium Chain Chlorinated Paraffins (C14-17) Total,Medium Chain Chlorinated Paraffins (C14-17) Total,NG/G wet,,,NLET,B_ChlorinatedAlkanes_MC_Biota
67149,Lake Trout,Salvelinus,namaycush,46,1099.9,M,ADS,1,2023-09-13,2023,Lake Ontario,Western Basin L Ontario,43.5,-79.58333,ON,WHA,13C12-Beta-Hexabromocyclododecane,59.7,,1,2026-02-20,Chlorinated Alkane,Chlorinated alkane surrogate,13C12-Beta-Hexabromocyclododecane,PCT,,,NLET,B_ChlorinatedAlkanes_MC_Biota
67149,Lake Trout,Salvelinus,namaycush,46,1099.9,M,ADS,1,2023-09-13,2023,Lake Ontario,Western Basin L Ontario,43.5,-79.58333,ON,WHA,"Chlorinated Alkanes, LC (C18-C20), Total",4.3,ND,1,2026-02-20,Chlorinated Alkane,"Long Chain Chlorinated Alkanes (C18-C20), Total","Long Chain Chlorinated Alkanes (C18-C20), Total",NG/G wet,,,NLET,B_ChlorinatedAlkanes_MC_Biota
67149,Lake Trout,Salvelinus,namaycush,46,1099.9,M,ADS,1,2023-09-13,2023,Lake Ontario,Western Basin L Ontario,43.5,-79.58333,ON,WHA,"Chlorinated Alkanes, MC (C14-C17), Total",4.97,,1,2026-02-20,Chlorinated Alkane,Medium Chain Chlorinated Paraffins (C14-17) Total,Medium Chain Chlorinated Paraffins (C14-17) Total,NG/G wet,,,NLET,B_ChlorinatedAlkanes_MC_Biota
67155,Lake Trout,Salvelinus,namaycush,56,2178,M,ADS,1,2023-09-13,2023,Lake Ontario,Western Basin L Ontario,43.5,-79.58333,ON,WHA,13C12-Beta-Hexabromocyclododecane,64.4,,1,2026-02-20,Chlorinated Alkane,Chlorinated alkane surrogate,13C12-Beta-Hexabromocyclododecane,PCT,,,NLET,B_ChlorinatedAlkanes_MC_Biota
67155,Lake Trout,Salvelinus,namaycush,56,2178,M,ADS,1,2023-09-13,2023,Lake Ontario,Western Basin L Ontario,43.5,-79.58333,ON,WHA,"Chlorinated Alkanes, LC (C18-C20), Total",4.02,ND,1,2026-02-20,Chlorinated Alkane,"Long Chain Chlorinated Alkanes (C18-C20), Total","Long Chain Chlorinated Alkanes (C18-C20), Total",NG/G wet,,,NLET,B_ChlorinatedAlkanes_MC_Biota
67155,Lake Trout,Salvelinus,namaycush,56,2178,M,ADS,1,2023-09-13,2023,Lake Ontario,Western Basin L Ontario,43.5,-79.58333,ON,WHA,"Chlorinated Alkanes, MC (C14-C17), Total",3.47,ND,1,2026-02-20,Chlorinated Alkane,Medium Chain Chlorinated Paraffins (C14-17) Total,Medium Chain Chlorinated Paraffins (C14-17) Total,NG/G wet,,,NLET,B_ChlorinatedAlkanes_MC_Biota
67171,Lake Trout,Salvelinus,namaycush,53.5,1696,M,N/A,1,2023-09-13,2023,Lake Ontario,Western Basin L Ontario,43.5,-79.58333,ON,WHA,13C12-Beta-Hexabromocyclododecane,67.1,,1,2026-02-20,Chlorinated Alkane,Chlorinated alkane surrogate,13C12-Beta-Hexabromocyclododecane,PCT,,,NLET,B_ChlorinatedAlkanes_MC_Biota
67171,Lake Trout,Salvelinus,namaycush,53.5,1696,M,N/A,1,2023-09-13,2023,Lake Ontario,Western Basin L Ontario,43.5,-79.58333,ON,WHA,"Chlorinated Alkanes, LC (C18-C20), Total",3.96,ND,1,2026-02-20,Chlorinated Alkane,"Long Chain Chlorinated Alkanes (C18-C20), Total","Long Chain Chlorinated Alkanes (C18-C20), Total",NG/G wet,,,NLET,B_ChlorinatedAlkanes_MC_Biota
67171,Lake Trout,Salvelinus,namaycush,53.5,1696,M,N/A,1,2023-09-13,2023,Lake Ontario,Western Basin L Ontario,43.5,-79.58333,ON,WHA,"Chlorinated Alkanes, MC (C14-C17), Total",3.42,ND,1,2026-02-20,Chlorinated Alkane,Medium Chain Chlorinated Paraffins (C14-17) Total,Medium Chain Chlorinated Paraffins (C14-17) Total,NG/G wet,,,NLET,B_ChlorinatedAlkanes_MC_Biota
67173,Lake Trout,Salvelinus,namaycush,48.5,1345.1,M,ADS,1,2023-09-13,2023,Lake Ontario,Western Basin L Ontario,43.5,-79.58333,ON,WHA,13C12-Beta-Hexabromocyclododecane,64.9,,1,2026-02-20,Chlorinated Alkane,Chlorinated alkane surrogate,13C12-Beta-Hexabromocyclododecane,PCT,,,NLET,B_ChlorinatedAlkanes_MC_Biota
67173,Lake Trout,Salvelinus,namaycush,48.5,1345.1,M,ADS,1,2023-09-13,2023,Lake Ontario,Western Basin L Ontario,43.5,-79.58333,ON,WHA,"Chlorinated Alkanes, LC (C18-C20), Total",4.28,ND,1,2026-02-20,Chlorinated Alkane,"Long Chain Chlorinated Alkanes (C18-C20), Total","Long Chain Chlorinated Alkanes (C18-C20), Total",NG/G wet,,,NLET,B_ChlorinatedAlkanes_MC_Biota
67173,Lake Trout,Salvelinus,namaycush,48.5,1345.1,M,ADS,1,2023-09-13,2023,Lake Ontario,Western Basin L Ontario,43.5,-79.58333,ON,WHA,"Chlorinated Alkanes, MC (C14-C17), Total",3.7,ND,1,2026-02-20,Chlorinated Alkane,Medium Chain Chlorinated Paraffins (C14-17) Total,Medium Chain Chlorinated Paraffins (C14-17) Total,NG/G wet,,,NLET,B_ChlorinatedAlkanes_MC_Biota
67475,Lake Trout,Salvelinus,namaycush,78,6465.2,M,ADS,,2024-05-01,2024,Lake Erie,Eastern Basin L Erie,42.54222,-79.38167,ON,WHA,13C12-Beta-Hexabromocyclododecane,65.1,,1,2026-02-04,Chlorinated Alkane,Chlorinated alkane surrogate,13C12-Beta-Hexabromocyclododecane,PCT,,,NLET,B_ChlorinatedAlkanes_MC_Biota
67475,Lake Trout,Salvelinus,namaycush,78,6465.2,M,ADS,,2024-05-01,2024,Lake Erie,Eastern Basin L Erie,42.54222,-79.38167,ON,WHA,"Chlorinated Alkanes, LC (C18-C20), Total",4.14,ND,1,2026-02-04,Chlorinated Alkane,"Long Chain Chlorinated Alkanes (C18-C20), Total","Long Chain Chlorinated Alkanes (C18-C20), Total",NG/G wet,,,NLET,B_ChlorinatedAlkanes_MC_Biota
67475,Lake Trout,Salvelinus,namaycush,78,6465.2,M,ADS,,2024-05-01,2024,Lake Erie,Eastern Basin L Erie,42.54222,-79.38167,ON,WHA,"Chlorinated Alkanes, MC (C14-C17), Total",3.57,ND,1,2026-02-04,Chlorinated Alkane,Medium Chain Chlorinated Paraffins (C14-17) Total,Medium Chain Chlorinated Paraffins (C14-17) Total,NG/G wet,,,NLET,B_ChlorinatedAlkanes_MC_Biota
67476,Lake Trout,Salvelinus,namaycush,72,5661,F,ADS,,2024-05-01,2024,Lake Erie,Eastern Basin L Erie,42.54222,-79.38167,ON,WHA,"13C10-1,5,5,6,6,10-hexachlorodecane",129,,1,2025-09-17,Chlorinated Alkane,"13C10-1,5,5,6,6,10-hexachlorodecane","13C10-1,5,5,6,6,10-hexachlorodecane",PCT,,,NLET,B_ChlorinatedAlkanes_ISO
67476,Lake Trout,Salvelinus,namaycush,72,5661,F,ADS,,2024-05-01,2024,Lake Erie,Eastern Basin L Erie,42.54222,-79.38167,ON,WHA,"Chlorinated Alkanes, SC (C10-C13), Total",50,BDL,1,2025-09-17,Chlorinated Alkane,Short Chain Chlorinated Alkanes (C10-13) Total,Total Short Chain Chlorinated Alkanes (C10-13),NG/G wet,5,,NLET,B_ChlorinatedAlkanes_ISO
67478,Lake Trout,Salvelinus,namaycush,79,7094,M,ADS,,2024-05-01,2024,Lake Erie,Eastern Basin L Erie,42.54222,-79.38167,ON,WHA,13C12-Beta-Hexabromocyclododecane,67.8,,1,2026-02-04,Chlorinated Alkane,Chlorinated alkane surrogate,13C12-Beta-Hexabromocyclododecane,PCT,,,NLET,B_ChlorinatedAlkanes_MC_Biota
67478,Lake Trout,Salvelinus,namaycush,79,7094,M,ADS,,2024-05-01,2024,Lake Erie,Eastern Basin L Erie,42.54222,-79.38167,ON,WHA,"Chlorinated Alkanes, LC (C18-C20), Total",4.05,ND,1,2026-02-04,Chlorinated Alkane,"Long Chain Chlorinated Alkanes (C18-C20), Total","Long Chain Chlorinated Alkanes (C18-C20), Total",NG/G wet,,,NLET,B_ChlorinatedAlkanes_MC_Biota
67478,Lake Trout,Salvelinus,namaycush,79,7094,M,ADS,,2024-05-01,2024,Lake Erie,Eastern Basin L Erie,42.54222,-79.38167,ON,WHA,"Chlorinated Alkanes, MC (C14-C17), Total",3.5,ND,1,2026-02-04,Chlorinated Alkane,Medium Chain Chlorinated Paraffins (C14-17) Total,Medium Chain Chlorinated Paraffins (C14-17) Total,NG/G wet,,,NLET,B_ChlorinatedAlkanes_MC_Biota
67481,Lake Trout,Salvelinus,namaycush,74.5,6504.1,F,ADS,,2024-05-01,2024,Lake Erie,Eastern Basin L Erie,42.54222,-79.38167,ON,WHA,"13C10-1,5,5,6,6,10-hexachlorodecane",134,,1,2025-09-17,Chlorinated Alkane,"13C10-1,5,5,6,6,10-hexachlorodecane","13C10-1,5,5,6,6,10-hexachlorodecane",PCT,,,NLET,B_ChlorinatedAlkanes_ISO
67481,Lake Trout,Salvelinus,namaycush,74.5,6504.1,F,ADS,,2024-05-01,2024,Lake Erie,Eastern Basin L Erie,42.54222,-79.38167,ON,WHA,"Chlorinated Alkanes, SC (C10-C13), Total",50,BDL,1,2025-09-17,Chlorinated Alkane,Short Chain Chlorinated Alkanes (C10-13) Total,Total Short Chain Chlorinated Alkanes (C10-13),NG/G wet,5,,NLET,B_ChlorinatedAlkanes_ISO
67481,Lake Trout,Salvelinus,namaycush,74.5,6504.1,F,ADS,,2024-05-01,2024,Lake Erie,Eastern Basin L Erie,42.54222,-79.38167,ON,WHA,13C12-Beta-Hexabromocyclododecane,59.1,,1,2026-02-04,Chlorinated Alkane,Chlorinated alkane surrogate,13C12-Beta-Hexabromocyclododecane,PCT,,,NLET,B_ChlorinatedAlkanes_MC_Biota
67481,Lake Trout,Salvelinus,namaycush,74.5,6504.1,F,ADS,,2024-05-01,2024,Lake Erie,Eastern Basin L Erie,42.54222,-79.38167,ON,WHA,"Chlorinated Alkanes, LC (C18-C20), Total",4.28,ND,1,2026-02-04,Chlorinated Alkane,"Long Chain Chlorinated Alkanes (C18-C20), Total","Long Chain Chlorinated Alkanes (C18-C20), Total",NG/G wet,,,NLET,B_ChlorinatedAlkanes_MC_Biota
67481,Lake Trout,Salvelinus,namaycush,74.5,6504.1,F,ADS,,2024-05-01,2024,Lake Erie,Eastern Basin L Erie,42.54222,-79.38167,ON,WHA,"Chlorinated Alkanes, MC (C14-C17), Total",3.7,ND,1,2026-02-04,Chlorinated Alkane,Medium Chain Chlorinated Paraffins (C14-17) Total,Medium Chain Chlorinated Paraffins (C14-17) Total,NG/G wet,,,NLET,B_ChlorinatedAlkanes_MC_Biota
67484,Lake Trout,Salvelinus,namaycush,76.7,6523.3,F,ADS,,2024-05-01,2024,Lake Erie,Eastern Basin L Erie,42.54222,-79.38167,ON,WHA,"13C10-1,5,5,6,6,10-hexachlorodecane",137,,1,2025-09-17,Chlorinated Alkane,"13C10-1,5,5,6,6,10-hexachlorodecane","13C10-1,5,5,6,6,10-hexachlorodecane",PCT,,,NLET,B_ChlorinatedAlkanes_ISO
67484,Lake Trout,Salvelinus,namaycush,76.7,6523.3,F,ADS,,2024-05-01,2024,Lake Erie,Eastern Basin L Erie,42.54222,-79.38167,ON,WHA,"Chlorinated Alkanes, SC (C10-C13), Total",50,BDL,1,2025-09-17,Chlorinated Alkane,Short Chain Chlorinated Alkanes (C10-13) Total,Total Short Chain Chlorinated Alkanes (C10-13),NG/G wet,5,,NLET,B_ChlorinatedAlkanes_ISO
67484,Lake Trout,Salvelinus,namaycush,76.7,6523.3,F,ADS,,2024-05-01,2024,Lake Erie,Eastern Basin L Erie,42.54222,-79.38167,ON,WHA,13C12-Beta-Hexabromocyclododecane,64.7,,1,2026-02-04,Chlorinated Alkane,Chlorinated alkane surrogate,13C12-Beta-Hexabromocyclododecane,PCT,,,NLET,B_ChlorinatedAlkanes_MC_Biota
67484,Lake Trout,Salvelinus,namaycush,76.7,6523.3,F,ADS,,2024-05-01,2024,Lake Erie,Eastern Basin L Erie,42.54222,-79.38167,ON,WHA,"Chlorinated Alkanes, LC (C18-C20), Total",4.01,ND,1,2026-02-04,Chlorinated Alkane,"Long Chain Chlorinated Alkanes (C18-C20), Total","Long Chain Chlorinated Alkanes (C18-C20), Total",NG/G wet,,,NLET,B_ChlorinatedAlkanes_MC_Biota
67484,Lake Trout,Salvelinus,namaycush,76.7,6523.3,F,ADS,,2024-05-01,2024,Lake Erie,Eastern Basin L Erie,42.54222,-79.38167,ON,WHA,"Chlorinated Alkanes, MC (C14-C17), Total",3.46,ND,1,2026-02-04,Chlorinated Alkane,Medium Chain Chlorinated Paraffins (C14-17) Total,Medium Chain Chlorinated Paraffins (C14-17) Total,NG/G wet,,,NLET,B_ChlorinatedAlkanes_MC_Biota
67487,Lake Trout,Salvelinus,namaycush,82,7060,F,ADS,,2024-05-01,2024,Lake Erie,Eastern Basin L Erie,42.54222,-79.38167,ON,WHA,"13C10-1,5,5,6,6,10-hexachlorodecane",117,,1,2025-09-17,Chlorinated Alkane,"13C10-1,5,5,6,6,10-hexachlorodecane","13C10-1,5,5,6,6,10-hexachlorodecane",PCT,,,NLET,B_ChlorinatedAlkanes_ISO
67487,Lake Trout,Salvelinus,namaycush,82,7060,F,ADS,,2024-05-01,2024,Lake Erie,Eastern Basin L Erie,42.54222,-79.38167,ON,WHA,"Chlorinated Alkanes, SC (C10-C13), Total",50,BDL,1,2025-09-17,Chlorinated Alkane,Short Chain Chlorinated Alkanes (C10-13) Total,Total Short Chain Chlorinated Alkanes (C10-13),NG/G wet,5,,NLET,B_ChlorinatedAlkanes_ISO
67487,Lake Trout,Salvelinus,namaycush,82,7060,F,ADS,,2024-05-01,2024,Lake Erie,Eastern Basin L Erie,42.54222,-79.38167,ON,WHA,13C12-Beta-Hexabromocyclododecane,71,,1,2026-02-04,Chlorinated Alkane,Chlorinated alkane surrogate,13C12-Beta-Hexabromocyclododecane,PCT,,,NLET,B_ChlorinatedAlkanes_MC_Biota
67487,Lake Trout,Salvelinus,namaycush,82,7060,F,ADS,,2024-05-01,2024,Lake Erie,Eastern Basin L Erie,42.54222,-79.38167,ON,WHA,13C12-Beta-Hexabromocyclododecane,75.8,,2,2026-02-04,Chlorinated Alkane,Chlorinated alkane surrogate,13C12-Beta-Hexabromocyclododecane,PCT,,,NLET,B_ChlorinatedAlkanes_MC_Biota
67487,Lake Trout,Salvelinus,namaycush,82,7060,F,ADS,,2024-05-01,2024,Lake Erie,Eastern Basin L Erie,42.54222,-79.38167,ON,WHA,"Chlorinated Alkanes, LC (C18-C20), Total",4.24,ND,1,2026-02-04,Chlorinated Alkane,"Long Chain Chlorinated Alkanes (C18-C20), Total","Long Chain Chlorinated Alkanes (C18-C20), Total",NG/G wet,,,NLET,B_ChlorinatedAlkanes_MC_Biota
67487,Lake Trout,Salvelinus,namaycush,82,7060,F,ADS,,2024-05-01,2024,Lake Erie,Eastern Basin L Erie,42.54222,-79.38167,ON,WHA,"Chlorinated Alkanes, LC (C18-C20), Total",3.8,ND,2,2026-02-04,Chlorinated Alkane,"Long Chain Chlorinated Alkanes (C18-C20), Total","Long Chain Chlorinated Alkanes (C18-C20), Total",NG/G wet,,,NLET,B_ChlorinatedAlkanes_MC_Biota
67487,Lake Trout,Salvelinus,namaycush,82,7060,F,ADS,,2024-05-01,2024,Lake Erie,Eastern Basin L Erie,42.54222,-79.38167,ON,WHA,"Chlorinated Alkanes, MC (C14-C17), Total",5.95,,1,2026-02-04,Chlorinated Alkane,Medium Chain Chlorinated Paraffins (C14-17) Total,Medium Chain Chlorinated Paraffins (C14-17) Total,NG/G wet,,,NLET,B_ChlorinatedAlkanes_MC_Biota
67487,Lake Trout,Salvelinus,namaycush,82,7060,F,ADS,,2024-05-01,2024,Lake Erie,Eastern Basin L Erie,42.54222,-79.38167,ON,WHA,"Chlorinated Alkanes, MC (C14-C17), Total",5.53,,2,2026-02-04,Chlorinated Alkane,Medium Chain Chlorinated Paraffins (C14-17) Total,Medium Chain Chlorinated Paraffins (C14-17) Total,NG/G wet,,,NLET,B_ChlorinatedAlkanes_MC_Biota
67488,Lake Trout,Salvelinus,namaycush,78.5,5525,F,ADS,,2024-05-01,2024,Lake Erie,Eastern Basin L Erie,42.54222,-79.38167,ON,WHA,"13C10-1,5,5,6,6,10-hexachlorodecane",127,,1,2025-09-17,Chlorinated Alkane,"13C10-1,5,5,6,6,10-hexachlorodecane","13C10-1,5,5,6,6,10-hexachlorodecane",PCT,,,NLET,B_ChlorinatedAlkanes_ISO
67488,Lake Trout,Salvelinus,namaycush,78.5,5525,F,ADS,,2024-05-01,2024,Lake Erie,Eastern Basin L Erie,42.54222,-79.38167,ON,WHA,"Chlorinated Alkanes, SC (C10-C13), Total",50,BDL,1,2025-09-17,Chlorinated Alkane,Short Chain Chlorinated Alkanes (C10-13) Total,Total Short Chain Chlorinated Alkanes (C10-13),NG/G wet,5,,NLET,B_ChlorinatedAlkanes_ISO
66682,Chain Pickerel,Esox,niger,43,404,M,ADS,1,2022-10-03,2022,Kejimkujik Lake,Kejimkujik Lake Basin,44.37611,-65.24167,NS,WHA,"13C10-1,5,5,6,6,10-hexachlorodecane",99.3,,1,2024-02-20,Chlorinated Alkane,"13C10-1,5,5,6,6,10-hexachlorodecane","13C10-1,5,5,6,6,10-hexachlorodecane",PCT,,,NLET,B_ChlorinatedAlkanes_ISO
66682,Chain Pickerel,Esox,niger,43,404,M,ADS,1,2022-10-03,2022,Kejimkujik Lake,Kejimkujik Lake Basin,44.37611,-65.24167,NS,WHA,"Chlorinated Alkanes, SC (C10-C13), Total",50,L,1,2024-02-20,Chlorinated Alkane,Short Chain Chlorinated Alkanes (C10-13) Total,Total Short Chain Chlorinated Alkanes (C10-13),NG/G wet,5,,NLET,B_ChlorinatedAlkanes_ISO
66682,Chain Pickerel,Esox,niger,43,404,M,ADS,1,2022-10-03,2022,Kejimkujik Lake,Kejimkujik Lake Basin,44.37611,-65.24167,NS,WHA,13C12-Beta-Hexabromocyclododecane,30,COM,1,2026-01-26,Chlorinated Alkane,Chlorinated alkane surrogate,13C12-Beta-Hexabromocyclododecane,PCT,,,NLET,B_ChlorinatedAlkanes_MC_Biota
66682,Chain Pickerel,Esox,niger,43,404,M,ADS,1,2022-10-03,2022,Kejimkujik Lake,Kejimkujik Lake Basin,44.37611,-65.24167,NS,WHA,"Chlorinated Alkanes, LC (C18-C20), Total",4.2,ND,1,2026-01-26,Chlorinated Alkane,"Long Chain Chlorinated Alkanes (C18-C20), Total","Long Chain Chlorinated Alkanes (C18-C20), Total",NG/G wet,,,NLET,B_ChlorinatedAlkanes_MC_Biota
66682,Chain Pickerel,Esox,niger,43,404,M,ADS,1,2022-10-03,2022,Kejimkujik Lake,Kejimkujik Lake Basin,44.37611,-65.24167,NS,WHA,"Chlorinated Alkanes, MC (C14-C17), Total",3.62,ND,1,2026-01-26,Chlorinated Alkane,Medium Chain Chlorinated Paraffins (C14-17) Total,Medium Chain Chlorinated Paraffins (C14-17) Total,NG/G wet,,,NLET,B_ChlorinatedAlkanes_MC_Biota
66683,Chain Pickerel,Esox,niger,51,878.5,M,ADS,1,2022-10-03,2022,Kejimkujik Lake,Kejimkujik Lake Basin,44.37611,-65.24167,NS,WHA,"13C10-1,5,5,6,6,10-hexachlorodecane",106,,1,2024-02-20,Chlorinated Alkane,"13C10-1,5,5,6,6,10-hexachlorodecane","13C10-1,5,5,6,6,10-hexachlorodecane",PCT,,,NLET,B_ChlorinatedAlkanes_ISO
66683,Chain Pickerel,Esox,niger,51,878.5,M,ADS,1,2022-10-03,2022,Kejimkujik Lake,Kejimkujik Lake Basin,44.37611,-65.24167,NS,WHA,"Chlorinated Alkanes, SC (C10-C13), Total",50,L,1,2024-02-20,Chlorinated Alkane,Short Chain Chlorinated Alkanes (C10-13) Total,Total Short Chain Chlorinated Alkanes (C10-13),NG/G wet,5,,NLET,B_ChlorinatedAlkanes_ISO
66683,Chain Pickerel,Esox,niger,51,878.5,M,ADS,1,2022-10-03,2022,Kejimkujik Lake,Kejimkujik Lake Basin,44.37611,-65.24167,NS,WHA,13C12-Beta-Hexabromocyclododecane,42.8,COM,1,2026-01-26,Chlorinated Alkane,Chlorinated alkane surrogate,13C12-Beta-Hexabromocyclododecane,PCT,,,NLET,B_ChlorinatedAlkanes_MC_Biota
66683,Chain Pickerel,Esox,niger,51,878.5,M,ADS,1,2022-10-03,2022,Kejimkujik Lake,Kejimkujik Lake Basin,44.37611,-65.24167,NS,WHA,13C12-Beta-Hexabromocyclododecane,44.6,COM,2,2026-01-26,Chlorinated Alkane,Chlorinated alkane surrogate,13C12-Beta-Hexabromocyclododecane,PCT,,,NLET,B_ChlorinatedAlkanes_MC_Biota
66683,Chain Pickerel,Esox,niger,51,878.5,M,ADS,1,2022-10-03,2022,Kejimkujik Lake,Kejimkujik Lake Basin,44.37611,-65.24167,NS,WHA,"Chlorinated Alkanes, LC (C18-C20), Total",4.17,ND,1,2026-01-26,Chlorinated Alkane,"Long Chain Chlorinated Alkanes (C18-C20), Total","Long Chain Chlorinated Alkanes (C18-C20), Total",NG/G wet,,,NLET,B_ChlorinatedAlkanes_MC_Biota
66683,Chain Pickerel,Esox,niger,51,878.5,M,ADS,1,2022-10-03,2022,Kejimkujik Lake,Kejimkujik Lake Basin,44.37611,-65.24167,NS,WHA,"Chlorinated Alkanes, LC (C18-C20), Total",4.27,ND,2,2026-01-26,Chlorinated Alkane,"Long Chain Chlorinated Alkanes (C18-C20), Total","Long Chain Chlorinated Alkanes (C18-C20), Total",NG/G wet,,,NLET,B_ChlorinatedAlkanes_MC_Biota
66683,Chain Pickerel,Esox,niger,51,878.5,M,ADS,1,2022-10-03,2022,Kejimkujik Lake,Kejimkujik Lake Basin,44.37611,-65.24167,NS,WHA,"Chlorinated Alkanes, MC (C14-C17), Total",3.6,ND,1,2026-01-26,Chlorinated Alkane,Medium Chain Chlorinated Paraffins (C14-17) Total,Medium Chain Chlorinated Paraffins (C14-17) Total,NG/G wet,,,NLET,B_ChlorinatedAlkanes_MC_Biota
66683,Chain Pickerel,Esox,niger,51,878.5,M,ADS,1,2022-10-03,2022,Kejimkujik Lake,Kejimkujik Lake Basin,44.37611,-65.24167,NS,WHA,"Chlorinated Alkanes, MC (C14-C17), Total",3.69,ND,2,2026-01-26,Chlorinated Alkane,Medium Chain Chlorinated Paraffins (C14-17) Total,Medium Chain Chlorinated Paraffins (C14-17) Total,NG/G wet,,,NLET,B_ChlorinatedAlkanes_MC_Biota
66684,Chain Pickerel,Esox,niger,40,321,IMM,ADS,1,2022-10-03,2022,Kejimkujik Lake,Kejimkujik Lake Basin,44.37611,-65.24167,NS,WHA,"13C10-1,5,5,6,6,10-hexachlorodecane",105,,1,2024-02-20,Chlorinated Alkane,"13C10-1,5,5,6,6,10-hexachlorodecane","13C10-1,5,5,6,6,10-hexachlorodecane",PCT,,,NLET,B_ChlorinatedAlkanes_ISO
66684,Chain Pickerel,Esox,niger,40,321,IMM,ADS,1,2022-10-03,2022,Kejimkujik Lake,Kejimkujik Lake Basin,44.37611,-65.24167,NS,WHA,"Chlorinated Alkanes, SC (C10-C13), Total",50,L,1,2024-02-20,Chlorinated Alkane,Short Chain Chlorinated Alkanes (C10-13) Total,Total Short Chain Chlorinated Alkanes (C10-13),NG/G wet,5,,NLET,B_ChlorinatedAlkanes_ISO
66684,Chain Pickerel,Esox,niger,40,321,IMM,ADS,1,2022-10-03,2022,Kejimkujik Lake,Kejimkujik Lake Basin,44.37611,-65.24167,NS,WHA,13C12-Beta-Hexabromocyclododecane,22.5,COM,1,2026-01-29,Chlorinated Alkane,Chlorinated alkane surrogate,13C12-Beta-Hexabromocyclododecane,PCT,,,NLET,B_ChlorinatedAlkanes_MC_Biota
66684,Chain Pickerel,Esox,niger,40,321,IMM,ADS,1,2022-10-03,2022,Kejimkujik Lake,Kejimkujik Lake Basin,44.37611,-65.24167,NS,WHA,"Chlorinated Alkanes, LC (C18-C20), Total",4.08,ND,1,2026-01-29,Chlorinated Alkane,"Long Chain Chlorinated Alkanes (C18-C20), Total","Long Chain Chlorinated Alkanes (C18-C20), Total",NG/G wet,,,NLET,B_ChlorinatedAlkanes_MC_Biota
66684,Chain Pickerel,Esox,niger,40,321,IMM,ADS,1,2022-10-03,2022,Kejimkujik Lake,Kejimkujik Lake Basin,44.37611,-65.24167,NS,WHA,"Chlorinated Alkanes, MC (C14-C17), Total",3.52,ND,1,2026-01-29,Chlorinated Alkane,Medium Chain Chlorinated Paraffins (C14-17) Total,Medium Chain Chlorinated Paraffins (C14-17) Total,NG/G wet,,,NLET,B_ChlorinatedAlkanes_MC_Biota
66686,Chain Pickerel,Esox,niger,34.5,236.5,IMM,ADS,1,2022-10-03,2022,Kejimkujik Lake,Kejimkujik Lake Basin,44.37611,-65.24167,NS,WHA,"13C10-1,5,5,6,6,10-hexachlorodecane",106,,1,2024-02-20,Chlorinated Alkane,"13C10-1,5,5,6,6,10-hexachlorodecane","13C10-1,5,5,6,6,10-hexachlorodecane",PCT,,,NLET,B_ChlorinatedAlkanes_ISO
66686,Chain Pickerel,Esox,niger,34.5,236.5,IMM,ADS,1,2022-10-03,2022,Kejimkujik Lake,Kejimkujik Lake Basin,44.37611,-65.24167,NS,WHA,"Chlorinated Alkanes, SC (C10-C13), Total",50,L,1,2024-02-20,Chlorinated Alkane,Short Chain Chlorinated Alkanes (C10-13) Total,Total Short Chain Chlorinated Alkanes (C10-13),NG/G wet,5,,NLET,B_ChlorinatedAlkanes_ISO
66687,Chain Pickerel,Esox,niger,56.5,1000.1,M,ADS,1,2022-10-03,2022,Kejimkujik Lake,Kejimkujik Lake Basin,44.37611,-65.24167,NS,WHA,"13C10-1,5,5,6,6,10-hexachlorodecane",114,,1,2024-02-20,Chlorinated Alkane,"13C10-1,5,5,6,6,10-hexachlorodecane","13C10-1,5,5,6,6,10-hexachlorodecane",PCT,,,NLET,B_ChlorinatedAlkanes_ISO
66687,Chain Pickerel,Esox,niger,56.5,1000.1,M,ADS,1,2022-10-03,2022,Kejimkujik Lake,Kejimkujik Lake Basin,44.37611,-65.24167,NS,WHA,"Chlorinated Alkanes, SC (C10-C13), Total",50,L,1,2024-02-20,Chlorinated Alkane,Short Chain Chlorinated Alkanes (C10-13) Total,Total Short Chain Chlorinated Alkanes (C10-13),NG/G wet,5,,NLET,B_ChlorinatedAlkanes_ISO
66687,Chain Pickerel,Esox,niger,56.5,1000.1,M,ADS,1,2022-10-03,2022,Kejimkujik Lake,Kejimkujik Lake Basin,44.37611,-65.24167,NS,WHA,13C12-Beta-Hexabromocyclododecane,33.3,COM,1,2026-01-29,Chlorinated Alkane,Chlorinated alkane surrogate,13C12-Beta-Hexabromocyclododecane,PCT,,,NLET,B_ChlorinatedAlkanes_MC_Biota
66687,Chain Pickerel,Esox,niger,56.5,1000.1,M,ADS,1,2022-10-03,2022,Kejimkujik Lake,Kejimkujik Lake Basin,44.37611,-65.24167,NS,WHA,"Chlorinated Alkanes, LC (C18-C20), Total",4.22,ND,1,2026-01-29,Chlorinated Alkane,"Long Chain Chlorinated Alkanes (C18-C20), Total","Long Chain Chlorinated Alkanes (C18-C20), Total",NG/G wet,,,NLET,B_ChlorinatedAlkanes_MC_Biota
66687,Chain Pickerel,Esox,niger,56.5,1000.1,M,ADS,1,2022-10-03,2022,Kejimkujik Lake,Kejimkujik Lake Basin,44.37611,-65.24167,NS,WHA,"Chlorinated Alkanes, MC (C14-C17), Total",3.64,ND,1,2026-01-29,Chlorinated Alkane,Medium Chain Chlorinated Paraffins (C14-17) Total,Medium Chain Chlorinated Paraffins (C14-17) Total,NG/G wet,,,NLET,B_ChlorinatedAlkanes_MC_Biota
66689,Chain Pickerel,Esox,niger,33,217,M,ADS,1,2022-10-03,2022,Kejimkujik Lake,Kejimkujik Lake Basin,44.37611,-65.24167,NS,WHA,13C12-Beta-Hexabromocyclododecane,41.7,COM,1,2026-01-29,Chlorinated Alkane,Chlorinated alkane surrogate,13C12-Beta-Hexabromocyclododecane,PCT,,,NLET,B_ChlorinatedAlkanes_MC_Biota
66689,Chain Pickerel,Esox,niger,33,217,M,ADS,1,2022-10-03,2022,Kejimkujik Lake,Kejimkujik Lake Basin,44.37611,-65.24167,NS,WHA,"Chlorinated Alkanes, LC (C18-C20), Total",4.12,ND,1,2026-01-29,Chlorinated Alkane,"Long Chain Chlorinated Alkanes (C18-C20), Total","Long Chain Chlorinated Alkanes (C18-C20), Total",NG/G wet,,,NLET,B_ChlorinatedAlkanes_MC_Biota
66689,Chain Pickerel,Esox,niger,33,217,M,ADS,1,2022-10-03,2022,Kejimkujik Lake,Kejimkujik Lake Basin,44.37611,-65.24167,NS,WHA,"Chlorinated Alkanes, MC (C14-C17), Total",3.55,ND,1,2026-01-29,Chlorinated Alkane,Medium Chain Chlorinated Paraffins (C14-17) Total,Medium Chain Chlorinated Paraffins (C14-17) Total,NG/G wet,,,NLET,B_ChlorinatedAlkanes_MC_Biota
57786,Walleye,Sander,vitreus,40.5,782.9,M,ADS,1,2010-10-01,2010,St. Lawrence River,St. Lawrence River,46.741468,-71.294742,QC,WHA,Total_MCCP,2.06784,,1,,Chlorinated Alkane,Medium Chain Chlorinated Paraffins (C14-17) Total,Total Medium Chain Chlorinated Paraffins (C14-17),NG/G wet,0.345,,EC-Basconcillo,
57786,Walleye,Sander,vitreus,40.5,782.9,M,ADS,1,2010-10-01,2010,St. Lawrence River,St. Lawrence River,46.741468,-71.294742,QC,WHA,Total_SCCP,8.6337,,1,,Chlorinated Alkane,Short Chain Chlorinated Alkanes (C10-13) Total,Total Short Chain Chlorinated Alkanes (C10-13),NG/G wet,0.009,,EC-Basconcillo,
57787,Walleye,Sander,vitreus,39.2,650.2,M,ADS,1,2010-10-01,2010,St. Lawrence River,St. Lawrence River,46.741468,-71.294742,QC,WHA,Total_MCCP,3.68302,,1,,Chlorinated Alkane,Medium Chain Chlorinated Paraffins (C14-17) Total,Total Medium Chain Chlorinated Paraffins (C14-17),NG/G wet,0.345,,EC-Basconcillo,
57787,Walleye,Sander,vitreus,39.2,650.2,M,ADS,1,2010-10-01,2010,St. Lawrence River,St. Lawrence River,46.741468,-71.294742,QC,WHA,Total_SCCP,7.05868,,1,,Chlorinated Alkane,Short Chain Chlorinated Alkanes (C10-13) Total,Total Short Chain Chlorinated Alkanes (C10-13),NG/G wet,0.009,,EC-Basconcillo,
57788,Walleye,Sander,vitreus,46,1009,M,ADS,1,2010-10-01,2010,St. Lawrence River,St. Lawrence River,46.741468,-71.294742,QC,WHA,Total_MCCP,3.62195,,1,,Chlorinated Alkane,Medium Chain Chlorinated Paraffins (C14-17) Total,Total Medium Chain Chlorinated Paraffins (C14-17),NG/G wet,0.345,,EC-Basconcillo,
57788,Walleye,Sander,vitreus,46,1009,M,ADS,1,2010-10-01,2010,St. Lawrence River,St. Lawrence River,46.741468,-71.294742,QC,WHA,Total_SCCP,4.38513,,1,,Chlorinated Alkane,Short Chain Chlorinated Alkanes (C10-13) Total,Total Short Chain Chlorinated Alkanes (C10-13),NG/G wet,0.009,,EC-Basconcillo,
57789,Walleye,Sander,vitreus,37,579.4,M,ADS,1,2010-10-01,2010,St. Lawrence River,St. Lawrence River,46.741468,-71.294742,QC,WHA,Total_MCCP,9.68711,,1,,Chlorinated Alkane,Medium Chain Chlorinated Paraffins (C14-17) Total,Total Medium Chain Chlorinated Paraffins (C14-17),NG/G wet,0.345,,EC-Basconcillo,
57789,Walleye,Sander,vitreus,37,579.4,M,ADS,1,2010-10-01,2010,St. Lawrence River,St. Lawrence River,46.741468,-71.294742,QC,WHA,Total_SCCP,7.986,,1,,Chlorinated Alkane,Short Chain Chlorinated Alkanes (C10-13) Total,Total Short Chain Chlorinated Alkanes (C10-13),NG/G wet,0.009,,EC-Basconcillo,
57790,Walleye,Sander,vitreus,38.5,590.5,M,ADS,1,2010-10-01,2010,St. Lawrence River,St. Lawrence River,46.741468,-71.294742,QC,WHA,Total_MCCP,20.84537,,1,,Chlorinated Alkane,Medium Chain Chlorinated Paraffins (C14-17) Total,Total Medium Chain Chlorinated Paraffins (C14-17),NG/G wet,0.345,,EC-Basconcillo,
57790,Walleye,Sander,vitreus,38.5,590.5,M,ADS,1,2010-10-01,2010,St. Lawrence River,St. Lawrence River,46.741468,-71.294742,QC,WHA,Total_SCCP,6.50234,,1,,Chlorinated Alkane,Short Chain Chlorinated Alkanes (C10-13) Total,Total Short Chain Chlorinated Alkanes (C10-13),NG/G wet,0.009,,EC-Basconcillo,
57791,Walleye,Sander,vitreus,36,422.7,UNK,IMM,1,2010-10-01,2010,St. Lawrence River,St. Lawrence River,46.741468,-71.294742,QC,WHA,Total_MCCP,11.42237,,1,,Chlorinated Alkane,Medium Chain Chlorinated Paraffins (C14-17) Total,Total Medium Chain Chlorinated Paraffins (C14-17),NG/G wet,0.345,,EC-Basconcillo,
57791,Walleye,Sander,vitreus,36,422.7,UNK,IMM,1,2010-10-01,2010,St. Lawrence River,St. Lawrence River,46.741468,-71.294742,QC,WHA,Total_SCCP,10.26904,,1,,Chlorinated Alkane,Short Chain Chlorinated Alkanes (C10-13) Total,Total Short Chain Chlorinated Alkanes (C10-13),NG/G wet,0.009,,EC-Basconcillo,
57795,Walleye,Sander,vitreus,37,504,M,ADS,1,2010-10-01,2010,St. Lawrence River,St. Lawrence River,46.741468,-71.294742,QC,WHA,Total_MCCP,2.70192,,1,,Chlorinated Alkane,Medium Chain Chlorinated Paraffins (C14-17) Total,Total Medium Chain Chlorinated Paraffins (C14-17),NG/G wet,0.345,,EC-Basconcillo,
57795,Walleye,Sander,vitreus,37,504,M,ADS,1,2010-10-01,2010,St. Lawrence River,St. Lawrence River,46.741468,-71.294742,QC,WHA,Total_SCCP,2.70716,,1,,Chlorinated Alkane,Short Chain Chlorinated Alkanes (C10-13) Total,Total Short Chain Chlorinated Alkanes (C10-13),NG/G wet,0.009,,EC-Basconcillo,
57797,Walleye,Sander,vitreus,30.5,258,UNK,IMM,2,2010-10-01,2010,St. Lawrence River,St. Lawrence River,46.741468,-71.294742,QC,WHA,Total_MCCP,2.85411,,1,,Chlorinated Alkane,Medium Chain Chlorinated Paraffins (C14-17) Total,Total Medium Chain Chlorinated Paraffins (C14-17),NG/G wet,0.345,,EC-Basconcillo,
57797,Walleye,Sander,vitreus,30.5,258,UNK,IMM,2,2010-10-01,2010,St. Lawrence River,St. Lawrence River,46.741468,-71.294742,QC,WHA,Total_SCCP,6.7734,,1,,Chlorinated Alkane,Short Chain Chlorinated Alkanes (C10-13) Total,Total Short Chain Chlorinated Alkanes (C10-13),NG/G wet,0.009,,EC-Basconcillo,
57798,Walleye,Sander,vitreus,29,275.5,UNK,IMM,2,2010-10-01,2010,St. Lawrence River,St. Lawrence River,46.741468,-71.294742,QC,WHA,Total_MCCP,3.50551,,1,,Chlorinated Alkane,Medium Chain Chlorinated Paraffins (C14-17) Total,Total Medium Chain Chlorinated Paraffins (C14-17),NG/G wet,0.345,,EC-Basconcillo,
57798,Walleye,Sander,vitreus,29,275.5,UNK,IMM,2,2010-10-01,2010,St. Lawrence River,St. Lawrence River,46.741468,-71.294742,QC,WHA,Total_SCCP,3.71552,,1,,Chlorinated Alkane,Short Chain Chlorinated Alkanes (C10-13) Total,Total Short Chain Chlorinated Alkanes (C10-13),NG/G wet,0.009,,EC-Basconcillo,
59001,Walleye,Sander,vitreus,41.4,571,M,ADS,1,2011-10-26,2011,Columbia River,Columbia River,49.084222,-117.629671,BC,WHA,Total_MCCP,2.47967,,1,,Chlorinated Alkane,Medium Chain Chlorinated Paraffins (C14-17) Total,Total Medium Chain Chlorinated Paraffins (C14-17),NG/G wet,0.345,,EC-Basconcillo,
59001,Walleye,Sander,vitreus,41.4,571,M,ADS,1,2011-10-26,2011,Columbia River,Columbia River,49.084222,-117.629671,BC,WHA,Total_SCCP,1.4554,,1,,Chlorinated Alkane,Short Chain Chlorinated Alkanes (C10-13) Total,Total Short Chain Chlorinated Alkanes (C10-13),NG/G wet,0.009,,EC-Basconcillo,
59002,Walleye,Sander,vitreus,31.8,273,IMM,ADS,1,2011-10-26,2011,Columbia River,Columbia River,49.084222,-117.629671,BC,WHA,Total_MCCP,1.24872,,1,,Chlorinated Alkane,Medium Chain Chlorinated Paraffins (C14-17) Total,Total Medium Chain Chlorinated Paraffins (C14-17),NG/G wet,0.345,,EC-Basconcillo,
59002,Walleye,Sander,vitreus,31.8,273,IMM,ADS,1,2011-10-26,2011,Columbia River,Columbia River,49.084222,-117.629671,BC,WHA,Total_SCCP,0.44954,,1,,Chlorinated Alkane,Short Chain Chlorinated Alkanes (C10-13) Total,Total Short Chain Chlorinated Alkanes (C10-13),NG/G wet,0.009,,EC-Basconcillo,
59003,Walleye,Sander,vitreus,34,358,M,ADS,1,2011-10-26,2011,Columbia River,Columbia River,49.084222,-117.629671,BC,WHA,Total_SCCP,0.89733,,1,,Chlorinated Alkane,Short Chain Chlorinated Alkanes (C10-13) Total,Total Short Chain Chlorinated Alkanes (C10-13),NG/G wet,0.009,,EC-Basconcillo,
59004,Walleye,Sander,vitreus,34,387,M,ADS,1,2011-10-26,2011,Columbia River,Columbia River,49.084222,-117.629671,BC,WHA,Total_MCCP,0.62893,,1,,Chlorinated Alkane,Medium Chain Chlorinated Paraffins (C14-17) Total,Total Medium Chain Chlorinated Paraffins (C14-17),NG/G wet,0.345,,EC-Basconcillo,
59004,Walleye,Sander,vitreus,34,387,M,ADS,1,2011-10-26,2011,Columbia River,Columbia River,49.084222,-117.629671,BC,WHA,Total_SCCP,7.36577,,1,,Chlorinated Alkane,Short Chain Chlorinated Alkanes (C10-13) Total,Total Short Chain Chlorinated Alkanes (C10-13),NG/G wet,0.009,,EC-Basconcillo,
59005,Walleye,Sander,vitreus,37.7,531,IMM,ADS,1,2011-10-26,2011,Columbia River,Columbia River,49.084222,-117.629671,BC,WHA,Total_MCCP,2.27814,,1,,Chlorinated Alkane,Medium Chain Chlorinated Paraffins (C14-17) Total,Total Medium Chain Chlorinated Paraffins (C14-17),NG/G wet,0.345,,EC-Basconcillo,
59006,Walleye,Sander,vitreus,40.8,652,M,ADS,1,2011-10-26,2011,Columbia River,Columbia River,49.084222,-117.629671,BC,WHA,Total_MCCP,1.60352,,1,,Chlorinated Alkane,Medium Chain Chlorinated Paraffins (C14-17) Total,Total Medium Chain Chlorinated Paraffins (C14-17),NG/G wet,0.345,,EC-Basconcillo,
59006,Walleye,Sander,vitreus,40.8,652,M,ADS,1,2011-10-26,2011,Columbia River,Columbia River,49.084222,-117.629671,BC,WHA,Total_SCCP,4.84085,,1,,Chlorinated Alkane,Short Chain Chlorinated Alkanes (C10-13) Total,Total Short Chain Chlorinated Alkanes (C10-13),NG/G wet,0.009,,EC-Basconcillo,
59007,Walleye,Sander,vitreus,31.3,300,IMM,ADS,1,2011-10-26,2011,Columbia River,Columbia River,49.084222,-117.629671,BC,WHA,Total_MCCP,2.94965,,1,,Chlorinated Alkane,Medium Chain Chlorinated Paraffins (C14-17) Total,Total Medium Chain Chlorinated Paraffins (C14-17),NG/G wet,0.345,,EC-Basconcillo,
59007,Walleye,Sander,vitreus,31.3,300,IMM,ADS,1,2011-10-26,2011,Columbia River,Columbia River,49.084222,-117.629671,BC,WHA,Total_SCCP,12.96922,,1,,Chlorinated Alkane,Short Chain Chlorinated Alkanes (C10-13) Total,Total Short Chain Chlorinated Alkanes (C10-13),NG/G wet,0.009,,EC-Basconcillo,
59008,Walleye,Sander,vitreus,31.2,270,IMM,ADS,1,2011-10-26,2011,Columbia River,Columbia River,49.084222,-117.629671,BC,WHA,Total_MCCP,1.45128,,1,,Chlorinated Alkane,Medium Chain Chlorinated Paraffins (C14-17) Total,Total Medium Chain Chlorinated Paraffins (C14-17),NG/G wet,0.345,,EC-Basconcillo,
59008,Walleye,Sander,vitreus,31.2,270,IMM,ADS,1,2011-10-26,2011,Columbia River,Columbia River,49.084222,-117.629671,BC,WHA,Total_SCCP,10.04813,,1,,Chlorinated Alkane,Short Chain Chlorinated Alkanes (C10-13) Total,Total Short Chain Chlorinated Alkanes (C10-13),NG/G wet,0.009,,EC-Basconcillo,
59009,Walleye,Sander,vitreus,28.3,199,IMM,ADS,1,2011-10-26,2011,Columbia River,Columbia River,49.084222,-117.629671,BC,WHA,Total_MCCP,0.76921,,1,,Chlorinated Alkane,Medium Chain Chlorinated Paraffins (C14-17) Total,Total Medium Chain Chlorinated Paraffins (C14-17),NG/G wet,0.345,,EC-Basconcillo,
59009,Walleye,Sander,vitreus,28.3,199,IMM,ADS,1,2011-10-26,2011,Columbia River,Columbia River,49.084222,-117.629671,BC,WHA,Total_SCCP,3.77221,,1,,Chlorinated Alkane,Short Chain Chlorinated Alkanes (C10-13) Total,Total Short Chain Chlorinated Alkanes (C10-13),NG/G wet,0.009,,EC-Basconcillo,
59010,Walleye,Sander,vitreus,32.8,300,M,ADS,1,2011-10-26,2011,Columbia River,Columbia River,49.084222,-117.629671,BC,WHA,Total_MCCP,1.25487,,1,,Chlorinated Alkane,Medium Chain Chlorinated Paraffins (C14-17) Total,Total Medium Chain Chlorinated Paraffins (C14-17),NG/G wet,0.345,,EC-Basconcillo,
59010,Walleye,Sander,vitreus,32.8,300,M,ADS,1,2011-10-26,2011,Columbia River,Columbia River,49.084222,-117.629671,BC,WHA,Total_SCCP,3.88009,,1,,Chlorinated Alkane,Short Chain Chlorinated Alkanes (C10-13) Total,Total Short Chain Chlorinated Alkanes (C10-13),NG/G wet,0.009,,EC-Basconcillo,
60090,Walleye,Sander,vitreus,43.5,907,F,ADS,1,2013-07-01,2013,Lake Winnipeg,Lake Winnipeg North Basin,53.2758,-99.1116,MB,WHA,"13C10-1,5,5,6,6,10-hexachlorodecane",213,,1,2018-05-11,Chlorinated Alkane,"13C10-1,5,5,6,6,10-hexachlorodecane","13C10-1,5,5,6,6,10-hexachlorodecane",PCT,,,NLET,B_ChlorinatedAlkanes_ISO
60090,Walleye,Sander,vitreus,43.5,907,F,ADS,1,2013-07-01,2013,Lake Winnipeg,Lake Winnipeg North Basin,53.2758,-99.1116,MB,WHA,"Chlorinated Alkanes, SC (C10-C13), Total",5.93,,1,2018-05-11,Chlorinated Alkane,Short Chain Chlorinated Alkanes (C10-13) Total,Total Short Chain Chlorinated Alkanes (C10-13),NG/G wet,5,,NLET,B_ChlorinatedAlkanes_ISO
60091,Walleye,Sander,vitreus,53,1517.7,F,ADS,1,2013-07-01,2013,Lake Winnipeg,Lake Winnipeg North Basin,53.2758,-99.1116,MB,WHA,"13C10-1,5,5,6,6,10-hexachlorodecane",118,,1,2018-05-25,Chlorinated Alkane,"13C10-1,5,5,6,6,10-hexachlorodecane","13C10-1,5,5,6,6,10-hexachlorodecane",PCT,,,NLET,B_ChlorinatedAlkanes_ISO
60091,Walleye,Sander,vitreus,53,1517.7,F,ADS,1,2013-07-01,2013,Lake Winnipeg,Lake Winnipeg North Basin,53.2758,-99.1116,MB,WHA,"Chlorinated Alkanes, SC (C10-C13), Total",5,BDL,1,2018-05-25,Chlorinated Alkane,Short Chain Chlorinated Alkanes (C10-13) Total,Total Short Chain Chlorinated Alkanes (C10-13),NG/G wet,5,,NLET,B_ChlorinatedAlkanes_ISO
60093,Walleye,Sander,vitreus,53,1807.7,F,ADS,1,2013-07-01,2013,Lake Winnipeg,Lake Winnipeg North Basin,53.2758,-99.1116,MB,WHA,"13C10-1,5,5,6,6,10-hexachlorodecane",94.7,,1,2018-02-09,Chlorinated Alkane,"13C10-1,5,5,6,6,10-hexachlorodecane","13C10-1,5,5,6,6,10-hexachlorodecane",PCT,,,NLET,B_ChlorinatedAlkanes_ISO
60093,Walleye,Sander,vitreus,53,1807.7,F,ADS,1,2013-07-01,2013,Lake Winnipeg,Lake Winnipeg North Basin,53.2758,-99.1116,MB,WHA,"Chlorinated Alkanes, SC (C10-C13), Total",5,BDL,1,2018-02-09,Chlorinated Alkane,Short Chain Chlorinated Alkanes (C10-13) Total,Total Short Chain Chlorinated Alkanes (C10-13),NG/G wet,5,,NLET,B_ChlorinatedAlkanes_ISO
60094,Walleye,Sander,vitreus,43,822,F,ADS,1,2013-07-01,2013,Lake Winnipeg,Lake Winnipeg North Basin,53.2758,-99.1116,MB,WHA,"13C10-1,5,5,6,6,10-hexachlorodecane",84.8,,1,2018-02-09,Chlorinated Alkane,"13C10-1,5,5,6,6,10-hexachlorodecane","13C10-1,5,5,6,6,10-hexachlorodecane",PCT,,,NLET,B_ChlorinatedAlkanes_ISO
60094,Walleye,Sander,vitreus,43,822,F,ADS,1,2013-07-01,2013,Lake Winnipeg,Lake Winnipeg North Basin,53.2758,-99.1116,MB,WHA,"Chlorinated Alkanes, SC (C10-C13), Total",5,BDL,1,2018-02-09,Chlorinated Alkane,Short Chain Chlorinated Alkanes (C10-13) Total,Total Short Chain Chlorinated Alkanes (C10-13),NG/G wet,5,,NLET,B_ChlorinatedAlkanes_ISO
60095,Walleye,Sander,vitreus,49,1282,F,ADS,1,2013-07-01,2013,Lake Winnipeg,Lake Winnipeg North Basin,53.2758,-99.1116,MB,WHA,"13C10-1,5,5,6,6,10-hexachlorodecane",87.7,,1,2018-05-25,Chlorinated Alkane,"13C10-1,5,5,6,6,10-hexachlorodecane","13C10-1,5,5,6,6,10-hexachlorodecane",PCT,,,NLET,B_ChlorinatedAlkanes_ISO
60095,Walleye,Sander,vitreus,49,1282,F,ADS,1,2013-07-01,2013,Lake Winnipeg,Lake Winnipeg North Basin,53.2758,-99.1116,MB,WHA,"Chlorinated Alkanes, SC (C10-C13), Total",5,BDL,1,2018-05-25,Chlorinated Alkane,Short Chain Chlorinated Alkanes (C10-13) Total,Total Short Chain Chlorinated Alkanes (C10-13),NG/G wet,5,,NLET,B_ChlorinatedAlkanes_ISO
60096,Walleye,Sander,vitreus,42,844.2,F,ADS,1,2013-07-01,2013,Lake Winnipeg,Lake Winnipeg North Basin,53.2758,-99.1116,MB,WHA,"13C10-1,5,5,6,6,10-hexachlorodecane",118,,1,2018-05-25,Chlorinated Alkane,"13C10-1,5,5,6,6,10-hexachlorodecane","13C10-1,5,5,6,6,10-hexachlorodecane",PCT,,,NLET,B_ChlorinatedAlkanes_ISO
60096,Walleye,Sander,vitreus,42,844.2,F,ADS,1,2013-07-01,2013,Lake Winnipeg,Lake Winnipeg North Basin,53.2758,-99.1116,MB,WHA,"Chlorinated Alkanes, SC (C10-C13), Total",5,BDL,1,2018-05-25,Chlorinated Alkane,Short Chain Chlorinated Alkanes (C10-13) Total,Total Short Chain Chlorinated Alkanes (C10-13),NG/G wet,5,,NLET,B_ChlorinatedAlkanes_ISO
60097,Walleye,Sander,vitreus,49.5,1450,F,ADS,1,2013-07-01,2013,Lake Winnipeg,Lake Winnipeg North Basin,53.2758,-99.1116,MB,WHA,"13C10-1,5,5,6,6,10-hexachlorodecane",102,,1,2018-05-25,Chlorinated Alkane,"13C10-1,5,5,6,6,10-hexachlorodecane","13C10-1,5,5,6,6,10-hexachlorodecane",PCT,,,NLET,B_ChlorinatedAlkanes_ISO
60097,Walleye,Sander,vitreus,49.5,1450,F,ADS,1,2013-07-01,2013,Lake Winnipeg,Lake Winnipeg North Basin,53.2758,-99.1116,MB,WHA,"Chlorinated Alkanes, SC (C10-C13), Total",5,BDL,1,2018-05-25,Chlorinated Alkane,Short Chain Chlorinated Alkanes (C10-13) Total,Total Short Chain Chlorinated Alkanes (C10-13),NG/G wet,5,,NLET,B_ChlorinatedAlkanes_ISO
60290,Walleye,Sander,vitreus,53.5,1482,F,ADS,1,2013-10-03,2013,Lake Diefenbaker,Lake Diefenbaker,50.655468,-107.959385,SK,WHA,"13C10-1,5,5,6,6,10-hexachlorodecane      ",79,,1,2018-09-13,Chlorinated Alkane,"13C10-1,5,5,6,6,10-hexachlorodecane","13C10-1,5,5,6,6,10-hexachlorodecane",PCT,,,NLET,B_ChlorinatedAlkanes_ISO
60290,Walleye,Sander,vitreus,53.5,1482,F,ADS,1,2013-10-03,2013,Lake Diefenbaker,Lake Diefenbaker,50.655468,-107.959385,SK,WHA,"Chlorinated Alkanes, SC (C10-C13), Total ",5,BDL,1,2018-09-13,Chlorinated Alkane,Short Chain Chlorinated Alkanes (C10-13) Total,Total Short Chain Chlorinated Alkanes (C10-13),NG/G wet,5,,NLET,B_ChlorinatedAlkanes_ISO
60291,Walleye,Sander,vitreus,49,1268,M,ADS,1,2013-10-03,2013,Lake Diefenbaker,Lake Diefenbaker,50.655468,-107.959385,SK,WHA,"13C10-1,5,5,6,6,10-hexachlorodecane      ",75.8,,1,2018-09-13,Chlorinated Alkane,"13C10-1,5,5,6,6,10-hexachlorodecane","13C10-1,5,5,6,6,10-hexachlorodecane",PCT,,,NLET,B_ChlorinatedAlkanes_ISO
60291,Walleye,Sander,vitreus,49,1268,M,ADS,1,2013-10-03,2013,Lake Diefenbaker,Lake Diefenbaker,50.655468,-107.959385,SK,WHA,"Chlorinated Alkanes, SC (C10-C13), Total ",5,BDL,1,2018-09-13,Chlorinated Alkane,Short Chain Chlorinated Alkanes (C10-13) Total,Total Short Chain Chlorinated Alkanes (C10-13),NG/G wet,5,,NLET,B_ChlorinatedAlkanes_ISO
60292,Walleye,Sander,vitreus,47,1100,F,ADS,1,2013-10-03,2013,Lake Diefenbaker,Lake Diefenbaker,50.655468,-107.959385,SK,WHA,"13C10-1,5,5,6,6,10-hexachlorodecane      ",143,,1,2018-09-13,Chlorinated Alkane,"13C10-1,5,5,6,6,10-hexachlorodecane","13C10-1,5,5,6,6,10-hexachlorodecane",PCT,,,NLET,B_ChlorinatedAlkanes_ISO
60292,Walleye,Sander,vitreus,47,1100,F,ADS,1,2013-10-03,2013,Lake Diefenbaker,Lake Diefenbaker,50.655468,-107.959385,SK,WHA,"Chlorinated Alkanes, SC (C10-C13), Total ",32.3,,1,2018-09-13,Chlorinated Alkane,Short Chain Chlorinated Alkanes (C10-13) Total,Total Short Chain Chlorinated Alkanes (C10-13),NG/G wet,5,,NLET,B_ChlorinatedAlkanes_ISO
60293,Walleye,Sander,vitreus,39.8,651,M,ADS,1,2013-10-03,2013,Lake Diefenbaker,Lake Diefenbaker,50.655468,-107.959385,SK,WHA,"13C10-1,5,5,6,6,10-hexachlorodecane",94,,1,2018-03-13,Chlorinated Alkane,"13C10-1,5,5,6,6,10-hexachlorodecane","13C10-1,5,5,6,6,10-hexachlorodecane",PCT,,,NLET,B_ChlorinatedAlkanes_ISO
60293,Walleye,Sander,vitreus,39.8,651,M,ADS,1,2013-10-03,2013,Lake Diefenbaker,Lake Diefenbaker,50.655468,-107.959385,SK,WHA,"Chlorinated Alkanes, SC (C10-C13), Total",5,BDL,1,2018-03-13,Chlorinated Alkane,Short Chain Chlorinated Alkanes (C10-13) Total,Total Short Chain Chlorinated Alkanes (C10-13),NG/G wet,5,,NLET,B_ChlorinatedAlkanes_ISO
60294,Walleye,Sander,vitreus,66.5,3742,F,ADS,1,2013-10-03,2013,Lake Diefenbaker,Lake Diefenbaker,50.655468,-107.959385,SK,WHA,"13C10-1,5,5,6,6,10-hexachlorodecane",103,,1,2018-03-13,Chlorinated Alkane,"13C10-1,5,5,6,6,10-hexachlorodecane","13C10-1,5,5,6,6,10-hexachlorodecane",PCT,,,NLET,B_ChlorinatedAlkanes_ISO
60294,Walleye,Sander,vitreus,66.5,3742,F,ADS,1,2013-10-03,2013,Lake Diefenbaker,Lake Diefenbaker,50.655468,-107.959385,SK,WHA,"Chlorinated Alkanes, SC (C10-C13), Total",5,BDL,1,2018-03-13,Chlorinated Alkane,Short Chain Chlorinated Alkanes (C10-13) Total,Total Short Chain Chlorinated Alkanes (C10-13),NG/G wet,5,,NLET,B_ChlorinatedAlkanes_ISO
60295,Walleye,Sander,vitreus,67,3829.5,F,ADS,1,2013-10-03,2013,Lake Diefenbaker,Lake Diefenbaker,50.655468,-107.959385,SK,WHA,"13C10-1,5,5,6,6,10-hexachlorodecane      ",138,,1,2018-09-13,Chlorinated Alkane,"13C10-1,5,5,6,6,10-hexachlorodecane","13C10-1,5,5,6,6,10-hexachlorodecane",PCT,,,NLET,B_ChlorinatedAlkanes_ISO
60295,Walleye,Sander,vitreus,67,3829.5,F,ADS,1,2013-10-03,2013,Lake Diefenbaker,Lake Diefenbaker,50.655468,-107.959385,SK,WHA,"Chlorinated Alkanes, SC (C10-C13), Total ",5,BDL,1,2018-09-13,Chlorinated Alkane,Short Chain Chlorinated Alkanes (C10-13) Total,Total Short Chain Chlorinated Alkanes (C10-13),NG/G wet,5,,NLET,B_ChlorinatedAlkanes_ISO
60296,Walleye,Sander,vitreus,54.5,1741.5,F,ADS,1,2013-10-03,2013,Lake Diefenbaker,Lake Diefenbaker,50.655468,-107.959385,SK,WHA,"13C10-1,5,5,6,6,10-hexachlorodecane      ",105,,1,2018-09-13,Chlorinated Alkane,"13C10-1,5,5,6,6,10-hexachlorodecane","13C10-1,5,5,6,6,10-hexachlorodecane",PCT,,,NLET,B_ChlorinatedAlkanes_ISO
60296,Walleye,Sander,vitreus,54.5,1741.5,F,ADS,1,2013-10-03,2013,Lake Diefenbaker,Lake Diefenbaker,50.655468,-107.959385,SK,WHA,"Chlorinated Alkanes, SC (C10-C13), Total ",5,BDL,1,2018-09-13,Chlorinated Alkane,Short Chain Chlorinated Alkanes (C10-13) Total,Total Short Chain Chlorinated Alkanes (C10-13),NG/G wet,5,,NLET,B_ChlorinatedAlkanes_ISO
60297,Walleye,Sander,vitreus,47,1078,M,ADS,1,2013-10-03,2013,Lake Diefenbaker,Lake Diefenbaker,50.655468,-107.959385,SK,WHA,"13C10-1,5,5,6,6,10-hexachlorodecane      ",143,,1,2018-09-13,Chlorinated Alkane,"13C10-1,5,5,6,6,10-hexachlorodecane","13C10-1,5,5,6,6,10-hexachlorodecane",PCT,,,NLET,B_ChlorinatedAlkanes_ISO
60297,Walleye,Sander,vitreus,47,1078,M,ADS,1,2013-10-03,2013,Lake Diefenbaker,Lake Diefenbaker,50.655468,-107.959385,SK,WHA,"Chlorinated Alkanes, SC (C10-C13), Total ",5,BDL,1,2018-09-13,Chlorinated Alkane,Short Chain Chlorinated Alkanes (C10-13) Total,Total Short Chain Chlorinated Alkanes (C10-13),NG/G wet,5,,NLET,B_ChlorinatedAlkanes_ISO
60298,Walleye,Sander,vitreus,43,697,M,ADS,1,2013-10-03,2013,Lake Diefenbaker,Lake Diefenbaker,50.655468,-107.959385,SK,WHA,"13C10-1,5,5,6,6,10-hexachlorodecane      ",102,,1,2018-09-13,Chlorinated Alkane,"13C10-1,5,5,6,6,10-hexachlorodecane","13C10-1,5,5,6,6,10-hexachlorodecane",PCT,,,NLET,B_ChlorinatedAlkanes_ISO
60298,Walleye,Sander,vitreus,43,697,M,ADS,1,2013-10-03,2013,Lake Diefenbaker,Lake Diefenbaker,50.655468,-107.959385,SK,WHA,"Chlorinated Alkanes, SC (C10-C13), Total ",5,BDL,1,2018-09-13,Chlorinated Alkane,Short Chain Chlorinated Alkanes (C10-13) Total,Total Short Chain Chlorinated Alkanes (C10-13),NG/G wet,5,,NLET,B_ChlorinatedAlkanes_ISO
60300,Walleye,Sander,vitreus,38,502.9,M,ADS,1,2013-10-03,2013,Lake Diefenbaker,Lake Diefenbaker,50.655468,-107.959385,SK,WHA,"13C10-1,5,5,6,6,10-hexachlorodecane      ",85.6,,1,2023-10-26,Chlorinated Alkane,"13C10-1,5,5,6,6,10-hexachlorodecane","13C10-1,5,5,6,6,10-hexachlorodecane",PCT,,,NLET,B_ChlorinatedAlkanes_ISO
60300,Walleye,Sander,vitreus,38,502.9,M,ADS,1,2013-10-03,2013,Lake Diefenbaker,Lake Diefenbaker,50.655468,-107.959385,SK,WHA,"Chlorinated Alkanes, SC (C10-C13), Total ",50,L,1,2023-10-26,Chlorinated Alkane,Short Chain Chlorinated Alkanes (C10-13) Total,Total Short Chain Chlorinated Alkanes (C10-13),NG/G wet,5,,NLET,B_ChlorinatedAlkanes_ISO
60451,Walleye,Sander,vitreus,57,1767,F,ADS,1,2013-10-15,2013,Lake Winnipeg,Lake Winnipeg South Basin,50.834617,-96.858125,MB,WHA,"13C10-1,5,5,6,6,10-hexachlorodecane      ",139,,1,2018-09-17,Chlorinated Alkane,"13C10-1,5,5,6,6,10-hexachlorodecane","13C10-1,5,5,6,6,10-hexachlorodecane",PCT,,,NLET,B_ChlorinatedAlkanes_ISO
60451,Walleye,Sander,vitreus,57,1767,F,ADS,1,2013-10-15,2013,Lake Winnipeg,Lake Winnipeg South Basin,50.834617,-96.858125,MB,WHA,"Chlorinated Alkanes, SC (C10-C13), Total ",5,BDL,1,2018-09-17,Chlorinated Alkane,Short Chain Chlorinated Alkanes (C10-13) Total,Total Short Chain Chlorinated Alkanes (C10-13),NG/G wet,5,,NLET,B_ChlorinatedAlkanes_ISO
60452,Walleye,Sander,vitreus,47,1109.3,F,ADS,1,2013-10-15,2013,Lake Winnipeg,Lake Winnipeg South Basin,50.834617,-96.858125,MB,WHA,"13C10-1,5,5,6,6,10-hexachlorodecane      ",89.4,,1,2018-09-17,Chlorinated Alkane,"13C10-1,5,5,6,6,10-hexachlorodecane","13C10-1,5,5,6,6,10-hexachlorodecane",PCT,,,NLET,B_ChlorinatedAlkanes_ISO
60452,Walleye,Sander,vitreus,47,1109.3,F,ADS,1,2013-10-15,2013,Lake Winnipeg,Lake Winnipeg South Basin,50.834617,-96.858125,MB,WHA,"Chlorinated Alkanes, SC (C10-C13), Total ",5,BDL,1,2018-09-17,Chlorinated Alkane,Short Chain Chlorinated Alkanes (C10-13) Total,Total Short Chain Chlorinated Alkanes (C10-13),NG/G wet,5,,NLET,B_ChlorinatedAlkanes_ISO
60453,Walleye,Sander,vitreus,47,1050,F,ADS,1,2013-10-15,2013,Lake Winnipeg,Lake Winnipeg South Basin,50.834617,-96.858125,MB,WHA,"13C10-1,5,5,6,6,10-hexachlorodecane      ",75.4,,1,2018-09-17,Chlorinated Alkane,"13C10-1,5,5,6,6,10-hexachlorodecane","13C10-1,5,5,6,6,10-hexachlorodecane",PCT,,,NLET,B_ChlorinatedAlkanes_ISO
60453,Walleye,Sander,vitreus,47,1050,F,ADS,1,2013-10-15,2013,Lake Winnipeg,Lake Winnipeg South Basin,50.834617,-96.858125,MB,WHA,"Chlorinated Alkanes, SC (C10-C13), Total ",5,BDL,1,2018-09-17,Chlorinated Alkane,Short Chain Chlorinated Alkanes (C10-13) Total,Total Short Chain Chlorinated Alkanes (C10-13),NG/G wet,5,,NLET,B_ChlorinatedAlkanes_ISO
60454,Walleye,Sander,vitreus,48,1424.1,F,ADS,1,2013-10-15,2013,Lake Winnipeg,Lake Winnipeg South Basin,50.834617,-96.858125,MB,WHA,"13C10-1,5,5,6,6,10-hexachlorodecane      ",111,,1,2018-10-01,Chlorinated Alkane,"13C10-1,5,5,6,6,10-hexachlorodecane","13C10-1,5,5,6,6,10-hexachlorodecane",PCT,,,NLET,B_ChlorinatedAlkanes_ISO
60454,Walleye,Sander,vitreus,48,1424.1,F,ADS,1,2013-10-15,2013,Lake Winnipeg,Lake Winnipeg South Basin,50.834617,-96.858125,MB,WHA,"Chlorinated Alkanes, SC (C10-C13), Total ",8.33,,1,2018-10-01,Chlorinated Alkane,Short Chain Chlorinated Alkanes (C10-13) Total,Total Short Chain Chlorinated Alkanes (C10-13),NG/G wet,5,,NLET,B_ChlorinatedAlkanes_ISO
60455,Walleye,Sander,vitreus,51,1440.1,F,ADS,1,2013-10-15,2013,Lake Winnipeg,Lake Winnipeg South Basin,50.834617,-96.858125,MB,WHA,"13C10-1,5,5,6,6,10-hexachlorodecane",80,,1,2018-03-13,Chlorinated Alkane,"13C10-1,5,5,6,6,10-hexachlorodecane","13C10-1,5,5,6,6,10-hexachlorodecane",PCT,,,NLET,B_ChlorinatedAlkanes_ISO
60455,Walleye,Sander,vitreus,51,1440.1,F,ADS,1,2013-10-15,2013,Lake Winnipeg,Lake Winnipeg South Basin,50.834617,-96.858125,MB,WHA,"Chlorinated Alkanes, SC (C10-C13), Total",5,BDL,1,2018-03-13,Chlorinated Alkane,Short Chain Chlorinated Alkanes (C10-13) Total,Total Short Chain Chlorinated Alkanes (C10-13),NG/G wet,5,,NLET,B_ChlorinatedAlkanes_ISO
60456,Walleye,Sander,vitreus,41,698,M,ADS,1,2013-10-15,2013,Lake Winnipeg,Lake Winnipeg South Basin,50.834617,-96.858125,MB,WHA,"13C10-1,5,5,6,6,10-hexachlorodecane",100,,1,2018-03-13,Chlorinated Alkane,"13C10-1,5,5,6,6,10-hexachlorodecane","13C10-1,5,5,6,6,10-hexachlorodecane",PCT,,,NLET,B_ChlorinatedAlkanes_ISO
60456,Walleye,Sander,vitreus,41,698,M,ADS,1,2013-10-15,2013,Lake Winnipeg,Lake Winnipeg South Basin,50.834617,-96.858125,MB,WHA,"Chlorinated Alkanes, SC (C10-C13), Total",5,BDL,1,2018-03-13,Chlorinated Alkane,Short Chain Chlorinated Alkanes (C10-13) Total,Total Short Chain Chlorinated Alkanes (C10-13),NG/G wet,5,,NLET,B_ChlorinatedAlkanes_ISO
60457,Walleye,Sander,vitreus,45,863,M,ADS,1,2013-10-15,2013,Lake Winnipeg,Lake Winnipeg South Basin,50.834617,-96.858125,MB,WHA,"13C10-1,5,5,6,6,10-hexachlorodecane      ",102,,1,2018-10-01,Chlorinated Alkane,"13C10-1,5,5,6,6,10-hexachlorodecane","13C10-1,5,5,6,6,10-hexachlorodecane",PCT,,,NLET,B_ChlorinatedAlkanes_ISO
60457,Walleye,Sander,vitreus,45,863,M,ADS,1,2013-10-15,2013,Lake Winnipeg,Lake Winnipeg South Basin,50.834617,-96.858125,MB,WHA,"Chlorinated Alkanes, SC (C10-C13), Total ",5,BDL,1,2018-10-01,Chlorinated Alkane,Short Chain Chlorinated Alkanes (C10-13) Total,Total Short Chain Chlorinated Alkanes (C10-13),NG/G wet,5,,NLET,B_ChlorinatedAlkanes_ISO
60458,Walleye,Sander,vitreus,49,1385,F,ADS,1,2013-10-15,2013,Lake Winnipeg,Lake Winnipeg South Basin,50.834617,-96.858125,MB,WHA,"13C10-1,5,5,6,6,10-hexachlorodecane      ",127,,1,2018-10-01,Chlorinated Alkane,"13C10-1,5,5,6,6,10-hexachlorodecane","13C10-1,5,5,6,6,10-hexachlorodecane",PCT,,,NLET,B_ChlorinatedAlkanes_ISO
60458,Walleye,Sander,vitreus,49,1385,F,ADS,1,2013-10-15,2013,Lake Winnipeg,Lake Winnipeg South Basin,50.834617,-96.858125,MB,WHA,"Chlorinated Alkanes, SC (C10-C13), Total ",5,BDL,1,2018-10-01,Chlorinated Alkane,Short Chain Chlorinated Alkanes (C10-13) Total,Total Short Chain Chlorinated Alkanes (C10-13),NG/G wet,5,,NLET,B_ChlorinatedAlkanes_ISO
60459,Walleye,Sander,vitreus,49,1565,F,ADS,1,2013-10-15,2013,Lake Winnipeg,Lake Winnipeg South Basin,50.834617,-96.858125,MB,WHA,"13C10-1,5,5,6,6,10-hexachlorodecane      ",93.8,,1,2018-10-01,Chlorinated Alkane,"13C10-1,5,5,6,6,10-hexachlorodecane","13C10-1,5,5,6,6,10-hexachlorodecane",PCT,,,NLET,B_ChlorinatedAlkanes_ISO
60459,Walleye,Sander,vitreus,49,1565,F,ADS,1,2013-10-15,2013,Lake Winnipeg,Lake Winnipeg South Basin,50.834617,-96.858125,MB,WHA,"Chlorinated Alkanes, SC (C10-C13), Total ",5,BDL,1,2018-10-01,Chlorinated Alkane,Short Chain Chlorinated Alkanes (C10-13) Total,Total Short Chain Chlorinated Alkanes (C10-13),NG/G wet,5,,NLET,B_ChlorinatedAlkanes_ISO
60460,Walleye,Sander,vitreus,35.5,447,M,ADS,1,2013-10-15,2013,Lake Winnipeg,Lake Winnipeg South Basin,50.834617,-96.858125,MB,WHA,"13C10-1,5,5,6,6,10-hexachlorodecane      ",90.6,,1,2018-10-01,Chlorinated Alkane,"13C10-1,5,5,6,6,10-hexachlorodecane","13C10-1,5,5,6,6,10-hexachlorodecane",PCT,,,NLET,B_ChlorinatedAlkanes_ISO
60460,Walleye,Sander,vitreus,35.5,447,M,ADS,1,2013-10-15,2013,Lake Winnipeg,Lake Winnipeg South Basin,50.834617,-96.858125,MB,WHA,"Chlorinated Alkanes, SC (C10-C13), Total ",31.2,,1,2018-10-01,Chlorinated Alkane,Short Chain Chlorinated Alkanes (C10-13) Total,Total Short Chain Chlorinated Alkanes (C10-13),NG/G wet,5,,NLET,B_ChlorinatedAlkanes_ISO
60516,Walleye,Sander,vitreus,42,707.6,F,ADS,1,2013-09-20,2013,St. Lawrence River,St. Lawrence River,46.741468,-71.294742,QC,WHA,"13C10-1,5,5,6,6,10-hexachlorodecane",79.2,,1,2018-02-06,Chlorinated Alkane,"13C10-1,5,5,6,6,10-hexachlorodecane","13C10-1,5,5,6,6,10-hexachlorodecane",PCT,,,NLET,B_ChlorinatedAlkanes_ISO
60516,Walleye,Sander,vitreus,42,707.6,F,ADS,1,2013-09-20,2013,St. Lawrence River,St. Lawrence River,46.741468,-71.294742,QC,WHA,"Chlorinated Alkanes, SC (C10-C13), Total",11.6,,1,2018-02-06,Chlorinated Alkane,Short Chain Chlorinated Alkanes (C10-13) Total,Total Short Chain Chlorinated Alkanes (C10-13),NG/G wet,5,,NLET,B_ChlorinatedAlkanes_ISO
60517,Walleye,Sander,vitreus,42,763.3,F,ADS,1,2013-09-20,2013,St. Lawrence River,St. Lawrence River,46.741468,-71.294742,QC,WHA,"13C10-1,5,5,6,6,10-hexachlorodecane",74.5,,1,2018-02-06,Chlorinated Alkane,"13C10-1,5,5,6,6,10-hexachlorodecane","13C10-1,5,5,6,6,10-hexachlorodecane",PCT,,,NLET,B_ChlorinatedAlkanes_ISO
60517,Walleye,Sander,vitreus,42,763.3,F,ADS,1,2013-09-20,2013,St. Lawrence River,St. Lawrence River,46.741468,-71.294742,QC,WHA,"Chlorinated Alkanes, SC (C10-C13), Total",5,BDL,1,2018-02-06,Chlorinated Alkane,Short Chain Chlorinated Alkanes (C10-13) Total,Total Short Chain Chlorinated Alkanes (C10-13),NG/G wet,5,,NLET,B_ChlorinatedAlkanes_ISO
60520,Walleye,Sander,vitreus,33,399.9,UNK,IMM,1,2013-09-20,2013,St. Lawrence River,St. Lawrence River,46.741468,-71.294742,QC,WHA,"13C10-1,5,5,6,6,10-hexachlorodecane      ",107,,1,2018-10-01,Chlorinated Alkane,"13C10-1,5,5,6,6,10-hexachlorodecane","13C10-1,5,5,6,6,10-hexachlorodecane",PCT,,,NLET,B_ChlorinatedAlkanes_ISO
60520,Walleye,Sander,vitreus,33,399.9,UNK,IMM,1,2013-09-20,2013,St. Lawrence River,St. Lawrence River,46.741468,-71.294742,QC,WHA,"Chlorinated Alkanes, SC (C10-C13), Total ",5,BDL,1,2018-10-01,Chlorinated Alkane,Short Chain Chlorinated Alkanes (C10-13) Total,Total Short Chain Chlorinated Alkanes (C10-13),NG/G wet,5,,NLET,B_ChlorinatedAlkanes_ISO
60522,Walleye,Sander,vitreus,39,577,F,ADS,1,2013-09-20,2013,St. Lawrence River,St. Lawrence River,46.741468,-71.294742,QC,WHA,"13C10-1,5,5,6,6,10-hexachlorodecane      ",88.6,,1,2018-10-01,Chlorinated Alkane,"13C10-1,5,5,6,6,10-hexachlorodecane","13C10-1,5,5,6,6,10-hexachlorodecane",PCT,,,NLET,B_ChlorinatedAlkanes_ISO
60522,Walleye,Sander,vitreus,39,577,F,ADS,1,2013-09-20,2013,St. Lawrence River,St. Lawrence River,46.741468,-71.294742,QC,WHA,"Chlorinated Alkanes, SC (C10-C13), Total ",5,BDL,1,2018-10-01,Chlorinated Alkane,Short Chain Chlorinated Alkanes (C10-13) Total,Total Short Chain Chlorinated Alkanes (C10-13),NG/G wet,5,,NLET,B_ChlorinatedAlkanes_ISO
60523,Walleye,Sander,vitreus,41.5,677,F,ADS,1,2013-09-20,2013,St. Lawrence River,St. Lawrence River,46.741468,-71.294742,QC,WHA,"13C10-1,5,5,6,6,10-hexachlorodecane      ",113,,1,2018-10-01,Chlorinated Alkane,"13C10-1,5,5,6,6,10-hexachlorodecane","13C10-1,5,5,6,6,10-hexachlorodecane",PCT,,,NLET,B_ChlorinatedAlkanes_ISO
60523,Walleye,Sander,vitreus,41.5,677,F,ADS,1,2013-09-20,2013,St. Lawrence River,St. Lawrence River,46.741468,-71.294742,QC,WHA,"Chlorinated Alkanes, SC (C10-C13), Total ",5,BDL,1,2018-10-01,Chlorinated Alkane,Short Chain Chlorinated Alkanes (C10-13) Total,Total Short Chain Chlorinated Alkanes (C10-13),NG/G wet,5,,NLET,B_ChlorinatedAlkanes_ISO
60524,Walleye,Sander,vitreus,38.5,530.5,M,ADS,1,2013-09-20,2013,St. Lawrence River,St. Lawrence River,46.741468,-71.294742,QC,WHA,"13C10-1,5,5,6,6,10-hexachlorodecane      ",169,,1,2018-10-01,Chlorinated Alkane,"13C10-1,5,5,6,6,10-hexachlorodecane","13C10-1,5,5,6,6,10-hexachlorodecane",PCT,,,NLET,B_ChlorinatedAlkanes_ISO
60524,Walleye,Sander,vitreus,38.5,530.5,M,ADS,1,2013-09-20,2013,St. Lawrence River,St. Lawrence River,46.741468,-71.294742,QC,WHA,"Chlorinated Alkanes, SC (C10-C13), Total ",5,BDL,1,2018-10-01,Chlorinated Alkane,Short Chain Chlorinated Alkanes (C10-13) Total,Total Short Chain Chlorinated Alkanes (C10-13),NG/G wet,5,,NLET,B_ChlorinatedAlkanes_ISO
60662,Walleye,Sander,vitreus,65,2280,F,ADS,1,2013-11-15,2013,Lake Erie,Western Basin L Erie,41.8611,-82.83361,ON,WHA,"13C10-1,5,5,6,6,10-hexachlorodecane",108,,1,2018-02-08,Chlorinated Alkane,"13C10-1,5,5,6,6,10-hexachlorodecane","13C10-1,5,5,6,6,10-hexachlorodecane",PCT,,,NLET,B_ChlorinatedAlkanes_ISO
60662,Walleye,Sander,vitreus,65,2280,F,ADS,1,2013-11-15,2013,Lake Erie,Western Basin L Erie,41.8611,-82.83361,ON,WHA,"Chlorinated Alkanes, SC (C10-C13), Total",5,BDL,1,2018-02-08,Chlorinated Alkane,Short Chain Chlorinated Alkanes (C10-13) Total,Total Short Chain Chlorinated Alkanes (C10-13),NG/G wet,5,,NLET,B_ChlorinatedAlkanes_ISO
60666,Walleye,Sander,vitreus,52,1291.7,F,ADS,1,2013-11-15,2013,Lake Erie,Western Basin L Erie,41.8611,-82.83361,ON,WHA,"13C10-1,5,5,6,6,10-hexachlorodecane",134,,1,2018-02-08,Chlorinated Alkane,"13C10-1,5,5,6,6,10-hexachlorodecane","13C10-1,5,5,6,6,10-hexachlorodecane",PCT,,,NLET,B_ChlorinatedAlkanes_ISO
60666,Walleye,Sander,vitreus,52,1291.7,F,ADS,1,2013-11-15,2013,Lake Erie,Western Basin L Erie,41.8611,-82.83361,ON,WHA,"Chlorinated Alkanes, SC (C10-C13), Total",5,BDL,1,2018-02-08,Chlorinated Alkane,Short Chain Chlorinated Alkanes (C10-13) Total,Total Short Chain Chlorinated Alkanes (C10-13),NG/G wet,5,,NLET,B_ChlorinatedAlkanes_ISO
60667,Walleye,Sander,vitreus,66,2976,F,ADS,1,2013-11-15,2013,Lake Erie,Western Basin L Erie,41.8611,-82.83361,ON,WHA,"13C10-1,5,5,6,6,10-hexachlorodecane",40.5,,1,2018-06-21,Chlorinated Alkane,"13C10-1,5,5,6,6,10-hexachlorodecane","13C10-1,5,5,6,6,10-hexachlorodecane",PCT,,,NLET,B_ChlorinatedAlkanes_ISO
60667,Walleye,Sander,vitreus,66,2976,F,ADS,1,2013-11-15,2013,Lake Erie,Western Basin L Erie,41.8611,-82.83361,ON,WHA,"Chlorinated Alkanes, SC (C10-C13), Total",5,BDL,1,2018-06-21,Chlorinated Alkane,Short Chain Chlorinated Alkanes (C10-13) Total,Total Short Chain Chlorinated Alkanes (C10-13),NG/G wet,5,,NLET,B_ChlorinatedAlkanes_ISO
60671,Walleye,Sander,vitreus,53,1559.1,F,ADS,1,2013-11-15,2013,Lake Erie,Western Basin L Erie,41.8611,-82.83361,ON,WHA,"13C10-1,5,5,6,6,10-hexachlorodecane",49.9,,1,2018-06-21,Chlorinated Alkane,"13C10-1,5,5,6,6,10-hexachlorodecane","13C10-1,5,5,6,6,10-hexachlorodecane",PCT,,,NLET,B_ChlorinatedAlkanes_ISO
60671,Walleye,Sander,vitreus,53,1559.1,F,ADS,1,2013-11-15,2013,Lake Erie,Western Basin L Erie,41.8611,-82.83361,ON,WHA,"Chlorinated Alkanes, SC (C10-C13), Total",5,BDL,1,2018-06-21,Chlorinated Alkane,Short Chain Chlorinated Alkanes (C10-13) Total,Total Short Chain Chlorinated Alkanes (C10-13),NG/G wet,5,,NLET,B_ChlorinatedAlkanes_ISO
60672,Walleye,Sander,vitreus,61.8,2582,F,ADS,1,2013-11-15,2013,Lake Erie,Western Basin L Erie,41.8611,-82.83361,ON,WHA,"13C10-1,5,5,6,6,10-hexachlorodecane",37.2,,1,2018-06-21,Chlorinated Alkane,"13C10-1,5,5,6,6,10-hexachlorodecane","13C10-1,5,5,6,6,10-hexachlorodecane",PCT,,,NLET,B_ChlorinatedAlkanes_ISO
60672,Walleye,Sander,vitreus,61.8,2582,F,ADS,1,2013-11-15,2013,Lake Erie,Western Basin L Erie,41.8611,-82.83361,ON,WHA,"Chlorinated Alkanes, SC (C10-C13), Total",5,BDL,1,2018-06-21,Chlorinated Alkane,Short Chain Chlorinated Alkanes (C10-13) Total,Total Short Chain Chlorinated Alkanes (C10-13),NG/G wet,5,,NLET,B_ChlorinatedAlkanes_ISO
60673,Walleye,Sander,vitreus,56.8,1960.6,F,ADS,1,2013-11-15,2013,Lake Erie,Western Basin L Erie,41.8611,-82.83361,ON,WHA,"13C10-1,5,5,6,6,10-hexachlorodecane",46.9,,1,2018-06-21,Chlorinated Alkane,"13C10-1,5,5,6,6,10-hexachlorodecane","13C10-1,5,5,6,6,10-hexachlorodecane",PCT,,,NLET,B_ChlorinatedAlkanes_ISO
60673,Walleye,Sander,vitreus,56.8,1960.6,F,ADS,1,2013-11-15,2013,Lake Erie,Western Basin L Erie,41.8611,-82.83361,ON,WHA,"Chlorinated Alkanes, SC (C10-C13), Total",5,BDL,1,2018-06-21,Chlorinated Alkane,Short Chain Chlorinated Alkanes (C10-13) Total,Total Short Chain Chlorinated Alkanes (C10-13),NG/G wet,5,,NLET,B_ChlorinatedAlkanes_ISO
60674,Walleye,Sander,vitreus,50,1332,F,ADS,1,2013-11-15,2013,Lake Erie,Western Basin L Erie,41.8611,-82.83361,ON,WHA,"13C10-1,5,5,6,6,10-hexachlorodecane",46.8,,1,2018-06-21,Chlorinated Alkane,"13C10-1,5,5,6,6,10-hexachlorodecane","13C10-1,5,5,6,6,10-hexachlorodecane",PCT,,,NLET,B_ChlorinatedAlkanes_ISO
60674,Walleye,Sander,vitreus,50,1332,F,ADS,1,2013-11-15,2013,Lake Erie,Western Basin L Erie,41.8611,-82.83361,ON,WHA,"Chlorinated Alkanes, SC (C10-C13), Total",5,BDL,1,2018-06-21,Chlorinated Alkane,Short Chain Chlorinated Alkanes (C10-13) Total,Total Short Chain Chlorinated Alkanes (C10-13),NG/G wet,5,,NLET,B_ChlorinatedAlkanes_ISO
60678,Walleye,Sander,vitreus,52.5,1551,F,ADS,1,2013-11-15,2013,Lake Erie,Western Basin L Erie,41.8611,-82.83361,ON,WHA,"13C10-1,5,5,6,6,10-hexachlorodecane",50.1,,1,2018-06-21,Chlorinated Alkane,"13C10-1,5,5,6,6,10-hexachlorodecane","13C10-1,5,5,6,6,10-hexachlorodecane",PCT,,,NLET,B_ChlorinatedAlkanes_ISO
60678,Walleye,Sander,vitreus,52.5,1551,F,ADS,1,2013-11-15,2013,Lake Erie,Western Basin L Erie,41.8611,-82.83361,ON,WHA,"Chlorinated Alkanes, SC (C10-C13), Total",5,BDL,1,2018-06-21,Chlorinated Alkane,Short Chain Chlorinated Alkanes (C10-13) Total,Total Short Chain Chlorinated Alkanes (C10-13),NG/G wet,5,,NLET,B_ChlorinatedAlkanes_ISO
60679,Walleye,Sander,vitreus,57,2243,M,ADS,1,2013-11-15,2013,Lake Erie,Western Basin L Erie,41.8611,-82.83361,ON,WHA,"13C10-1,5,5,6,6,10-hexachlorodecane",44.8,,1,2018-06-21,Chlorinated Alkane,"13C10-1,5,5,6,6,10-hexachlorodecane","13C10-1,5,5,6,6,10-hexachlorodecane",PCT,,,NLET,B_ChlorinatedAlkanes_ISO
60679,Walleye,Sander,vitreus,57,2243,M,ADS,1,2013-11-15,2013,Lake Erie,Western Basin L Erie,41.8611,-82.83361,ON,WHA,"Chlorinated Alkanes, SC (C10-C13), Total",5,BDL,1,2018-06-21,Chlorinated Alkane,Short Chain Chlorinated Alkanes (C10-13) Total,Total Short Chain Chlorinated Alkanes (C10-13),NG/G wet,5,,NLET,B_ChlorinatedAlkanes_ISO
61715,Walleye,Sander,vitreus,44,871.2,M,ADS,1,2014-09-24,2014,Lake Diefenbaker,Lake Diefenbaker,50.655468,-107.959385,SK,WHA,"13C10-1,5,5,6,6,10-hexachlorodecane      ",106,,1,2023-10-26,Chlorinated Alkane,"13C10-1,5,5,6,6,10-hexachlorodecane","13C10-1,5,5,6,6,10-hexachlorodecane",PCT,,,NLET,B_ChlorinatedAlkanes_ISO
61715,Walleye,Sander,vitreus,44,871.2,M,ADS,1,2014-09-24,2014,Lake Diefenbaker,Lake Diefenbaker,50.655468,-107.959385,SK,WHA,"Chlorinated Alkanes, SC (C10-C13), Total ",50,L,1,2023-10-26,Chlorinated Alkane,Short Chain Chlorinated Alkanes (C10-13) Total,Total Short Chain Chlorinated Alkanes (C10-13),NG/G wet,5,,NLET,B_ChlorinatedAlkanes_ISO
61716,Walleye,Sander,vitreus,45,961,M,ADS,1,2014-09-24,2014,Lake Diefenbaker,Lake Diefenbaker,50.655468,-107.959385,SK,WHA,"13C10-1,5,5,6,6,10-hexachlorodecane      ",101,,1,2023-10-26,Chlorinated Alkane,"13C10-1,5,5,6,6,10-hexachlorodecane","13C10-1,5,5,6,6,10-hexachlorodecane",PCT,,,NLET,B_ChlorinatedAlkanes_ISO
61716,Walleye,Sander,vitreus,45,961,M,ADS,1,2014-09-24,2014,Lake Diefenbaker,Lake Diefenbaker,50.655468,-107.959385,SK,WHA,"Chlorinated Alkanes, SC (C10-C13), Total ",50,L,1,2023-10-26,Chlorinated Alkane,Short Chain Chlorinated Alkanes (C10-13) Total,Total Short Chain Chlorinated Alkanes (C10-13),NG/G wet,5,,NLET,B_ChlorinatedAlkanes_ISO
62583,Walleye,Sander,vitreus,48,1031,M,ADS,1,2015-10-06,2015,Lake Diefenbaker,Lake Diefenbaker,50.655468,-107.959385,SK,WHA,"13C10-1,5,5,6,6,10-hexachlorodecane      ",91.7,,1,2023-10-26,Chlorinated Alkane,"13C10-1,5,5,6,6,10-hexachlorodecane","13C10-1,5,5,6,6,10-hexachlorodecane",PCT,,,NLET,B_ChlorinatedAlkanes_ISO
62583,Walleye,Sander,vitreus,48,1031,M,ADS,1,2015-10-06,2015,Lake Diefenbaker,Lake Diefenbaker,50.655468,-107.959385,SK,WHA,"Chlorinated Alkanes, SC (C10-C13), Total ",50,L,1,2023-10-26,Chlorinated Alkane,Short Chain Chlorinated Alkanes (C10-13) Total,Total Short Chain Chlorinated Alkanes (C10-13),NG/G wet,5,,NLET,B_ChlorinatedAlkanes_ISO
62588,Walleye,Sander,vitreus,42,588.3,M,ADS,1,2015-10-06,2015,Lake Diefenbaker,Lake Diefenbaker,50.655468,-107.959385,SK,WHA,"13C10-1,5,5,6,6,10-hexachlorodecane      ",88.8,,1,2023-10-26,Chlorinated Alkane,"13C10-1,5,5,6,6,10-hexachlorodecane","13C10-1,5,5,6,6,10-hexachlorodecane",PCT,,,NLET,B_ChlorinatedAlkanes_ISO
62588,Walleye,Sander,vitreus,42,588.3,M,ADS,1,2015-10-06,2015,Lake Diefenbaker,Lake Diefenbaker,50.655468,-107.959385,SK,WHA,"Chlorinated Alkanes, SC (C10-C13), Total ",50,L,1,2023-10-26,Chlorinated Alkane,Short Chain Chlorinated Alkanes (C10-13) Total,Total Short Chain Chlorinated Alkanes (C10-13),NG/G wet,5,,NLET,B_ChlorinatedAlkanes_ISO
64552,Walleye,Sander,vitreus,39.5,499.2,F,ADS,1,2019-07-25,2019,St. Lawrence River,St. Lawrence River,46.67158889,-71.78784722,QC,WHA,"13C10-1,5,5,6,6,10-hexachlorodecane",85,,1,2024-02-20,Chlorinated Alkane,"13C10-1,5,5,6,6,10-hexachlorodecane","13C10-1,5,5,6,6,10-hexachlorodecane",PCT,,,NLET,B_ChlorinatedAlkanes_ISO
64552,Walleye,Sander,vitreus,39.5,499.2,F,ADS,1,2019-07-25,2019,St. Lawrence River,St. Lawrence River,46.67158889,-71.78784722,QC,WHA,"Chlorinated Alkanes, SC (C10-C13), Total",50,L,1,2024-02-20,Chlorinated Alkane,Short Chain Chlorinated Alkanes (C10-13) Total,Total Short Chain Chlorinated Alkanes (C10-13),NG/G wet,5,,NLET,B_ChlorinatedAlkanes_ISO
64554,Walleye,Sander,vitreus,39.3,469.9,M,ADS,1,2019-07-25,2019,St. Lawrence River,St. Lawrence River,46.67158889,-71.78784722,QC,WHA,"13C10-1,5,5,6,6,10-hexachlorodecane",96.8,,1,2024-02-20,Chlorinated Alkane,"13C10-1,5,5,6,6,10-hexachlorodecane","13C10-1,5,5,6,6,10-hexachlorodecane",PCT,,,NLET,B_ChlorinatedAlkanes_ISO
64554,Walleye,Sander,vitreus,39.3,469.9,M,ADS,1,2019-07-25,2019,St. Lawrence River,St. Lawrence River,46.67158889,-71.78784722,QC,WHA,"Chlorinated Alkanes, SC (C10-C13), Total",50,L,1,2024-02-20,Chlorinated Alkane,Short Chain Chlorinated Alkanes (C10-13) Total,Total Short Chain Chlorinated Alkanes (C10-13),NG/G wet,5,,NLET,B_ChlorinatedAlkanes_ISO
64555,Walleye,Sander,vitreus,36,363.1,M,ADS,1,2019-07-25,2019,St. Lawrence River,St. Lawrence River,46.67158889,-71.78784722,QC,WHA,"13C10-1,5,5,6,6,10-hexachlorodecane",123,,1,2024-02-20,Chlorinated Alkane,"13C10-1,5,5,6,6,10-hexachlorodecane","13C10-1,5,5,6,6,10-hexachlorodecane",PCT,,,NLET,B_ChlorinatedAlkanes_ISO
64555,Walleye,Sander,vitreus,36,363.1,M,ADS,1,2019-07-25,2019,St. Lawrence River,St. Lawrence River,46.67158889,-71.78784722,QC,WHA,"Chlorinated Alkanes, SC (C10-C13), Total",50,L,1,2024-02-20,Chlorinated Alkane,Short Chain Chlorinated Alkanes (C10-13) Total,Total Short Chain Chlorinated Alkanes (C10-13),NG/G wet,5,,NLET,B_ChlorinatedAlkanes_ISO
64556,Walleye,Sander,vitreus,37.5,411.3,M,ADS,1,2019-07-25,2019,St. Lawrence River,St. Lawrence River,46.67158889,-71.78784722,QC,WHA,"13C10-1,5,5,6,6,10-hexachlorodecane",108,,1,2024-02-20,Chlorinated Alkane,"13C10-1,5,5,6,6,10-hexachlorodecane","13C10-1,5,5,6,6,10-hexachlorodecane",PCT,,,NLET,B_ChlorinatedAlkanes_ISO
64556,Walleye,Sander,vitreus,37.5,411.3,M,ADS,1,2019-07-25,2019,St. Lawrence River,St. Lawrence River,46.67158889,-71.78784722,QC,WHA,"Chlorinated Alkanes, SC (C10-C13), Total",50,L,1,2024-02-20,Chlorinated Alkane,Short Chain Chlorinated Alkanes (C10-13) Total,Total Short Chain Chlorinated Alkanes (C10-13),NG/G wet,5,,NLET,B_ChlorinatedAlkanes_ISO
64557,Walleye,Sander,vitreus,36.5,395,M,ADS,1,2019-07-25,2019,St. Lawrence River,St. Lawrence River,46.67158889,-71.78784722,QC,WHA,"13C10-1,5,5,6,6,10-hexachlorodecane",102,,1,2024-02-20,Chlorinated Alkane,"13C10-1,5,5,6,6,10-hexachlorodecane","13C10-1,5,5,6,6,10-hexachlorodecane",PCT,,,NLET,B_ChlorinatedAlkanes_ISO
64557,Walleye,Sander,vitreus,36.5,395,M,ADS,1,2019-07-25,2019,St. Lawrence River,St. Lawrence River,46.67158889,-71.78784722,QC,WHA,"Chlorinated Alkanes, SC (C10-C13), Total",50,L,1,2024-02-20,Chlorinated Alkane,Short Chain Chlorinated Alkanes (C10-13) Total,Total Short Chain Chlorinated Alkanes (C10-13),NG/G wet,5,,NLET,B_ChlorinatedAlkanes_ISO
66562,Walleye,Sander,vitreus,47,944.2,M,ADS,1,2022-09-27,2022,Lake Diefenbaker,Lake Diefenbaker,50.655468,-107.959385,SK,WHA,"13C10-1,5,5,6,6,10-hexachlorodecane",98.6,,1,2025-09-17,Chlorinated Alkane,"13C10-1,5,5,6,6,10-hexachlorodecane","13C10-1,5,5,6,6,10-hexachlorodecane",PCT,,,NLET,B_ChlorinatedAlkanes_ISO
66562,Walleye,Sander,vitreus,47,944.2,M,ADS,1,2022-09-27,2022,Lake Diefenbaker,Lake Diefenbaker,50.655468,-107.959385,SK,WHA,"Chlorinated Alkanes, SC (C10-C13), Total",50,BDL,1,2025-09-17,Chlorinated Alkane,Short Chain Chlorinated Alkanes (C10-13) Total,Total Short Chain Chlorinated Alkanes (C10-13),NG/G wet,5,,NLET,B_ChlorinatedAlkanes_ISO
66562,Walleye,Sander,vitreus,47,944.2,M,ADS,1,2022-09-27,2022,Lake Diefenbaker,Lake Diefenbaker,50.655468,-107.959385,SK,WHA,13C12-Beta-Hexabromocyclododecane,66.7,,1,2026-01-26,Chlorinated Alkane,Chlorinated alkane surrogate,13C12-Beta-Hexabromocyclododecane,PCT,,,NLET,B_ChlorinatedAlkanes_MC_Biota
66562,Walleye,Sander,vitreus,47,944.2,M,ADS,1,2022-09-27,2022,Lake Diefenbaker,Lake Diefenbaker,50.655468,-107.959385,SK,WHA,"Chlorinated Alkanes, LC (C18-C20), Total",4.32,ND,1,2026-01-26,Chlorinated Alkane,"Long Chain Chlorinated Alkanes (C18-C20), Total","Long Chain Chlorinated Alkanes (C18-C20), Total",NG/G wet,,,NLET,B_ChlorinatedAlkanes_MC_Biota
66562,Walleye,Sander,vitreus,47,944.2,M,ADS,1,2022-09-27,2022,Lake Diefenbaker,Lake Diefenbaker,50.655468,-107.959385,SK,WHA,"Chlorinated Alkanes, MC (C14-C17), Total",3.73,ND,1,2026-01-26,Chlorinated Alkane,Medium Chain Chlorinated Paraffins (C14-17) Total,Medium Chain Chlorinated Paraffins (C14-17) Total,NG/G wet,,,NLET,B_ChlorinatedAlkanes_MC_Biota
66563,Walleye,Sander,vitreus,44,955.2,M,ADS,1,2022-09-27,2022,Lake Diefenbaker,Lake Diefenbaker,50.655468,-107.959385,SK,WHA,"13C10-1,5,5,6,6,10-hexachlorodecane",105,,1,2025-09-17,Chlorinated Alkane,"13C10-1,5,5,6,6,10-hexachlorodecane","13C10-1,5,5,6,6,10-hexachlorodecane",PCT,,,NLET,B_ChlorinatedAlkanes_ISO
66563,Walleye,Sander,vitreus,44,955.2,M,ADS,1,2022-09-27,2022,Lake Diefenbaker,Lake Diefenbaker,50.655468,-107.959385,SK,WHA,"Chlorinated Alkanes, SC (C10-C13), Total",50,BDL,1,2025-09-17,Chlorinated Alkane,Short Chain Chlorinated Alkanes (C10-13) Total,Total Short Chain Chlorinated Alkanes (C10-13),NG/G wet,5,,NLET,B_ChlorinatedAlkanes_ISO
66563,Walleye,Sander,vitreus,44,955.2,M,ADS,1,2022-09-27,2022,Lake Diefenbaker,Lake Diefenbaker,50.655468,-107.959385,SK,WHA,13C12-Beta-Hexabromocyclododecane,68.3,,1,2026-01-26,Chlorinated Alkane,Chlorinated alkane surrogate,13C12-Beta-Hexabromocyclododecane,PCT,,,NLET,B_ChlorinatedAlkanes_MC_Biota
66563,Walleye,Sander,vitreus,44,955.2,M,ADS,1,2022-09-27,2022,Lake Diefenbaker,Lake Diefenbaker,50.655468,-107.959385,SK,WHA,"Chlorinated Alkanes, LC (C18-C20), Total",4.3,ND,1,2026-01-26,Chlorinated Alkane,"Long Chain Chlorinated Alkanes (C18-C20), Total","Long Chain Chlorinated Alkanes (C18-C20), Total",NG/G wet,,,NLET,B_ChlorinatedAlkanes_MC_Biota
66563,Walleye,Sander,vitreus,44,955.2,M,ADS,1,2022-09-27,2022,Lake Diefenbaker,Lake Diefenbaker,50.655468,-107.959385,SK,WHA,"Chlorinated Alkanes, MC (C14-C17), Total",3.71,ND,1,2026-01-26,Chlorinated Alkane,Medium Chain Chlorinated Paraffins (C14-17) Total,Medium Chain Chlorinated Paraffins (C14-17) Total,NG/G wet,,,NLET,B_ChlorinatedAlkanes_MC_Biota
66566,Walleye,Sander,vitreus,47.8,1164,F,ADS,1,2022-09-27,2022,Lake Diefenbaker,Lake Diefenbaker,50.655468,-107.959385,SK,WHA,"13C10-1,5,5,6,6,10-hexachlorodecane",146,,1,2025-09-17,Chlorinated Alkane,"13C10-1,5,5,6,6,10-hexachlorodecane","13C10-1,5,5,6,6,10-hexachlorodecane",PCT,,,NLET,B_ChlorinatedAlkanes_ISO
66566,Walleye,Sander,vitreus,47.8,1164,F,ADS,1,2022-09-27,2022,Lake Diefenbaker,Lake Diefenbaker,50.655468,-107.959385,SK,WHA,"Chlorinated Alkanes, SC (C10-C13), Total",50,BDL,1,2025-09-17,Chlorinated Alkane,Short Chain Chlorinated Alkanes (C10-13) Total,Total Short Chain Chlorinated Alkanes (C10-13),NG/G wet,5,,NLET,B_ChlorinatedAlkanes_ISO
66566,Walleye,Sander,vitreus,47.8,1164,F,ADS,1,2022-09-27,2022,Lake Diefenbaker,Lake Diefenbaker,50.655468,-107.959385,SK,WHA,13C12-Beta-Hexabromocyclododecane,66.4,,1,2026-01-26,Chlorinated Alkane,Chlorinated alkane surrogate,13C12-Beta-Hexabromocyclododecane,PCT,,,NLET,B_ChlorinatedAlkanes_MC_Biota
66566,Walleye,Sander,vitreus,47.8,1164,F,ADS,1,2022-09-27,2022,Lake Diefenbaker,Lake Diefenbaker,50.655468,-107.959385,SK,WHA,"Chlorinated Alkanes, LC (C18-C20), Total",4.34,ND,1,2026-01-26,Chlorinated Alkane,"Long Chain Chlorinated Alkanes (C18-C20), Total","Long Chain Chlorinated Alkanes (C18-C20), Total",NG/G wet,,,NLET,B_ChlorinatedAlkanes_MC_Biota
66566,Walleye,Sander,vitreus,47.8,1164,F,ADS,1,2022-09-27,2022,Lake Diefenbaker,Lake Diefenbaker,50.655468,-107.959385,SK,WHA,"Chlorinated Alkanes, MC (C14-C17), Total",3.75,ND,1,2026-01-26,Chlorinated Alkane,Medium Chain Chlorinated Paraffins (C14-17) Total,Medium Chain Chlorinated Paraffins (C14-17) Total,NG/G wet,,,NLET,B_ChlorinatedAlkanes_MC_Biota
66569,Walleye,Sander,vitreus,43.5,811.4,M,ADS,1,2022-09-27,2022,Lake Diefenbaker,Lake Diefenbaker,50.655468,-107.959385,SK,WHA,"13C10-1,5,5,6,6,10-hexachlorodecane",92.9,,1,2025-09-17,Chlorinated Alkane,"13C10-1,5,5,6,6,10-hexachlorodecane","13C10-1,5,5,6,6,10-hexachlorodecane",PCT,,,NLET,B_ChlorinatedAlkanes_ISO
66569,Walleye,Sander,vitreus,43.5,811.4,M,ADS,1,2022-09-27,2022,Lake Diefenbaker,Lake Diefenbaker,50.655468,-107.959385,SK,WHA,"Chlorinated Alkanes, SC (C10-C13), Total",50,BDL,1,2025-09-17,Chlorinated Alkane,Short Chain Chlorinated Alkanes (C10-13) Total,Total Short Chain Chlorinated Alkanes (C10-13),NG/G wet,5,,NLET,B_ChlorinatedAlkanes_ISO
66569,Walleye,Sander,vitreus,43.5,811.4,M,ADS,1,2022-09-27,2022,Lake Diefenbaker,Lake Diefenbaker,50.655468,-107.959385,SK,WHA,13C12-Beta-Hexabromocyclododecane,56.5,,1,2026-01-26,Chlorinated Alkane,Chlorinated alkane surrogate,13C12-Beta-Hexabromocyclododecane,PCT,,,NLET,B_ChlorinatedAlkanes_MC_Biota
66569,Walleye,Sander,vitreus,43.5,811.4,M,ADS,1,2022-09-27,2022,Lake Diefenbaker,Lake Diefenbaker,50.655468,-107.959385,SK,WHA,"Chlorinated Alkanes, LC (C18-C20), Total",4.38,ND,1,2026-01-26,Chlorinated Alkane,"Long Chain Chlorinated Alkanes (C18-C20), Total","Long Chain Chlorinated Alkanes (C18-C20), Total",NG/G wet,,,NLET,B_ChlorinatedAlkanes_MC_Biota
66569,Walleye,Sander,vitreus,43.5,811.4,M,ADS,1,2022-09-27,2022,Lake Diefenbaker,Lake Diefenbaker,50.655468,-107.959385,SK,WHA,"Chlorinated Alkanes, MC (C14-C17), Total",3.78,ND,1,2026-01-26,Chlorinated Alkane,Medium Chain Chlorinated Paraffins (C14-17) Total,Medium Chain Chlorinated Paraffins (C14-17) Total,NG/G wet,,,NLET,B_ChlorinatedAlkanes_MC_Biota
66573,Walleye,Sander,vitreus,48.9,1196.8,F,ADS,1,2022-09-27,2022,Lake Diefenbaker,Lake Diefenbaker,50.655468,-107.959385,SK,WHA,"13C10-1,5,5,6,6,10-hexachlorodecane",131,,1,2025-09-17,Chlorinated Alkane,"13C10-1,5,5,6,6,10-hexachlorodecane","13C10-1,5,5,6,6,10-hexachlorodecane",PCT,,,NLET,B_ChlorinatedAlkanes_ISO
66573,Walleye,Sander,vitreus,48.9,1196.8,F,ADS,1,2022-09-27,2022,Lake Diefenbaker,Lake Diefenbaker,50.655468,-107.959385,SK,WHA,"Chlorinated Alkanes, SC (C10-C13), Total",50,BDL,1,2025-09-17,Chlorinated Alkane,Short Chain Chlorinated Alkanes (C10-13) Total,Total Short Chain Chlorinated Alkanes (C10-13),NG/G wet,5,,NLET,B_ChlorinatedAlkanes_ISO
66573,Walleye,Sander,vitreus,48.9,1196.8,F,ADS,1,2022-09-27,2022,Lake Diefenbaker,Lake Diefenbaker,50.655468,-107.959385,SK,WHA,13C12-Beta-Hexabromocyclododecane,73.5,,1,2026-01-26,Chlorinated Alkane,Chlorinated alkane surrogate,13C12-Beta-Hexabromocyclododecane,PCT,,,NLET,B_ChlorinatedAlkanes_MC_Biota
66573,Walleye,Sander,vitreus,48.9,1196.8,F,ADS,1,2022-09-27,2022,Lake Diefenbaker,Lake Diefenbaker,50.655468,-107.959385,SK,WHA,"Chlorinated Alkanes, LC (C18-C20), Total",4.23,ND,1,2026-01-26,Chlorinated Alkane,"Long Chain Chlorinated Alkanes (C18-C20), Total","Long Chain Chlorinated Alkanes (C18-C20), Total",NG/G wet,,,NLET,B_ChlorinatedAlkanes_MC_Biota
66573,Walleye,Sander,vitreus,48.9,1196.8,F,ADS,1,2022-09-27,2022,Lake Diefenbaker,Lake Diefenbaker,50.655468,-107.959385,SK,WHA,"Chlorinated Alkanes, MC (C14-C17), Total",3.65,ND,1,2026-01-26,Chlorinated Alkane,Medium Chain Chlorinated Paraffins (C14-17) Total,Medium Chain Chlorinated Paraffins (C14-17) Total,NG/G wet,,,NLET,B_ChlorinatedAlkanes_MC_Biota
66675,Walleye,Sander,vitreus,38,438.3,M,ADS,1,2022-09-28,2022,Columbia River,Columbia River,49.084222,-117.629671,BC,WHA,"13C10-1,5,5,6,6,10-hexachlorodecane",85.2,,1,2024-02-20,Chlorinated Alkane,"13C10-1,5,5,6,6,10-hexachlorodecane","13C10-1,5,5,6,6,10-hexachlorodecane",PCT,,,NLET,B_ChlorinatedAlkanes_ISO
66675,Walleye,Sander,vitreus,38,438.3,M,ADS,1,2022-09-28,2022,Columbia River,Columbia River,49.084222,-117.629671,BC,WHA,"Chlorinated Alkanes, SC (C10-C13), Total",50,L,1,2024-02-20,Chlorinated Alkane,Short Chain Chlorinated Alkanes (C10-13) Total,Total Short Chain Chlorinated Alkanes (C10-13),NG/G wet,5,,NLET,B_ChlorinatedAlkanes_ISO
66675,Walleye,Sander,vitreus,38,438.3,M,ADS,1,2022-09-28,2022,Columbia River,Columbia River,49.084222,-117.629671,BC,WHA,13C12-Beta-Hexabromocyclododecane,57.3,,1,2026-01-26,Chlorinated Alkane,Chlorinated alkane surrogate,13C12-Beta-Hexabromocyclododecane,PCT,,,NLET,B_ChlorinatedAlkanes_MC_Biota
66675,Walleye,Sander,vitreus,38,438.3,M,ADS,1,2022-09-28,2022,Columbia River,Columbia River,49.084222,-117.629671,BC,WHA,"Chlorinated Alkanes, LC (C18-C20), Total",4.23,ND,1,2026-01-26,Chlorinated Alkane,"Long Chain Chlorinated Alkanes (C18-C20), Total","Long Chain Chlorinated Alkanes (C18-C20), Total",NG/G wet,,,NLET,B_ChlorinatedAlkanes_MC_Biota
66675,Walleye,Sander,vitreus,38,438.3,M,ADS,1,2022-09-28,2022,Columbia River,Columbia River,49.084222,-117.629671,BC,WHA,"Chlorinated Alkanes, MC (C14-C17), Total",3.65,ND,1,2026-01-26,Chlorinated Alkane,Medium Chain Chlorinated Paraffins (C14-17) Total,Medium Chain Chlorinated Paraffins (C14-17) Total,NG/G wet,,,NLET,B_ChlorinatedAlkanes_MC_Biota
66676,Walleye,Sander,vitreus,37.5,495.7,M,ADS,1,2022-09-28,2022,Columbia River,Columbia River,49.084222,-117.629671,BC,WHA,"13C10-1,5,5,6,6,10-hexachlorodecane",94.9,,1,2024-02-20,Chlorinated Alkane,"13C10-1,5,5,6,6,10-hexachlorodecane","13C10-1,5,5,6,6,10-hexachlorodecane",PCT,,,NLET,B_ChlorinatedAlkanes_ISO
66676,Walleye,Sander,vitreus,37.5,495.7,M,ADS,1,2022-09-28,2022,Columbia River,Columbia River,49.084222,-117.629671,BC,WHA,"Chlorinated Alkanes, SC (C10-C13), Total",50,L,1,2024-02-20,Chlorinated Alkane,Short Chain Chlorinated Alkanes (C10-13) Total,Total Short Chain Chlorinated Alkanes (C10-13),NG/G wet,5,,NLET,B_ChlorinatedAlkanes_ISO
66676,Walleye,Sander,vitreus,37.5,495.7,M,ADS,1,2022-09-28,2022,Columbia River,Columbia River,49.084222,-117.629671,BC,WHA,13C12-Beta-Hexabromocyclododecane,69.4,,1,2026-01-26,Chlorinated Alkane,Chlorinated alkane surrogate,13C12-Beta-Hexabromocyclododecane,PCT,,,NLET,B_ChlorinatedAlkanes_MC_Biota
66676,Walleye,Sander,vitreus,37.5,495.7,M,ADS,1,2022-09-28,2022,Columbia River,Columbia River,49.084222,-117.629671,BC,WHA,"Chlorinated Alkanes, LC (C18-C20), Total",4.27,ND,1,2026-01-26,Chlorinated Alkane,"Long Chain Chlorinated Alkanes (C18-C20), Total","Long Chain Chlorinated Alkanes (C18-C20), Total",NG/G wet,,,NLET,B_ChlorinatedAlkanes_MC_Biota
66676,Walleye,Sander,vitreus,37.5,495.7,M,ADS,1,2022-09-28,2022,Columbia River,Columbia River,49.084222,-117.629671,BC,WHA,"Chlorinated Alkanes, MC (C14-C17), Total",3.68,ND,1,2026-01-26,Chlorinated Alkane,Medium Chain Chlorinated Paraffins (C14-17) Total,Medium Chain Chlorinated Paraffins (C14-17) Total,NG/G wet,,,NLET,B_ChlorinatedAlkanes_MC_Biota
66677,Walleye,Sander,vitreus,37.1,396.5,M,ADS,1,2022-09-28,2022,Columbia River,Columbia River,49.084222,-117.629671,BC,WHA,"13C10-1,5,5,6,6,10-hexachlorodecane",56.3,,1,2024-02-20,Chlorinated Alkane,"13C10-1,5,5,6,6,10-hexachlorodecane","13C10-1,5,5,6,6,10-hexachlorodecane",PCT,,,NLET,B_ChlorinatedAlkanes_ISO
66677,Walleye,Sander,vitreus,37.1,396.5,M,ADS,1,2022-09-28,2022,Columbia River,Columbia River,49.084222,-117.629671,BC,WHA,"Chlorinated Alkanes, SC (C10-C13), Total",50,L,1,2024-02-20,Chlorinated Alkane,Short Chain Chlorinated Alkanes (C10-13) Total,Total Short Chain Chlorinated Alkanes (C10-13),NG/G wet,5,,NLET,B_ChlorinatedAlkanes_ISO
66677,Walleye,Sander,vitreus,37.1,396.5,M,ADS,1,2022-09-28,2022,Columbia River,Columbia River,49.084222,-117.629671,BC,WHA,13C12-Beta-Hexabromocyclododecane,58.5,,1,2026-01-26,Chlorinated Alkane,Chlorinated alkane surrogate,13C12-Beta-Hexabromocyclododecane,PCT,,,NLET,B_ChlorinatedAlkanes_MC_Biota
66677,Walleye,Sander,vitreus,37.1,396.5,M,ADS,1,2022-09-28,2022,Columbia River,Columbia River,49.084222,-117.629671,BC,WHA,"Chlorinated Alkanes, LC (C18-C20), Total",4.18,ND,1,2026-01-26,Chlorinated Alkane,"Long Chain Chlorinated Alkanes (C18-C20), Total","Long Chain Chlorinated Alkanes (C18-C20), Total",NG/G wet,,,NLET,B_ChlorinatedAlkanes_MC_Biota
66677,Walleye,Sander,vitreus,37.1,396.5,M,ADS,1,2022-09-28,2022,Columbia River,Columbia River,49.084222,-117.629671,BC,WHA,"Chlorinated Alkanes, MC (C14-C17), Total",3.61,ND,1,2026-01-26,Chlorinated Alkane,Medium Chain Chlorinated Paraffins (C14-17) Total,Medium Chain Chlorinated Paraffins (C14-17) Total,NG/G wet,,,NLET,B_ChlorinatedAlkanes_MC_Biota
66679,Walleye,Sander,vitreus,40.5,796,M,ADS,1,2022-09-28,2022,Columbia River,Columbia River,49.084222,-117.629671,BC,WHA,"13C10-1,5,5,6,6,10-hexachlorodecane",102,,1,2024-02-20,Chlorinated Alkane,"13C10-1,5,5,6,6,10-hexachlorodecane","13C10-1,5,5,6,6,10-hexachlorodecane",PCT,,,NLET,B_ChlorinatedAlkanes_ISO
66679,Walleye,Sander,vitreus,40.5,796,M,ADS,1,2022-09-28,2022,Columbia River,Columbia River,49.084222,-117.629671,BC,WHA,"Chlorinated Alkanes, SC (C10-C13), Total",50,L,1,2024-02-20,Chlorinated Alkane,Short Chain Chlorinated Alkanes (C10-13) Total,Total Short Chain Chlorinated Alkanes (C10-13),NG/G wet,5,,NLET,B_ChlorinatedAlkanes_ISO
66679,Walleye,Sander,vitreus,40.5,796,M,ADS,1,2022-09-28,2022,Columbia River,Columbia River,49.084222,-117.629671,BC,WHA,13C12-Beta-Hexabromocyclododecane,82.3,,1,2026-01-26,Chlorinated Alkane,Chlorinated alkane surrogate,13C12-Beta-Hexabromocyclododecane,PCT,,,NLET,B_ChlorinatedAlkanes_MC_Biota
66679,Walleye,Sander,vitreus,40.5,796,M,ADS,1,2022-09-28,2022,Columbia River,Columbia River,49.084222,-117.629671,BC,WHA,"Chlorinated Alkanes, LC (C18-C20), Total",4.27,ND,1,2026-01-26,Chlorinated Alkane,"Long Chain Chlorinated Alkanes (C18-C20), Total","Long Chain Chlorinated Alkanes (C18-C20), Total",NG/G wet,,,NLET,B_ChlorinatedAlkanes_MC_Biota
66679,Walleye,Sander,vitreus,40.5,796,M,ADS,1,2022-09-28,2022,Columbia River,Columbia River,49.084222,-117.629671,BC,WHA,"Chlorinated Alkanes, MC (C14-C17), Total",4.11,,1,2026-01-26,Chlorinated Alkane,Medium Chain Chlorinated Paraffins (C14-17) Total,Medium Chain Chlorinated Paraffins (C14-17) Total,NG/G wet,,,NLET,B_ChlorinatedAlkanes_MC_Biota
66680,Walleye,Sander,vitreus,36,377.9,M,ADS,1,2022-09-28,2022,Columbia River,Columbia River,49.084222,-117.629671,BC,WHA,"13C10-1,5,5,6,6,10-hexachlorodecane",95.6,,1,2024-02-20,Chlorinated Alkane,"13C10-1,5,5,6,6,10-hexachlorodecane","13C10-1,5,5,6,6,10-hexachlorodecane",PCT,,,NLET,B_ChlorinatedAlkanes_ISO
66680,Walleye,Sander,vitreus,36,377.9,M,ADS,1,2022-09-28,2022,Columbia River,Columbia River,49.084222,-117.629671,BC,WHA,"Chlorinated Alkanes, SC (C10-C13), Total",50,L,1,2024-02-20,Chlorinated Alkane,Short Chain Chlorinated Alkanes (C10-13) Total,Total Short Chain Chlorinated Alkanes (C10-13),NG/G wet,5,,NLET,B_ChlorinatedAlkanes_ISO
66680,Walleye,Sander,vitreus,36,377.9,M,ADS,1,2022-09-28,2022,Columbia River,Columbia River,49.084222,-117.629671,BC,WHA,13C12-Beta-Hexabromocyclododecane,73.8,,1,2026-01-26,Chlorinated Alkane,Chlorinated alkane surrogate,13C12-Beta-Hexabromocyclododecane,PCT,,,NLET,B_ChlorinatedAlkanes_MC_Biota
66680,Walleye,Sander,vitreus,36,377.9,M,ADS,1,2022-09-28,2022,Columbia River,Columbia River,49.084222,-117.629671,BC,WHA,"Chlorinated Alkanes, LC (C18-C20), Total",3.96,ND,1,2026-01-26,Chlorinated Alkane,"Long Chain Chlorinated Alkanes (C18-C20), Total","Long Chain Chlorinated Alkanes (C18-C20), Total",NG/G wet,,,NLET,B_ChlorinatedAlkanes_MC_Biota
66680,Walleye,Sander,vitreus,36,377.9,M,ADS,1,2022-09-28,2022,Columbia River,Columbia River,49.084222,-117.629671,BC,WHA,"Chlorinated Alkanes, MC (C14-C17), Total",3.84,,1,2026-01-26,Chlorinated Alkane,Medium Chain Chlorinated Paraffins (C14-17) Total,Medium Chain Chlorinated Paraffins (C14-17) Total,NG/G wet,,,NLET,B_ChlorinatedAlkanes_MC_Biota
66790,Walleye,Sander,vitreus,39.1,592.8,M,ADS,1,2022-08-28,2022,St. Lawrence River,St. Lawrence River,46.67158889,-71.78784722,QC,WHA,13C12-Beta-Hexabromocyclododecane,58.4,,1,2026-02-04,Chlorinated Alkane,Chlorinated alkane surrogate,13C12-Beta-Hexabromocyclododecane,PCT,,,NLET,B_ChlorinatedAlkanes_MC_Biota
66790,Walleye,Sander,vitreus,39.1,592.8,M,ADS,1,2022-08-28,2022,St. Lawrence River,St. Lawrence River,46.67158889,-71.78784722,QC,WHA,"Chlorinated Alkanes, LC (C18-C20), Total",4.29,ND,1,2026-02-04,Chlorinated Alkane,"Long Chain Chlorinated Alkanes (C18-C20), Total","Long Chain Chlorinated Alkanes (C18-C20), Total",NG/G wet,,,NLET,B_ChlorinatedAlkanes_MC_Biota
66790,Walleye,Sander,vitreus,39.1,592.8,M,ADS,1,2022-08-28,2022,St. Lawrence River,St. Lawrence River,46.67158889,-71.78784722,QC,WHA,"Chlorinated Alkanes, MC (C14-C17), Total",3.7,ND,1,2026-02-04,Chlorinated Alkane,Medium Chain Chlorinated Paraffins (C14-17) Total,Medium Chain Chlorinated Paraffins (C14-17) Total,NG/G wet,,,NLET,B_ChlorinatedAlkanes_MC_Biota
66791,Walleye,Sander,vitreus,38,540.4,M,ADS,1,2022-08-28,2022,St. Lawrence River,St. Lawrence River,46.67158889,-71.78784722,QC,WHA,13C12-Beta-Hexabromocyclododecane,58.7,,1,2026-02-04,Chlorinated Alkane,Chlorinated alkane surrogate,13C12-Beta-Hexabromocyclododecane,PCT,,,NLET,B_ChlorinatedAlkanes_MC_Biota
66791,Walleye,Sander,vitreus,38,540.4,M,ADS,1,2022-08-28,2022,St. Lawrence River,St. Lawrence River,46.67158889,-71.78784722,QC,WHA,"Chlorinated Alkanes, LC (C18-C20), Total",4.32,ND,1,2026-02-04,Chlorinated Alkane,"Long Chain Chlorinated Alkanes (C18-C20), Total","Long Chain Chlorinated Alkanes (C18-C20), Total",NG/G wet,,,NLET,B_ChlorinatedAlkanes_MC_Biota
66791,Walleye,Sander,vitreus,38,540.4,M,ADS,1,2022-08-28,2022,St. Lawrence River,St. Lawrence River,46.67158889,-71.78784722,QC,WHA,"Chlorinated Alkanes, MC (C14-C17), Total",3.73,ND,1,2026-02-04,Chlorinated Alkane,Medium Chain Chlorinated Paraffins (C14-17) Total,Medium Chain Chlorinated Paraffins (C14-17) Total,NG/G wet,,,NLET,B_ChlorinatedAlkanes_MC_Biota
66799,Walleye,Sander,vitreus,38,474.3,M,ADS,1,2022-08-28,2022,St. Lawrence River,St. Lawrence River,46.67158889,-71.78784722,QC,WHA,13C12-Beta-Hexabromocyclododecane,63.9,,1,2026-02-04,Chlorinated Alkane,Chlorinated alkane surrogate,13C12-Beta-Hexabromocyclododecane,PCT,,,NLET,B_ChlorinatedAlkanes_MC_Biota
66799,Walleye,Sander,vitreus,38,474.3,M,ADS,1,2022-08-28,2022,St. Lawrence River,St. Lawrence River,46.67158889,-71.78784722,QC,WHA,"Chlorinated Alkanes, LC (C18-C20), Total",4.23,ND,1,2026-02-04,Chlorinated Alkane,"Long Chain Chlorinated Alkanes (C18-C20), Total","Long Chain Chlorinated Alkanes (C18-C20), Total",NG/G wet,,,NLET,B_ChlorinatedAlkanes_MC_Biota
66799,Walleye,Sander,vitreus,38,474.3,M,ADS,1,2022-08-28,2022,St. Lawrence River,St. Lawrence River,46.67158889,-71.78784722,QC,WHA,"Chlorinated Alkanes, MC (C14-C17), Total",3.65,ND,1,2026-02-04,Chlorinated Alkane,Medium Chain Chlorinated Paraffins (C14-17) Total,Medium Chain Chlorinated Paraffins (C14-17) Total,NG/G wet,,,NLET,B_ChlorinatedAlkanes_MC_Biota
66800,Walleye,Sander,vitreus,38.5,482.8,F,ADS,1,2022-08-28,2022,St. Lawrence River,St. Lawrence River,46.67158889,-71.78784722,QC,WHA,13C12-Beta-Hexabromocyclododecane,63.7,,1,2026-02-04,Chlorinated Alkane,Chlorinated alkane surrogate,13C12-Beta-Hexabromocyclododecane,PCT,,,NLET,B_ChlorinatedAlkanes_MC_Biota
66800,Walleye,Sander,vitreus,38.5,482.8,F,ADS,1,2022-08-28,2022,St. Lawrence River,St. Lawrence River,46.67158889,-71.78784722,QC,WHA,"Chlorinated Alkanes, LC (C18-C20), Total",4.36,ND,1,2026-02-04,Chlorinated Alkane,"Long Chain Chlorinated Alkanes (C18-C20), Total","Long Chain Chlorinated Alkanes (C18-C20), Total",NG/G wet,,,NLET,B_ChlorinatedAlkanes_MC_Biota
66800,Walleye,Sander,vitreus,38.5,482.8,F,ADS,1,2022-08-28,2022,St. Lawrence River,St. Lawrence River,46.67158889,-71.78784722,QC,WHA,"Chlorinated Alkanes, MC (C14-C17), Total",3.76,ND,1,2026-02-04,Chlorinated Alkane,Medium Chain Chlorinated Paraffins (C14-17) Total,Medium Chain Chlorinated Paraffins (C14-17) Total,NG/G wet,,,NLET,B_ChlorinatedAlkanes_MC_Biota
66806,Walleye,Sander,vitreus,38.2,602.8,M,ADS,1,2022-08-28,2022,St. Lawrence River,St. Lawrence River,46.67158889,-71.78784722,QC,WHA,13C12-Beta-Hexabromocyclododecane,65.6,,1,2026-02-04,Chlorinated Alkane,Chlorinated alkane surrogate,13C12-Beta-Hexabromocyclododecane,PCT,,,NLET,B_ChlorinatedAlkanes_MC_Biota
66806,Walleye,Sander,vitreus,38.2,602.8,M,ADS,1,2022-08-28,2022,St. Lawrence River,St. Lawrence River,46.67158889,-71.78784722,QC,WHA,"Chlorinated Alkanes, LC (C18-C20), Total",4.13,ND,1,2026-02-04,Chlorinated Alkane,"Long Chain Chlorinated Alkanes (C18-C20), Total","Long Chain Chlorinated Alkanes (C18-C20), Total",NG/G wet,,,NLET,B_ChlorinatedAlkanes_MC_Biota
66806,Walleye,Sander,vitreus,38.2,602.8,M,ADS,1,2022-08-28,2022,St. Lawrence River,St. Lawrence River,46.67158889,-71.78784722,QC,WHA,"Chlorinated Alkanes, MC (C14-C17), Total",3.56,ND,1,2026-02-04,Chlorinated Alkane,Medium Chain Chlorinated Paraffins (C14-17) Total,Medium Chain Chlorinated Paraffins (C14-17) Total,NG/G wet,,,NLET,B_ChlorinatedAlkanes_MC_Biota
67362,Walleye,Sander,vitreus,42,577.2,M,ADS,1,2023-06-15,2023,Lake Winnipeg,Lake Winnipeg South Basin,50.834617,-96.858125,MB,WHA,"13C10-1,5,5,6,6,10-hexachlorodecane",138,,1,2025-09-17,Chlorinated Alkane,"13C10-1,5,5,6,6,10-hexachlorodecane","13C10-1,5,5,6,6,10-hexachlorodecane",PCT,,,NLET,B_ChlorinatedAlkanes_ISO
67362,Walleye,Sander,vitreus,42,577.2,M,ADS,1,2023-06-15,2023,Lake Winnipeg,Lake Winnipeg South Basin,50.834617,-96.858125,MB,WHA,"Chlorinated Alkanes, SC (C10-C13), Total",50,BDL,1,2025-09-17,Chlorinated Alkane,Short Chain Chlorinated Alkanes (C10-13) Total,Total Short Chain Chlorinated Alkanes (C10-13),NG/G wet,5,,NLET,B_ChlorinatedAlkanes_ISO
67362,Walleye,Sander,vitreus,42,577.2,M,ADS,1,2023-06-15,2023,Lake Winnipeg,Lake Winnipeg South Basin,50.834617,-96.858125,MB,WHA,13C12-Beta-Hexabromocyclododecane,64.5,,1,2026-02-20,Chlorinated Alkane,Chlorinated alkane surrogate,13C12-Beta-Hexabromocyclododecane,PCT,,,NLET,B_ChlorinatedAlkanes_MC_Biota
67362,Walleye,Sander,vitreus,42,577.2,M,ADS,1,2023-06-15,2023,Lake Winnipeg,Lake Winnipeg South Basin,50.834617,-96.858125,MB,WHA,"Chlorinated Alkanes, LC (C18-C20), Total",4.4,ND,1,2026-02-20,Chlorinated Alkane,"Long Chain Chlorinated Alkanes (C18-C20), Total","Long Chain Chlorinated Alkanes (C18-C20), Total",NG/G wet,,,NLET,B_ChlorinatedAlkanes_MC_Biota
67362,Walleye,Sander,vitreus,42,577.2,M,ADS,1,2023-06-15,2023,Lake Winnipeg,Lake Winnipeg South Basin,50.834617,-96.858125,MB,WHA,"Chlorinated Alkanes, MC (C14-C17), Total",3.8,ND,1,2026-02-20,Chlorinated Alkane,Medium Chain Chlorinated Paraffins (C14-17) Total,Medium Chain Chlorinated Paraffins (C14-17) Total,NG/G wet,,,NLET,B_ChlorinatedAlkanes_MC_Biota
67363,Walleye,Sander,vitreus,39,568.7,M,ADS,1,2023-06-15,2023,Lake Winnipeg,Lake Winnipeg South Basin,50.834617,-96.858125,MB,WHA,"13C10-1,5,5,6,6,10-hexachlorodecane",141,,1,2025-09-17,Chlorinated Alkane,"13C10-1,5,5,6,6,10-hexachlorodecane","13C10-1,5,5,6,6,10-hexachlorodecane",PCT,,,NLET,B_ChlorinatedAlkanes_ISO
67363,Walleye,Sander,vitreus,39,568.7,M,ADS,1,2023-06-15,2023,Lake Winnipeg,Lake Winnipeg South Basin,50.834617,-96.858125,MB,WHA,"Chlorinated Alkanes, SC (C10-C13), Total",50,BDL,1,2025-09-17,Chlorinated Alkane,Short Chain Chlorinated Alkanes (C10-13) Total,Total Short Chain Chlorinated Alkanes (C10-13),NG/G wet,5,,NLET,B_ChlorinatedAlkanes_ISO
67363,Walleye,Sander,vitreus,39,568.7,M,ADS,1,2023-06-15,2023,Lake Winnipeg,Lake Winnipeg South Basin,50.834617,-96.858125,MB,WHA,13C12-Beta-Hexabromocyclododecane,63.7,,1,2026-02-20,Chlorinated Alkane,Chlorinated alkane surrogate,13C12-Beta-Hexabromocyclododecane,PCT,,,NLET,B_ChlorinatedAlkanes_MC_Biota
67363,Walleye,Sander,vitreus,39,568.7,M,ADS,1,2023-06-15,2023,Lake Winnipeg,Lake Winnipeg South Basin,50.834617,-96.858125,MB,WHA,13C12-Beta-Hexabromocyclododecane,64.2,,2,2026-02-20,Chlorinated Alkane,Chlorinated alkane surrogate,13C12-Beta-Hexabromocyclododecane,PCT,,,NLET,B_ChlorinatedAlkanes_MC_Biota
67363,Walleye,Sander,vitreus,39,568.7,M,ADS,1,2023-06-15,2023,Lake Winnipeg,Lake Winnipeg South Basin,50.834617,-96.858125,MB,WHA,"Chlorinated Alkanes, LC (C18-C20), Total",4.38,ND,1,2026-02-20,Chlorinated Alkane,"Long Chain Chlorinated Alkanes (C18-C20), Total","Long Chain Chlorinated Alkanes (C18-C20), Total",NG/G wet,,,NLET,B_ChlorinatedAlkanes_MC_Biota
67363,Walleye,Sander,vitreus,39,568.7,M,ADS,1,2023-06-15,2023,Lake Winnipeg,Lake Winnipeg South Basin,50.834617,-96.858125,MB,WHA,"Chlorinated Alkanes, LC (C18-C20), Total",3.87,ND,2,2026-02-20,Chlorinated Alkane,"Long Chain Chlorinated Alkanes (C18-C20), Total","Long Chain Chlorinated Alkanes (C18-C20), Total",NG/G wet,,,NLET,B_ChlorinatedAlkanes_MC_Biota
67363,Walleye,Sander,vitreus,39,568.7,M,ADS,1,2023-06-15,2023,Lake Winnipeg,Lake Winnipeg South Basin,50.834617,-96.858125,MB,WHA,"Chlorinated Alkanes, MC (C14-C17), Total",3.78,ND,1,2026-02-20,Chlorinated Alkane,Medium Chain Chlorinated Paraffins (C14-17) Total,Medium Chain Chlorinated Paraffins (C14-17) Total,NG/G wet,,,NLET,B_ChlorinatedAlkanes_MC_Biota
67363,Walleye,Sander,vitreus,39,568.7,M,ADS,1,2023-06-15,2023,Lake Winnipeg,Lake Winnipeg South Basin,50.834617,-96.858125,MB,WHA,"Chlorinated Alkanes, MC (C14-C17), Total",3.34,ND,2,2026-02-20,Chlorinated Alkane,Medium Chain Chlorinated Paraffins (C14-17) Total,Medium Chain Chlorinated Paraffins (C14-17) Total,NG/G wet,,,NLET,B_ChlorinatedAlkanes_MC_Biota
67364,Walleye,Sander,vitreus,41.2,604.1,F,ADS,1,2023-06-15,2023,Lake Winnipeg,Lake Winnipeg South Basin,50.834617,-96.858125,MB,WHA,"13C10-1,5,5,6,6,10-hexachlorodecane",152,,1,2025-09-17,Chlorinated Alkane,"13C10-1,5,5,6,6,10-hexachlorodecane","13C10-1,5,5,6,6,10-hexachlorodecane",PCT,,,NLET,B_ChlorinatedAlkanes_ISO
67364,Walleye,Sander,vitreus,41.2,604.1,F,ADS,1,2023-06-15,2023,Lake Winnipeg,Lake Winnipeg South Basin,50.834617,-96.858125,MB,WHA,"Chlorinated Alkanes, SC (C10-C13), Total",50,BDL,1,2025-09-17,Chlorinated Alkane,Short Chain Chlorinated Alkanes (C10-13) Total,Total Short Chain Chlorinated Alkanes (C10-13),NG/G wet,5,,NLET,B_ChlorinatedAlkanes_ISO
67364,Walleye,Sander,vitreus,41.2,604.1,F,ADS,1,2023-06-15,2023,Lake Winnipeg,Lake Winnipeg South Basin,50.834617,-96.858125,MB,WHA,13C12-Beta-Hexabromocyclododecane,56.7,,1,2026-02-20,Chlorinated Alkane,Chlorinated alkane surrogate,13C12-Beta-Hexabromocyclododecane,PCT,,,NLET,B_ChlorinatedAlkanes_MC_Biota
67364,Walleye,Sander,vitreus,41.2,604.1,F,ADS,1,2023-06-15,2023,Lake Winnipeg,Lake Winnipeg South Basin,50.834617,-96.858125,MB,WHA,"Chlorinated Alkanes, LC (C18-C20), Total",4.11,ND,1,2026-02-20,Chlorinated Alkane,"Long Chain Chlorinated Alkanes (C18-C20), Total","Long Chain Chlorinated Alkanes (C18-C20), Total",NG/G wet,,,NLET,B_ChlorinatedAlkanes_MC_Biota
67364,Walleye,Sander,vitreus,41.2,604.1,F,ADS,1,2023-06-15,2023,Lake Winnipeg,Lake Winnipeg South Basin,50.834617,-96.858125,MB,WHA,"Chlorinated Alkanes, MC (C14-C17), Total",3.55,ND,1,2026-02-20,Chlorinated Alkane,Medium Chain Chlorinated Paraffins (C14-17) Total,Medium Chain Chlorinated Paraffins (C14-17) Total,NG/G wet,,,NLET,B_ChlorinatedAlkanes_MC_Biota
67365,Walleye,Sander,vitreus,39,490,M,,,2023-06-15,2023,Lake Winnipeg,Lake Winnipeg South Basin,50.834617,-96.858125,MB,WHA,"13C10-1,5,5,6,6,10-hexachlorodecane",139,,1,2025-09-17,Chlorinated Alkane,"13C10-1,5,5,6,6,10-hexachlorodecane","13C10-1,5,5,6,6,10-hexachlorodecane",PCT,,,NLET,B_ChlorinatedAlkanes_ISO
67365,Walleye,Sander,vitreus,39,490,M,,,2023-06-15,2023,Lake Winnipeg,Lake Winnipeg South Basin,50.834617,-96.858125,MB,WHA,"Chlorinated Alkanes, SC (C10-C13), Total",50,BDL,1,2025-09-17,Chlorinated Alkane,Short Chain Chlorinated Alkanes (C10-13) Total,Total Short Chain Chlorinated Alkanes (C10-13),NG/G wet,5,,NLET,B_ChlorinatedAlkanes_ISO
67365,Walleye,Sander,vitreus,39,490,M,,,2023-06-15,2023,Lake Winnipeg,Lake Winnipeg South Basin,50.834617,-96.858125,MB,WHA,13C12-Beta-Hexabromocyclododecane,68.5,,1,2026-02-20,Chlorinated Alkane,Chlorinated alkane surrogate,13C12-Beta-Hexabromocyclododecane,PCT,,,NLET,B_ChlorinatedAlkanes_MC_Biota
67365,Walleye,Sander,vitreus,39,490,M,,,2023-06-15,2023,Lake Winnipeg,Lake Winnipeg South Basin,50.834617,-96.858125,MB,WHA,"Chlorinated Alkanes, LC (C18-C20), Total",4.41,ND,1,2026-02-20,Chlorinated Alkane,"Long Chain Chlorinated Alkanes (C18-C20), Total","Long Chain Chlorinated Alkanes (C18-C20), Total",NG/G wet,,,NLET,B_ChlorinatedAlkanes_MC_Biota
67365,Walleye,Sander,vitreus,39,490,M,,,2023-06-15,2023,Lake Winnipeg,Lake Winnipeg South Basin,50.834617,-96.858125,MB,WHA,"Chlorinated Alkanes, MC (C14-C17), Total",5.25,,1,2026-02-20,Chlorinated Alkane,Medium Chain Chlorinated Paraffins (C14-17) Total,Medium Chain Chlorinated Paraffins (C14-17) Total,NG/G wet,,,NLET,B_ChlorinatedAlkanes_MC_Biota
67366,Walleye,Sander,vitreus,39.1,483.1,M,,,2023-06-15,2023,Lake Winnipeg,Lake Winnipeg South Basin,50.834617,-96.858125,MB,WHA,"13C10-1,5,5,6,6,10-hexachlorodecane",136,,1,2025-09-17,Chlorinated Alkane,"13C10-1,5,5,6,6,10-hexachlorodecane","13C10-1,5,5,6,6,10-hexachlorodecane",PCT,,,NLET,B_ChlorinatedAlkanes_ISO
67366,Walleye,Sander,vitreus,39.1,483.1,M,,,2023-06-15,2023,Lake Winnipeg,Lake Winnipeg South Basin,50.834617,-96.858125,MB,WHA,"Chlorinated Alkanes, SC (C10-C13), Total",50,BDL,1,2025-09-17,Chlorinated Alkane,Short Chain Chlorinated Alkanes (C10-13) Total,Total Short Chain Chlorinated Alkanes (C10-13),NG/G wet,5,,NLET,B_ChlorinatedAlkanes_ISO
67366,Walleye,Sander,vitreus,39.1,483.1,M,,,2023-06-15,2023,Lake Winnipeg,Lake Winnipeg South Basin,50.834617,-96.858125,MB,WHA,13C12-Beta-Hexabromocyclododecane,64.3,,1,2026-02-20,Chlorinated Alkane,Chlorinated alkane surrogate,13C12-Beta-Hexabromocyclododecane,PCT,,,NLET,B_ChlorinatedAlkanes_MC_Biota
67366,Walleye,Sander,vitreus,39.1,483.1,M,,,2023-06-15,2023,Lake Winnipeg,Lake Winnipeg South Basin,50.834617,-96.858125,MB,WHA,"Chlorinated Alkanes, LC (C18-C20), Total",4.05,ND,1,2026-02-20,Chlorinated Alkane,"Long Chain Chlorinated Alkanes (C18-C20), Total","Long Chain Chlorinated Alkanes (C18-C20), Total",NG/G wet,,,NLET,B_ChlorinatedAlkanes_MC_Biota
67366,Walleye,Sander,vitreus,39.1,483.1,M,,,2023-06-15,2023,Lake Winnipeg,Lake Winnipeg South Basin,50.834617,-96.858125,MB,WHA,"Chlorinated Alkanes, MC (C14-C17), Total",3.5,ND,1,2026-02-20,Chlorinated Alkane,Medium Chain Chlorinated Paraffins (C14-17) Total,Medium Chain Chlorinated Paraffins (C14-17) Total,NG/G wet,,,NLET,B_ChlorinatedAlkanes_MC_Biota
67535,Walleye,Sander,vitreus,48,907.5,F,,1,2024-05-14,2024,Lake Erie,Western Basin L Erie,41.8611,-82.83361,ON,WHA,13C12-Beta-Hexabromocyclododecane,62.4,,1,2026-02-20,Chlorinated Alkane,Chlorinated alkane surrogate,13C12-Beta-Hexabromocyclododecane,PCT,,,NLET,B_ChlorinatedAlkanes_MC_Biota
67535,Walleye,Sander,vitreus,48,907.5,F,,1,2024-05-14,2024,Lake Erie,Western Basin L Erie,41.8611,-82.83361,ON,WHA,"Chlorinated Alkanes, LC (C18-C20), Total",4.31,ND,1,2026-02-20,Chlorinated Alkane,"Long Chain Chlorinated Alkanes (C18-C20), Total","Long Chain Chlorinated Alkanes (C18-C20), Total",NG/G wet,,,NLET,B_ChlorinatedAlkanes_MC_Biota
67535,Walleye,Sander,vitreus,48,907.5,F,,1,2024-05-14,2024,Lake Erie,Western Basin L Erie,41.8611,-82.83361,ON,WHA,"Chlorinated Alkanes, MC (C14-C17), Total",5.16,,1,2026-02-20,Chlorinated Alkane,Medium Chain Chlorinated Paraffins (C14-17) Total,Medium Chain Chlorinated Paraffins (C14-17) Total,NG/G wet,,,NLET,B_ChlorinatedAlkanes_MC_Biota
67537,Walleye,Sander,vitreus,45,897.1,F,,1,2024-05-14,2024,Lake Erie,Western Basin L Erie,41.8611,-82.83361,ON,WHA,13C12-Beta-Hexabromocyclododecane,64.8,,1,2026-02-20,Chlorinated Alkane,Chlorinated alkane surrogate,13C12-Beta-Hexabromocyclododecane,PCT,,,NLET,B_ChlorinatedAlkanes_MC_Biota
67537,Walleye,Sander,vitreus,45,897.1,F,,1,2024-05-14,2024,Lake Erie,Western Basin L Erie,41.8611,-82.83361,ON,WHA,"Chlorinated Alkanes, LC (C18-C20), Total",4.33,ND,1,2026-02-20,Chlorinated Alkane,"Long Chain Chlorinated Alkanes (C18-C20), Total","Long Chain Chlorinated Alkanes (C18-C20), Total",NG/G wet,,,NLET,B_ChlorinatedAlkanes_MC_Biota
67537,Walleye,Sander,vitreus,45,897.1,F,,1,2024-05-14,2024,Lake Erie,Western Basin L Erie,41.8611,-82.83361,ON,WHA,"Chlorinated Alkanes, MC (C14-C17), Total",3.73,ND,1,2026-02-20,Chlorinated Alkane,Medium Chain Chlorinated Paraffins (C14-17) Total,Medium Chain Chlorinated Paraffins (C14-17) Total,NG/G wet,,,NLET,B_ChlorinatedAlkanes_MC_Biota
67539,Walleye,Sander,vitreus,45.5,817.1,F,,1,2024-05-14,2024,Lake Erie,Western Basin L Erie,41.8611,-82.83361,ON,WHA,13C12-Beta-Hexabromocyclododecane,59.2,,1,2026-02-20,Chlorinated Alkane,Chlorinated alkane surrogate,13C12-Beta-Hexabromocyclododecane,PCT,,,NLET,B_ChlorinatedAlkanes_MC_Biota
67539,Walleye,Sander,vitreus,45.5,817.1,F,,1,2024-05-14,2024,Lake Erie,Western Basin L Erie,41.8611,-82.83361,ON,WHA,"Chlorinated Alkanes, LC (C18-C20), Total",4.35,ND,1,2026-02-20,Chlorinated Alkane,"Long Chain Chlorinated Alkanes (C18-C20), Total","Long Chain Chlorinated Alkanes (C18-C20), Total",NG/G wet,,,NLET,B_ChlorinatedAlkanes_MC_Biota
67539,Walleye,Sander,vitreus,45.5,817.1,F,,1,2024-05-14,2024,Lake Erie,Western Basin L Erie,41.8611,-82.83361,ON,WHA,"Chlorinated Alkanes, MC (C14-C17), Total",3.75,ND,1,2026-02-20,Chlorinated Alkane,Medium Chain Chlorinated Paraffins (C14-17) Total,Medium Chain Chlorinated Paraffins (C14-17) Total,NG/G wet,,,NLET,B_ChlorinatedAlkanes_MC_Biota
67541,Walleye,Sander,vitreus,44,1003.8,F,,1,2024-05-14,2024,Lake Erie,Western Basin L Erie,41.8611,-82.83361,ON,WHA,13C12-Beta-Hexabromocyclododecane,76.3,,1,2026-02-20,Chlorinated Alkane,Chlorinated alkane surrogate,13C12-Beta-Hexabromocyclododecane,PCT,,,NLET,B_ChlorinatedAlkanes_MC_Biota
67541,Walleye,Sander,vitreus,44,1003.8,F,,1,2024-05-14,2024,Lake Erie,Western Basin L Erie,41.8611,-82.83361,ON,WHA,"Chlorinated Alkanes, LC (C18-C20), Total",4.06,ND,1,2026-02-20,Chlorinated Alkane,"Long Chain Chlorinated Alkanes (C18-C20), Total","Long Chain Chlorinated Alkanes (C18-C20), Total",NG/G wet,,,NLET,B_ChlorinatedAlkanes_MC_Biota
67541,Walleye,Sander,vitreus,44,1003.8,F,,1,2024-05-14,2024,Lake Erie,Western Basin L Erie,41.8611,-82.83361,ON,WHA,"Chlorinated Alkanes, MC (C14-C17), Total",3.5,ND,1,2026-02-20,Chlorinated Alkane,Medium Chain Chlorinated Paraffins (C14-17) Total,Medium Chain Chlorinated Paraffins (C14-17) Total,NG/G wet,,,NLET,B_ChlorinatedAlkanes_MC_Biota
67551,Walleye,Sander,vitreus,44,861.4,F,,1,2024-05-14,2024,Lake Erie,Western Basin L Erie,41.8611,-82.83361,ON,WHA,13C12-Beta-Hexabromocyclododecane,67.6,,1,2026-02-20,Chlorinated Alkane,Chlorinated alkane surrogate,13C12-Beta-Hexabromocyclododecane,PCT,,,NLET,B_ChlorinatedAlkanes_MC_Biota
67551,Walleye,Sander,vitreus,44,861.4,F,,1,2024-05-14,2024,Lake Erie,Western Basin L Erie,41.8611,-82.83361,ON,WHA,"Chlorinated Alkanes, LC (C18-C20), Total",4.07,ND,1,2026-02-20,Chlorinated Alkane,"Long Chain Chlorinated Alkanes (C18-C20), Total","Long Chain Chlorinated Alkanes (C18-C20), Total",NG/G wet,,,NLET,B_ChlorinatedAlkanes_MC_Biota
67551,Walleye,Sander,vitreus,44,861.4,F,,1,2024-05-14,2024,Lake Erie,Western Basin L Erie,41.8611,-82.83361,ON,WHA,"Chlorinated Alkanes, MC (C14-C17), Total",3.51,ND,1,2026-02-20,Chlorinated Alkane,Medium Chain Chlorinated Paraffins (C14-17) Total,Medium Chain Chlorinated Paraffins (C14-17) Total,NG/G wet,,,NLET,B_ChlorinatedAlkanes_MC_Biota
